{
    "frames": [
        {
            "media_type": "video",
            "stream_index": 0,
            "key_frame": 1,
            "pts": 0,
            "pts_time": "0.000000",
            "pkt_dts": 0,
            "pkt_dts_time": "0.000000",
            "best_effort_timestamp": 0,
            "best_effort_timestamp_time": "0.000000",
            "duration": 512,
            "duration_time": "0.040000",
            "pkt_pos": "2582",
            "pkt_size": "929650",
            "width": 1920,
            "height": 1080,
            "crop_top": 0,
            "crop_bottom": 0,
            "crop_left": 0,
            "crop_right": 0,
            "pix_fmt": "yuv420p",
            "pict_type": "I",
            "interlaced_frame": 0,
            "top_field_first": 0,
            "lossless": 0,
            "repeat_pict": 0,
            "color_range": "tv",
            "color_space": "bt709",
            "color_primaries": "bt709",
            "color_transfer": "iec61966-2-1",
            "chroma_location": "left",
            "side_data_list": [
                {
                    "side_data_type": "H.26[45] User Data Unregistered SEI message"
                }
            ]
        },
        {
            "media_type": "video",
            "stream_index": 0,
            "key_frame": 0,
            "pts": 512,
            "pts_time": "0.040000",
            "pkt_dts": 512,
            "pkt_dts_time": "0.040000",
            "best_effort_timestamp": 512,
            "best_effort_timestamp_time": "0.040000",
            "duration": 512,
            "duration_time": "0.040000",
            "pkt_pos": "989472",
            "pkt_size": "2213",
            "width": 1920,
            "height": 1080,
            "crop_top": 0,
            "crop_bottom": 0,
            "crop_left": 0,
            "crop_right": 0,
            "pix_fmt": "yuv420p",
            "pict_type": "B",
            "interlaced_frame": 0,
            "top_field_first": 0,
            "lossless": 0,
            "repeat_pict": 0,
            "color_range": "tv",
            "color_space": "bt709",
            "color_primaries": "bt709",
            "color_transfer": "iec61966-2-1",
            "chroma_location": "left"
        },
        {
            "media_type": "video",
            "stream_index": 0,
            "key_frame": 0,
            "pts": 1024,
            "pts_time": "0.080000",
            "pkt_dts": 1024,
            "pkt_dts_time": "0.080000",
            "best_effort_timestamp": 1024,
            "best_effort_timestamp_time": "0.080000",
            "duration": 512,
            "duration_time": "0.040000",
            "pkt_pos": "932232",
            "pkt_size": "57240",
            "width": 1920,
            "height": 1080,
            "crop_top": 0,
            "crop_bottom": 0,
            "crop_left": 0,
            "crop_right": 0,
            "pix_fmt": "yuv420p",
            "pict_type": "P",
            "interlaced_frame": 0,
            "top_field_first": 0,
            "lossless": 0,
            "repeat_pict": 0,
            "color_range": "tv",
            "color_space": "bt709",
            "color_primaries": "bt709",
            "color_transfer": "iec61966-2-1",
            "chroma_location": "left"
        },
        {
            "media_type": "video",
            "stream_index": 0,
            "key_frame": 0,
            "pts": 1536,
            "pts_time": "0.120000",
            "pkt_dts": 1536,
            "pkt_dts_time": "0.120000",
            "best_effort_timestamp": 1536,
            "best_effort_timestamp_time": "0.120000",
            "duration": 512,
            "duration_time": "0.040000",
            "pkt_pos": "1042309",
            "pkt_size": "2162",
            "width": 1920,
            "height": 1080,
            "crop_top": 0,
            "crop_bottom": 0,
            "crop_left": 0,
            "crop_right": 0,
            "pix_fmt": "yuv420p",
            "pict_type": "B",
            "interlaced_frame": 0,
            "top_field_first": 0,
            "lossless": 0,
            "repeat_pict": 0,
            "color_range": "tv",
            "color_space": "bt709",
            "color_primaries": "bt709",
            "color_transfer": "iec61966-2-1",
            "chroma_location": "left"
        },
        {
            "media_type": "video",
            "stream_index": 0,
            "key_frame": 0,
            "pts": 2048,
            "pts_time": "0.160000",
            "pkt_dts": 2048,
            "pkt_dts_time": "0.160000",
            "best_effort_timestamp": 2048,
            "best_effort_timestamp_time": "0.160000",
            "duration": 512,
            "duration_time": "0.040000",
            "pkt_pos": "1037805",
            "pkt_size": "4504",
            "width": 1920,
            "height": 1080,
            "crop_top": 0,
            "crop_bottom": 0,
            "crop_left": 0,
            "crop_right": 0,
            "pix_fmt": "yuv420p",
            "pict_type": "B",
            "interlaced_frame": 0,
            "top_field_first": 0,
            "lossless": 0,
            "repeat_pict": 0,
            "color_range": "tv",
            "color_space": "bt709",
            "color_primaries": "bt709",
            "color_transfer": "iec61966-2-1",
            "chroma_location": "left"
        },
        {
            "media_type": "video",
            "stream_index": 0,
            "key_frame": 0,
            "pts": 2560,
            "pts_time": "0.200000",
            "pkt_dts": 2560,
            "pkt_dts_time": "0.200000",
            "best_effort_timestamp": 2560,
            "best_effort_timestamp_time": "0.200000",
            "duration": 512,
            "duration_time": "0.040000",
            "pkt_pos": "1044471",
            "pkt_size": "1208",
            "width": 1920,
            "height": 1080,
            "crop_top": 0,
            "crop_bottom": 0,
            "crop_left": 0,
            "crop_right": 0,
            "pix_fmt": "yuv420p",
            "pict_type": "B",
            "interlaced_frame": 0,
            "top_field_first": 0,
            "lossless": 0,
            "repeat_pict": 0,
            "color_range": "tv",
            "color_space": "bt709",
            "color_primaries": "bt709",
            "color_transfer": "iec61966-2-1",
            "chroma_location": "left"
        },
        {
            "media_type": "video",
            "stream_index": 0,
            "key_frame": 0,
            "pts": 3072,
            "pts_time": "0.240000",
            "pkt_dts": 3072,
            "pkt_dts_time": "0.240000",
            "best_effort_timestamp": 3072,
            "best_effort_timestamp_time": "0.240000",
            "duration": 512,
            "duration_time": "0.040000",
            "pkt_pos": "991685",
            "pkt_size": "46120",
            "width": 1920,
            "height": 1080,
            "crop_top": 0,
            "crop_bottom": 0,
            "crop_left": 0,
            "crop_right": 0,
            "pix_fmt": "yuv420p",
            "pict_type": "P",
            "interlaced_frame": 0,
            "top_field_first": 0,
            "lossless": 0,
            "repeat_pict": 0,
            "color_range": "tv",
            "color_space": "bt709",
            "color_primaries": "bt709",
            "color_transfer": "iec61966-2-1",
            "chroma_location": "left"
        },
        {
            "media_type": "video",
            "stream_index": 0,
            "key_frame": 0,
            "pts": 3584,
            "pts_time": "0.280000",
            "pkt_dts": 3584,
            "pkt_dts_time": "0.280000",
            "best_effort_timestamp": 3584,
            "best_effort_timestamp_time": "0.280000",
            "duration": 512,
            "duration_time": "0.040000",
            "pkt_pos": "1077274",
            "pkt_size": "1473",
            "width": 1920,
            "height": 1080,
            "crop_top": 0,
            "crop_bottom": 0,
            "crop_left": 0,
            "crop_right": 0,
            "pix_fmt": "yuv420p",
            "pict_type": "B",
            "interlaced_frame": 0,
            "top_field_first": 0,
            "lossless": 0,
            "repeat_pict": 0,
            "color_range": "tv",
            "color_space": "bt709",
            "color_primaries": "bt709",
            "color_transfer": "iec61966-2-1",
            "chroma_location": "left"
        },
        {
            "media_type": "video",
            "stream_index": 0,
            "key_frame": 0,
            "pts": 4096,
            "pts_time": "0.320000",
            "pkt_dts": 4096,
            "pkt_dts_time": "0.320000",
            "best_effort_timestamp": 4096,
            "best_effort_timestamp_time": "0.320000",
            "duration": 512,
            "duration_time": "0.040000",
            "pkt_pos": "1074322",
            "pkt_size": "2952",
            "width": 1920,
            "height": 1080,
            "crop_top": 0,
            "crop_bottom": 0,
            "crop_left": 0,
            "crop_right": 0,
            "pix_fmt": "yuv420p",
            "pict_type": "B",
            "interlaced_frame": 0,
            "top_field_first": 0,
            "lossless": 0,
            "repeat_pict": 0,
            "color_range": "tv",
            "color_space": "bt709",
            "color_primaries": "bt709",
            "color_transfer": "iec61966-2-1",
            "chroma_location": "left"
        },
        {
            "media_type": "video",
            "stream_index": 0,
            "key_frame": 0,
            "pts": 4608,
            "pts_time": "0.360000",
            "pkt_dts": 4608,
            "pkt_dts_time": "0.360000",
            "best_effort_timestamp": 4608,
            "best_effort_timestamp_time": "0.360000",
            "duration": 512,
            "duration_time": "0.040000",
            "pkt_pos": "1078747",
            "pkt_size": "1133",
            "width": 1920,
            "height": 1080,
            "crop_top": 0,
            "crop_bottom": 0,
            "crop_left": 0,
            "crop_right": 0,
            "pix_fmt": "yuv420p",
            "pict_type": "B",
            "interlaced_frame": 0,
            "top_field_first": 0,
            "lossless": 0,
            "repeat_pict": 0,
            "color_range": "tv",
            "color_space": "bt709",
            "color_primaries": "bt709",
            "color_transfer": "iec61966-2-1",
            "chroma_location": "left"
        },
        {
            "media_type": "video",
            "stream_index": 0,
            "key_frame": 0,
            "pts": 5120,
            "pts_time": "0.400000",
            "pkt_dts": 5120,
            "pkt_dts_time": "0.400000",
            "best_effort_timestamp": 5120,
            "best_effort_timestamp_time": "0.400000",
            "duration": 512,
            "duration_time": "0.040000",
            "pkt_pos": "1045679",
            "pkt_size": "28643",
            "width": 1920,
            "height": 1080,
            "crop_top": 0,
            "crop_bottom": 0,
            "crop_left": 0,
            "crop_right": 0,
            "pix_fmt": "yuv420p",
            "pict_type": "P",
            "interlaced_frame": 0,
            "top_field_first": 0,
            "lossless": 0,
            "repeat_pict": 0,
            "color_range": "tv",
            "color_space": "bt709",
            "color_primaries": "bt709",
            "color_transfer": "iec61966-2-1",
            "chroma_location": "left"
        },
        {
            "media_type": "video",
            "stream_index": 0,
            "key_frame": 0,
            "pts": 5632,
            "pts_time": "0.440000",
            "pkt_dts": 5632,
            "pkt_dts_time": "0.440000",
            "best_effort_timestamp": 5632,
            "best_effort_timestamp_time": "0.440000",
            "duration": 512,
            "duration_time": "0.040000",
            "pkt_pos": "1112739",
            "pkt_size": "1537",
            "width": 1920,
            "height": 1080,
            "crop_top": 0,
            "crop_bottom": 0,
            "crop_left": 0,
            "crop_right": 0,
            "pix_fmt": "yuv420p",
            "pict_type": "B",
            "interlaced_frame": 0,
            "top_field_first": 0,
            "lossless": 0,
            "repeat_pict": 0,
            "color_range": "tv",
            "color_space": "bt709",
            "color_primaries": "bt709",
            "color_transfer": "iec61966-2-1",
            "chroma_location": "left"
        },
        {
            "media_type": "video",
            "stream_index": 0,
            "key_frame": 0,
            "pts": 6144,
            "pts_time": "0.480000",
            "pkt_dts": 6144,
            "pkt_dts_time": "0.480000",
            "best_effort_timestamp": 6144,
            "best_effort_timestamp_time": "0.480000",
            "duration": 512,
            "duration_time": "0.040000",
            "pkt_pos": "1108726",
            "pkt_size": "4013",
            "width": 1920,
            "height": 1080,
            "crop_top": 0,
            "crop_bottom": 0,
            "crop_left": 0,
            "crop_right": 0,
            "pix_fmt": "yuv420p",
            "pict_type": "B",
            "interlaced_frame": 0,
            "top_field_first": 0,
            "lossless": 0,
            "repeat_pict": 0,
            "color_range": "tv",
            "color_space": "bt709",
            "color_primaries": "bt709",
            "color_transfer": "iec61966-2-1",
            "chroma_location": "left"
        },
        {
            "media_type": "video",
            "stream_index": 0,
            "key_frame": 0,
            "pts": 6656,
            "pts_time": "0.520000",
            "pkt_dts": 6656,
            "pkt_dts_time": "0.520000",
            "best_effort_timestamp": 6656,
            "best_effort_timestamp_time": "0.520000",
            "duration": 512,
            "duration_time": "0.040000",
            "pkt_pos": "1114276",
            "pkt_size": "2657",
            "width": 1920,
            "height": 1080,
            "crop_top": 0,
            "crop_bottom": 0,
            "crop_left": 0,
            "crop_right": 0,
            "pix_fmt": "yuv420p",
            "pict_type": "B",
            "interlaced_frame": 0,
            "top_field_first": 0,
            "lossless": 0,
            "repeat_pict": 0,
            "color_range": "tv",
            "color_space": "bt709",
            "color_primaries": "bt709",
            "color_transfer": "iec61966-2-1",
            "chroma_location": "left"
        },
        {
            "media_type": "video",
            "stream_index": 0,
            "key_frame": 0,
            "pts": 7168,
            "pts_time": "0.560000",
            "pkt_dts": 7168,
            "pkt_dts_time": "0.560000",
            "best_effort_timestamp": 7168,
            "best_effort_timestamp_time": "0.560000",
            "duration": 512,
            "duration_time": "0.040000",
            "pkt_pos": "1079880",
            "pkt_size": "28846",
            "width": 1920,
            "height": 1080,
            "crop_top": 0,
            "crop_bottom": 0,
            "crop_left": 0,
            "crop_right": 0,
            "pix_fmt": "yuv420p",
            "pict_type": "P",
            "interlaced_frame": 0,
            "top_field_first": 0,
            "lossless": 0,
            "repeat_pict": 0,
            "color_range": "tv",
            "color_space": "bt709",
            "color_primaries": "bt709",
            "color_transfer": "iec61966-2-1",
            "chroma_location": "left"
        },
        {
            "media_type": "video",
            "stream_index": 0,
            "key_frame": 0,
            "pts": 7680,
            "pts_time": "0.600000",
            "pkt_dts": 7680,
            "pkt_dts_time": "0.600000",
            "best_effort_timestamp": 7680,
            "best_effort_timestamp_time": "0.600000",
            "duration": 512,
            "duration_time": "0.040000",
            "pkt_pos": "1147593",
            "pkt_size": "2644",
            "width": 1920,
            "height": 1080,
            "crop_top": 0,
            "crop_bottom": 0,
            "crop_left": 0,
            "crop_right": 0,
            "pix_fmt": "yuv420p",
            "pict_type": "B",
            "interlaced_frame": 0,
            "top_field_first": 0,
            "lossless": 0,
            "repeat_pict": 0,
            "color_range": "tv",
            "color_space": "bt709",
            "color_primaries": "bt709",
            "color_transfer": "iec61966-2-1",
            "chroma_location": "left"
        },
        {
            "media_type": "video",
            "stream_index": 0,
            "key_frame": 0,
            "pts": 8192,
            "pts_time": "0.640000",
            "pkt_dts": 8192,
            "pkt_dts_time": "0.640000",
            "best_effort_timestamp": 8192,
            "best_effort_timestamp_time": "0.640000",
            "duration": 512,
            "duration_time": "0.040000",
            "pkt_pos": "1142459",
            "pkt_size": "5134",
            "width": 1920,
            "height": 1080,
            "crop_top": 0,
            "crop_bottom": 0,
            "crop_left": 0,
            "crop_right": 0,
            "pix_fmt": "yuv420p",
            "pict_type": "B",
            "interlaced_frame": 0,
            "top_field_first": 0,
            "lossless": 0,
            "repeat_pict": 0,
            "color_range": "tv",
            "color_space": "bt709",
            "color_primaries": "bt709",
            "color_transfer": "iec61966-2-1",
            "chroma_location": "left"
        },
        {
            "media_type": "video",
            "stream_index": 0,
            "key_frame": 0,
            "pts": 8704,
            "pts_time": "0.680000",
            "pkt_dts": 8704,
            "pkt_dts_time": "0.680000",
            "best_effort_timestamp": 8704,
            "best_effort_timestamp_time": "0.680000",
            "duration": 512,
            "duration_time": "0.040000",
            "pkt_pos": "1150237",
            "pkt_size": "1594",
            "width": 1920,
            "height": 1080,
            "crop_top": 0,
            "crop_bottom": 0,
            "crop_left": 0,
            "crop_right": 0,
            "pix_fmt": "yuv420p",
            "pict_type": "B",
            "interlaced_frame": 0,
            "top_field_first": 0,
            "lossless": 0,
            "repeat_pict": 0,
            "color_range": "tv",
            "color_space": "bt709",
            "color_primaries": "bt709",
            "color_transfer": "iec61966-2-1",
            "chroma_location": "left"
        },
        {
            "media_type": "video",
            "stream_index": 0,
            "key_frame": 0,
            "pts": 9216,
            "pts_time": "0.720000",
            "pkt_dts": 9216,
            "pkt_dts_time": "0.720000",
            "best_effort_timestamp": 9216,
            "best_effort_timestamp_time": "0.720000",
            "duration": 512,
            "duration_time": "0.040000",
            "pkt_pos": "1116933",
            "pkt_size": "25526",
            "width": 1920,
            "height": 1080,
            "crop_top": 0,
            "crop_bottom": 0,
            "crop_left": 0,
            "crop_right": 0,
            "pix_fmt": "yuv420p",
            "pict_type": "P",
            "interlaced_frame": 0,
            "top_field_first": 0,
            "lossless": 0,
            "repeat_pict": 0,
            "color_range": "tv",
            "color_space": "bt709",
            "color_primaries": "bt709",
            "color_transfer": "iec61966-2-1",
            "chroma_location": "left"
        },
        {
            "media_type": "video",
            "stream_index": 0,
            "key_frame": 0,
            "pts": 9728,
            "pts_time": "0.760000",
            "pkt_dts": 9728,
            "pkt_dts_time": "0.760000",
            "best_effort_timestamp": 9728,
            "best_effort_timestamp_time": "0.760000",
            "duration": 512,
            "duration_time": "0.040000",
            "pkt_pos": "1172999",
            "pkt_size": "1923",
            "width": 1920,
            "height": 1080,
            "crop_top": 0,
            "crop_bottom": 0,
            "crop_left": 0,
            "crop_right": 0,
            "pix_fmt": "yuv420p",
            "pict_type": "B",
            "interlaced_frame": 0,
            "top_field_first": 0,
            "lossless": 0,
            "repeat_pict": 0,
            "color_range": "tv",
            "color_space": "bt709",
            "color_primaries": "bt709",
            "color_transfer": "iec61966-2-1",
            "chroma_location": "left"
        },
        {
            "media_type": "video",
            "stream_index": 0,
            "key_frame": 0,
            "pts": 10240,
            "pts_time": "0.800000",
            "pkt_dts": 10240,
            "pkt_dts_time": "0.800000",
            "best_effort_timestamp": 10240,
            "best_effort_timestamp_time": "0.800000",
            "duration": 512,
            "duration_time": "0.040000",
            "pkt_pos": "1151831",
            "pkt_size": "21168",
            "width": 1920,
            "height": 1080,
            "crop_top": 0,
            "crop_bottom": 0,
            "crop_left": 0,
            "crop_right": 0,
            "pix_fmt": "yuv420p",
            "pict_type": "P",
            "interlaced_frame": 0,
            "top_field_first": 0,
            "lossless": 0,
            "repeat_pict": 0,
            "color_range": "tv",
            "color_space": "bt709",
            "color_primaries": "bt709",
            "color_transfer": "iec61966-2-1",
            "chroma_location": "left"
        },
        {
            "media_type": "video",
            "stream_index": 0,
            "key_frame": 0,
            "pts": 10752,
            "pts_time": "0.840000",
            "pkt_dts": 10752,
            "pkt_dts_time": "0.840000",
            "best_effort_timestamp": 10752,
            "best_effort_timestamp_time": "0.840000",
            "duration": 512,
            "duration_time": "0.040000",
            "pkt_pos": "1226515",
            "pkt_size": "1079",
            "width": 1920,
            "height": 1080,
            "crop_top": 0,
            "crop_bottom": 0,
            "crop_left": 0,
            "crop_right": 0,
            "pix_fmt": "yuv420p",
            "pict_type": "B",
            "interlaced_frame": 0,
            "top_field_first": 0,
            "lossless": 0,
            "repeat_pict": 0,
            "color_range": "tv",
            "color_space": "bt709",
            "color_primaries": "bt709",
            "color_transfer": "iec61966-2-1",
            "chroma_location": "left"
        },
        {
            "media_type": "video",
            "stream_index": 0,
            "key_frame": 0,
            "pts": 11264,
            "pts_time": "0.880000",
            "pkt_dts": 11264,
            "pkt_dts_time": "0.880000",
            "best_effort_timestamp": 11264,
            "best_effort_timestamp_time": "0.880000",
            "duration": 512,
            "duration_time": "0.040000",
            "pkt_pos": "1220588",
            "pkt_size": "5927",
            "width": 1920,
            "height": 1080,
            "crop_top": 0,
            "crop_bottom": 0,
            "crop_left": 0,
            "crop_right": 0,
            "pix_fmt": "yuv420p",
            "pict_type": "B",
            "interlaced_frame": 0,
            "top_field_first": 0,
            "lossless": 0,
            "repeat_pict": 0,
            "color_range": "tv",
            "color_space": "bt709",
            "color_primaries": "bt709",
            "color_transfer": "iec61966-2-1",
            "chroma_location": "left"
        },
        {
            "media_type": "video",
            "stream_index": 0,
            "key_frame": 0,
            "pts": 11776,
            "pts_time": "0.920000",
            "pkt_dts": 11776,
            "pkt_dts_time": "0.920000",
            "best_effort_timestamp": 11776,
            "best_effort_timestamp_time": "0.920000",
            "duration": 512,
            "duration_time": "0.040000",
            "pkt_pos": "1227594",
            "pkt_size": "1936",
            "width": 1920,
            "height": 1080,
            "crop_top": 0,
            "crop_bottom": 0,
            "crop_left": 0,
            "crop_right": 0,
            "pix_fmt": "yuv420p",
            "pict_type": "B",
            "interlaced_frame": 0,
            "top_field_first": 0,
            "lossless": 0,
            "repeat_pict": 0,
            "color_range": "tv",
            "color_space": "bt709",
            "color_primaries": "bt709",
            "color_transfer": "iec61966-2-1",
            "chroma_location": "left"
        },
        {
            "media_type": "video",
            "stream_index": 0,
            "key_frame": 0,
            "pts": 12288,
            "pts_time": "0.960000",
            "pkt_dts": 12288,
            "pkt_dts_time": "0.960000",
            "best_effort_timestamp": 12288,
            "best_effort_timestamp_time": "0.960000",
            "duration": 512,
            "duration_time": "0.040000",
            "pkt_pos": "1174922",
            "pkt_size": "45666",
            "width": 1920,
            "height": 1080,
            "crop_top": 0,
            "crop_bottom": 0,
            "crop_left": 0,
            "crop_right": 0,
            "pix_fmt": "yuv420p",
            "pict_type": "P",
            "interlaced_frame": 0,
            "top_field_first": 0,
            "lossless": 0,
            "repeat_pict": 0,
            "color_range": "tv",
            "color_space": "bt709",
            "color_primaries": "bt709",
            "color_transfer": "iec61966-2-1",
            "chroma_location": "left"
        },
        {
            "media_type": "video",
            "stream_index": 0,
            "key_frame": 0,
            "pts": 12800,
            "pts_time": "1.000000",
            "pkt_dts": 12800,
            "pkt_dts_time": "1.000000",
            "best_effort_timestamp": 12800,
            "best_effort_timestamp_time": "1.000000",
            "duration": 512,
            "duration_time": "0.040000",
            "pkt_pos": "1306597",
            "pkt_size": "3262",
            "width": 1920,
            "height": 1080,
            "crop_top": 0,
            "crop_bottom": 0,
            "crop_left": 0,
            "crop_right": 0,
            "pix_fmt": "yuv420p",
            "pict_type": "B",
            "interlaced_frame": 0,
            "top_field_first": 0,
            "lossless": 0,
            "repeat_pict": 0,
            "color_range": "tv",
            "color_space": "bt709",
            "color_primaries": "bt709",
            "color_transfer": "iec61966-2-1",
            "chroma_location": "left"
        },
        {
            "media_type": "video",
            "stream_index": 0,
            "key_frame": 0,
            "pts": 13312,
            "pts_time": "1.040000",
            "pkt_dts": 13312,
            "pkt_dts_time": "1.040000",
            "best_effort_timestamp": 13312,
            "best_effort_timestamp_time": "1.040000",
            "duration": 512,
            "duration_time": "0.040000",
            "pkt_pos": "1291296",
            "pkt_size": "15301",
            "width": 1920,
            "height": 1080,
            "crop_top": 0,
            "crop_bottom": 0,
            "crop_left": 0,
            "crop_right": 0,
            "pix_fmt": "yuv420p",
            "pict_type": "B",
            "interlaced_frame": 0,
            "top_field_first": 0,
            "lossless": 0,
            "repeat_pict": 0,
            "color_range": "tv",
            "color_space": "bt709",
            "color_primaries": "bt709",
            "color_transfer": "iec61966-2-1",
            "chroma_location": "left"
        },
        {
            "media_type": "video",
            "stream_index": 0,
            "key_frame": 0,
            "pts": 13824,
            "pts_time": "1.080000",
            "pkt_dts": 13824,
            "pkt_dts_time": "1.080000",
            "best_effort_timestamp": 13824,
            "best_effort_timestamp_time": "1.080000",
            "duration": 512,
            "duration_time": "0.040000",
            "pkt_pos": "1309859",
            "pkt_size": "1768",
            "width": 1920,
            "height": 1080,
            "crop_top": 0,
            "crop_bottom": 0,
            "crop_left": 0,
            "crop_right": 0,
            "pix_fmt": "yuv420p",
            "pict_type": "B",
            "interlaced_frame": 0,
            "top_field_first": 0,
            "lossless": 0,
            "repeat_pict": 0,
            "color_range": "tv",
            "color_space": "bt709",
            "color_primaries": "bt709",
            "color_transfer": "iec61966-2-1",
            "chroma_location": "left"
        },
        {
            "media_type": "video",
            "stream_index": 0,
            "key_frame": 0,
            "pts": 14336,
            "pts_time": "1.120000",
            "pkt_dts": 14336,
            "pkt_dts_time": "1.120000",
            "best_effort_timestamp": 14336,
            "best_effort_timestamp_time": "1.120000",
            "duration": 512,
            "duration_time": "0.040000",
            "pkt_pos": "1229530",
            "pkt_size": "61766",
            "width": 1920,
            "height": 1080,
            "crop_top": 0,
            "crop_bottom": 0,
            "crop_left": 0,
            "crop_right": 0,
            "pix_fmt": "yuv420p",
            "pict_type": "P",
            "interlaced_frame": 0,
            "top_field_first": 0,
            "lossless": 0,
            "repeat_pict": 0,
            "color_range": "tv",
            "color_space": "bt709",
            "color_primaries": "bt709",
            "color_transfer": "iec61966-2-1",
            "chroma_location": "left"
        },
        {
            "media_type": "video",
            "stream_index": 0,
            "key_frame": 0,
            "pts": 14848,
            "pts_time": "1.160000",
            "pkt_dts": 14848,
            "pkt_dts_time": "1.160000",
            "best_effort_timestamp": 14848,
            "best_effort_timestamp_time": "1.160000",
            "duration": 512,
            "duration_time": "0.040000",
            "pkt_pos": "1361051",
            "pkt_size": "2424",
            "width": 1920,
            "height": 1080,
            "crop_top": 0,
            "crop_bottom": 0,
            "crop_left": 0,
            "crop_right": 0,
            "pix_fmt": "yuv420p",
            "pict_type": "B",
            "interlaced_frame": 0,
            "top_field_first": 0,
            "lossless": 0,
            "repeat_pict": 0,
            "color_range": "tv",
            "color_space": "bt709",
            "color_primaries": "bt709",
            "color_transfer": "iec61966-2-1",
            "chroma_location": "left"
        },
        {
            "media_type": "video",
            "stream_index": 0,
            "key_frame": 0,
            "pts": 15360,
            "pts_time": "1.200000",
            "pkt_dts": 15360,
            "pkt_dts_time": "1.200000",
            "best_effort_timestamp": 15360,
            "best_effort_timestamp_time": "1.200000",
            "duration": 512,
            "duration_time": "0.040000",
            "pkt_pos": "1354863",
            "pkt_size": "6188",
            "width": 1920,
            "height": 1080,
            "crop_top": 0,
            "crop_bottom": 0,
            "crop_left": 0,
            "crop_right": 0,
            "pix_fmt": "yuv420p",
            "pict_type": "B",
            "interlaced_frame": 0,
            "top_field_first": 0,
            "lossless": 0,
            "repeat_pict": 0,
            "color_range": "tv",
            "color_space": "bt709",
            "color_primaries": "bt709",
            "color_transfer": "iec61966-2-1",
            "chroma_location": "left"
        },
        {
            "media_type": "video",
            "stream_index": 0,
            "key_frame": 0,
            "pts": 15872,
            "pts_time": "1.240000",
            "pkt_dts": 15872,
            "pkt_dts_time": "1.240000",
            "best_effort_timestamp": 15872,
            "best_effort_timestamp_time": "1.240000",
            "duration": 512,
            "duration_time": "0.040000",
            "pkt_pos": "1363475",
            "pkt_size": "2289",
            "width": 1920,
            "height": 1080,
            "crop_top": 0,
            "crop_bottom": 0,
            "crop_left": 0,
            "crop_right": 0,
            "pix_fmt": "yuv420p",
            "pict_type": "B",
            "interlaced_frame": 0,
            "top_field_first": 0,
            "lossless": 0,
            "repeat_pict": 0,
            "color_range": "tv",
            "color_space": "bt709",
            "color_primaries": "bt709",
            "color_transfer": "iec61966-2-1",
            "chroma_location": "left"
        },
        {
            "media_type": "video",
            "stream_index": 0,
            "key_frame": 0,
            "pts": 16384,
            "pts_time": "1.280000",
            "pkt_dts": 16384,
            "pkt_dts_time": "1.280000",
            "best_effort_timestamp": 16384,
            "best_effort_timestamp_time": "1.280000",
            "duration": 512,
            "duration_time": "0.040000",
            "pkt_pos": "1311627",
            "pkt_size": "43236",
            "width": 1920,
            "height": 1080,
            "crop_top": 0,
            "crop_bottom": 0,
            "crop_left": 0,
            "crop_right": 0,
            "pix_fmt": "yuv420p",
            "pict_type": "P",
            "interlaced_frame": 0,
            "top_field_first": 0,
            "lossless": 0,
            "repeat_pict": 0,
            "color_range": "tv",
            "color_space": "bt709",
            "color_primaries": "bt709",
            "color_transfer": "iec61966-2-1",
            "chroma_location": "left"
        },
        {
            "media_type": "video",
            "stream_index": 0,
            "key_frame": 0,
            "pts": 16896,
            "pts_time": "1.320000",
            "pkt_dts": 16896,
            "pkt_dts_time": "1.320000",
            "best_effort_timestamp": 16896,
            "best_effort_timestamp_time": "1.320000",
            "duration": 512,
            "duration_time": "0.040000",
            "pkt_pos": "1408427",
            "pkt_size": "2332",
            "width": 1920,
            "height": 1080,
            "crop_top": 0,
            "crop_bottom": 0,
            "crop_left": 0,
            "crop_right": 0,
            "pix_fmt": "yuv420p",
            "pict_type": "B",
            "interlaced_frame": 0,
            "top_field_first": 0,
            "lossless": 0,
            "repeat_pict": 0,
            "color_range": "tv",
            "color_space": "bt709",
            "color_primaries": "bt709",
            "color_transfer": "iec61966-2-1",
            "chroma_location": "left"
        },
        {
            "media_type": "video",
            "stream_index": 0,
            "key_frame": 0,
            "pts": 17408,
            "pts_time": "1.360000",
            "pkt_dts": 17408,
            "pkt_dts_time": "1.360000",
            "best_effort_timestamp": 17408,
            "best_effort_timestamp_time": "1.360000",
            "duration": 512,
            "duration_time": "0.040000",
            "pkt_pos": "1401355",
            "pkt_size": "7072",
            "width": 1920,
            "height": 1080,
            "crop_top": 0,
            "crop_bottom": 0,
            "crop_left": 0,
            "crop_right": 0,
            "pix_fmt": "yuv420p",
            "pict_type": "B",
            "interlaced_frame": 0,
            "top_field_first": 0,
            "lossless": 0,
            "repeat_pict": 0,
            "color_range": "tv",
            "color_space": "bt709",
            "color_primaries": "bt709",
            "color_transfer": "iec61966-2-1",
            "chroma_location": "left"
        },
        {
            "media_type": "video",
            "stream_index": 0,
            "key_frame": 0,
            "pts": 17920,
            "pts_time": "1.400000",
            "pkt_dts": 17920,
            "pkt_dts_time": "1.400000",
            "best_effort_timestamp": 17920,
            "best_effort_timestamp_time": "1.400000",
            "duration": 512,
            "duration_time": "0.040000",
            "pkt_pos": "1410759",
            "pkt_size": "4083",
            "width": 1920,
            "height": 1080,
            "crop_top": 0,
            "crop_bottom": 0,
            "crop_left": 0,
            "crop_right": 0,
            "pix_fmt": "yuv420p",
            "pict_type": "B",
            "interlaced_frame": 0,
            "top_field_first": 0,
            "lossless": 0,
            "repeat_pict": 0,
            "color_range": "tv",
            "color_space": "bt709",
            "color_primaries": "bt709",
            "color_transfer": "iec61966-2-1",
            "chroma_location": "left"
        },
        {
            "media_type": "video",
            "stream_index": 0,
            "key_frame": 0,
            "pts": 18432,
            "pts_time": "1.440000",
            "pkt_dts": 18432,
            "pkt_dts_time": "1.440000",
            "best_effort_timestamp": 18432,
            "best_effort_timestamp_time": "1.440000",
            "duration": 512,
            "duration_time": "0.040000",
            "pkt_pos": "1365764",
            "pkt_size": "35591",
            "width": 1920,
            "height": 1080,
            "crop_top": 0,
            "crop_bottom": 0,
            "crop_left": 0,
            "crop_right": 0,
            "pix_fmt": "yuv420p",
            "pict_type": "P",
            "interlaced_frame": 0,
            "top_field_first": 0,
            "lossless": 0,
            "repeat_pict": 0,
            "color_range": "tv",
            "color_space": "bt709",
            "color_primaries": "bt709",
            "color_transfer": "iec61966-2-1",
            "chroma_location": "left"
        },
        {
            "media_type": "video",
            "stream_index": 0,
            "key_frame": 0,
            "pts": 18944,
            "pts_time": "1.480000",
            "pkt_dts": 18944,
            "pkt_dts_time": "1.480000",
            "best_effort_timestamp": 18944,
            "best_effort_timestamp_time": "1.480000",
            "duration": 512,
            "duration_time": "0.040000",
            "pkt_pos": "1492939",
            "pkt_size": "13905",
            "width": 1920,
            "height": 1080,
            "crop_top": 0,
            "crop_bottom": 0,
            "crop_left": 0,
            "crop_right": 0,
            "pix_fmt": "yuv420p",
            "pict_type": "B",
            "interlaced_frame": 0,
            "top_field_first": 0,
            "lossless": 0,
            "repeat_pict": 0,
            "color_range": "tv",
            "color_space": "bt709",
            "color_primaries": "bt709",
            "color_transfer": "iec61966-2-1",
            "chroma_location": "left"
        },
        {
            "media_type": "video",
            "stream_index": 0,
            "key_frame": 0,
            "pts": 19456,
            "pts_time": "1.520000",
            "pkt_dts": 19456,
            "pkt_dts_time": "1.520000",
            "best_effort_timestamp": 19456,
            "best_effort_timestamp_time": "1.520000",
            "duration": 512,
            "duration_time": "0.040000",
            "pkt_pos": "1470921",
            "pkt_size": "22018",
            "width": 1920,
            "height": 1080,
            "crop_top": 0,
            "crop_bottom": 0,
            "crop_left": 0,
            "crop_right": 0,
            "pix_fmt": "yuv420p",
            "pict_type": "B",
            "interlaced_frame": 0,
            "top_field_first": 0,
            "lossless": 0,
            "repeat_pict": 0,
            "color_range": "tv",
            "color_space": "bt709",
            "color_primaries": "bt709",
            "color_transfer": "iec61966-2-1",
            "chroma_location": "left"
        },
        {
            "media_type": "video",
            "stream_index": 0,
            "key_frame": 0,
            "pts": 19968,
            "pts_time": "1.560000",
            "pkt_dts": 19968,
            "pkt_dts_time": "1.560000",
            "best_effort_timestamp": 19968,
            "best_effort_timestamp_time": "1.560000",
            "duration": 512,
            "duration_time": "0.040000",
            "pkt_pos": "1506844",
            "pkt_size": "8393",
            "width": 1920,
            "height": 1080,
            "crop_top": 0,
            "crop_bottom": 0,
            "crop_left": 0,
            "crop_right": 0,
            "pix_fmt": "yuv420p",
            "pict_type": "B",
            "interlaced_frame": 0,
            "top_field_first": 0,
            "lossless": 0,
            "repeat_pict": 0,
            "color_range": "tv",
            "color_space": "bt709",
            "color_primaries": "bt709",
            "color_transfer": "iec61966-2-1",
            "chroma_location": "left"
        },
        {
            "media_type": "video",
            "stream_index": 0,
            "key_frame": 0,
            "pts": 20480,
            "pts_time": "1.600000",
            "pkt_dts": 20480,
            "pkt_dts_time": "1.600000",
            "best_effort_timestamp": 20480,
            "best_effort_timestamp_time": "1.600000",
            "duration": 512,
            "duration_time": "0.040000",
            "pkt_pos": "1414842",
            "pkt_size": "56079",
            "width": 1920,
            "height": 1080,
            "crop_top": 0,
            "crop_bottom": 0,
            "crop_left": 0,
            "crop_right": 0,
            "pix_fmt": "yuv420p",
            "pict_type": "P",
            "interlaced_frame": 0,
            "top_field_first": 0,
            "lossless": 0,
            "repeat_pict": 0,
            "color_range": "tv",
            "color_space": "bt709",
            "color_primaries": "bt709",
            "color_transfer": "iec61966-2-1",
            "chroma_location": "left"
        },
        {
            "media_type": "video",
            "stream_index": 0,
            "key_frame": 0,
            "pts": 20992,
            "pts_time": "1.640000",
            "pkt_dts": 20992,
            "pkt_dts_time": "1.640000",
            "best_effort_timestamp": 20992,
            "best_effort_timestamp_time": "1.640000",
            "duration": 512,
            "duration_time": "0.040000",
            "pkt_pos": "1616872",
            "pkt_size": "13858",
            "width": 1920,
            "height": 1080,
            "crop_top": 0,
            "crop_bottom": 0,
            "crop_left": 0,
            "crop_right": 0,
            "pix_fmt": "yuv420p",
            "pict_type": "B",
            "interlaced_frame": 0,
            "top_field_first": 0,
            "lossless": 0,
            "repeat_pict": 0,
            "color_range": "tv",
            "color_space": "bt709",
            "color_primaries": "bt709",
            "color_transfer": "iec61966-2-1",
            "chroma_location": "left"
        },
        {
            "media_type": "video",
            "stream_index": 0,
            "key_frame": 0,
            "pts": 21504,
            "pts_time": "1.680000",
            "pkt_dts": 21504,
            "pkt_dts_time": "1.680000",
            "best_effort_timestamp": 21504,
            "best_effort_timestamp_time": "1.680000",
            "duration": 512,
            "duration_time": "0.040000",
            "pkt_pos": "1582159",
            "pkt_size": "34713",
            "width": 1920,
            "height": 1080,
            "crop_top": 0,
            "crop_bottom": 0,
            "crop_left": 0,
            "crop_right": 0,
            "pix_fmt": "yuv420p",
            "pict_type": "B",
            "interlaced_frame": 0,
            "top_field_first": 0,
            "lossless": 0,
            "repeat_pict": 0,
            "color_range": "tv",
            "color_space": "bt709",
            "color_primaries": "bt709",
            "color_transfer": "iec61966-2-1",
            "chroma_location": "left"
        },
        {
            "media_type": "video",
            "stream_index": 0,
            "key_frame": 0,
            "pts": 22016,
            "pts_time": "1.720000",
            "pkt_dts": 22016,
            "pkt_dts_time": "1.720000",
            "best_effort_timestamp": 22016,
            "best_effort_timestamp_time": "1.720000",
            "duration": 512,
            "duration_time": "0.040000",
            "pkt_pos": "1630730",
            "pkt_size": "13390",
            "width": 1920,
            "height": 1080,
            "crop_top": 0,
            "crop_bottom": 0,
            "crop_left": 0,
            "crop_right": 0,
            "pix_fmt": "yuv420p",
            "pict_type": "B",
            "interlaced_frame": 0,
            "top_field_first": 0,
            "lossless": 0,
            "repeat_pict": 0,
            "color_range": "tv",
            "color_space": "bt709",
            "color_primaries": "bt709",
            "color_transfer": "iec61966-2-1",
            "chroma_location": "left"
        },
        {
            "media_type": "video",
            "stream_index": 0,
            "key_frame": 0,
            "pts": 22528,
            "pts_time": "1.760000",
            "pkt_dts": 22528,
            "pkt_dts_time": "1.760000",
            "best_effort_timestamp": 22528,
            "best_effort_timestamp_time": "1.760000",
            "duration": 512,
            "duration_time": "0.040000",
            "pkt_pos": "1515237",
            "pkt_size": "66922",
            "width": 1920,
            "height": 1080,
            "crop_top": 0,
            "crop_bottom": 0,
            "crop_left": 0,
            "crop_right": 0,
            "pix_fmt": "yuv420p",
            "pict_type": "P",
            "interlaced_frame": 0,
            "top_field_first": 0,
            "lossless": 0,
            "repeat_pict": 0,
            "color_range": "tv",
            "color_space": "bt709",
            "color_primaries": "bt709",
            "color_transfer": "iec61966-2-1",
            "chroma_location": "left"
        },
        {
            "media_type": "video",
            "stream_index": 0,
            "key_frame": 0,
            "pts": 23040,
            "pts_time": "1.800000",
            "pkt_dts": 23040,
            "pkt_dts_time": "1.800000",
            "best_effort_timestamp": 23040,
            "best_effort_timestamp_time": "1.800000",
            "duration": 512,
            "duration_time": "0.040000",
            "pkt_pos": "1732823",
            "pkt_size": "5595",
            "width": 1920,
            "height": 1080,
            "crop_top": 0,
            "crop_bottom": 0,
            "crop_left": 0,
            "crop_right": 0,
            "pix_fmt": "yuv420p",
            "pict_type": "B",
            "interlaced_frame": 0,
            "top_field_first": 0,
            "lossless": 0,
            "repeat_pict": 0,
            "color_range": "tv",
            "color_space": "bt709",
            "color_primaries": "bt709",
            "color_transfer": "iec61966-2-1",
            "chroma_location": "left"
        },
        {
            "media_type": "video",
            "stream_index": 0,
            "key_frame": 0,
            "pts": 23552,
            "pts_time": "1.840000",
            "pkt_dts": 23552,
            "pkt_dts_time": "1.840000",
            "best_effort_timestamp": 23552,
            "best_effort_timestamp_time": "1.840000",
            "duration": 512,
            "duration_time": "0.040000",
            "pkt_pos": "1710503",
            "pkt_size": "22320",
            "width": 1920,
            "height": 1080,
            "crop_top": 0,
            "crop_bottom": 0,
            "crop_left": 0,
            "crop_right": 0,
            "pix_fmt": "yuv420p",
            "pict_type": "B",
            "interlaced_frame": 0,
            "top_field_first": 0,
            "lossless": 0,
            "repeat_pict": 0,
            "color_range": "tv",
            "color_space": "bt709",
            "color_primaries": "bt709",
            "color_transfer": "iec61966-2-1",
            "chroma_location": "left"
        },
        {
            "media_type": "video",
            "stream_index": 0,
            "key_frame": 0,
            "pts": 24064,
            "pts_time": "1.880000",
            "pkt_dts": 24064,
            "pkt_dts_time": "1.880000",
            "best_effort_timestamp": 24064,
            "best_effort_timestamp_time": "1.880000",
            "duration": 512,
            "duration_time": "0.040000",
            "pkt_pos": "1738418",
            "pkt_size": "21022",
            "width": 1920,
            "height": 1080,
            "crop_top": 0,
            "crop_bottom": 0,
            "crop_left": 0,
            "crop_right": 0,
            "pix_fmt": "yuv420p",
            "pict_type": "B",
            "interlaced_frame": 0,
            "top_field_first": 0,
            "lossless": 0,
            "repeat_pict": 0,
            "color_range": "tv",
            "color_space": "bt709",
            "color_primaries": "bt709",
            "color_transfer": "iec61966-2-1",
            "chroma_location": "left"
        },
        {
            "media_type": "video",
            "stream_index": 0,
            "key_frame": 0,
            "pts": 24576,
            "pts_time": "1.920000",
            "pkt_dts": 24576,
            "pkt_dts_time": "1.920000",
            "best_effort_timestamp": 24576,
            "best_effort_timestamp_time": "1.920000",
            "duration": 512,
            "duration_time": "0.040000",
            "pkt_pos": "1644120",
            "pkt_size": "66383",
            "width": 1920,
            "height": 1080,
            "crop_top": 0,
            "crop_bottom": 0,
            "crop_left": 0,
            "crop_right": 0,
            "pix_fmt": "yuv420p",
            "pict_type": "P",
            "interlaced_frame": 0,
            "top_field_first": 0,
            "lossless": 0,
            "repeat_pict": 0,
            "color_range": "tv",
            "color_space": "bt709",
            "color_primaries": "bt709",
            "color_transfer": "iec61966-2-1",
            "chroma_location": "left"
        },
        {
            "media_type": "video",
            "stream_index": 0,
            "key_frame": 0,
            "pts": 25088,
            "pts_time": "1.960000",
            "pkt_dts": 25088,
            "pkt_dts_time": "1.960000",
            "best_effort_timestamp": 25088,
            "best_effort_timestamp_time": "1.960000",
            "duration": 512,
            "duration_time": "0.040000",
            "pkt_pos": "1861082",
            "pkt_size": "25905",
            "width": 1920,
            "height": 1080,
            "crop_top": 0,
            "crop_bottom": 0,
            "crop_left": 0,
            "crop_right": 0,
            "pix_fmt": "yuv420p",
            "pict_type": "B",
            "interlaced_frame": 0,
            "top_field_first": 0,
            "lossless": 0,
            "repeat_pict": 0,
            "color_range": "tv",
            "color_space": "bt709",
            "color_primaries": "bt709",
            "color_transfer": "iec61966-2-1",
            "chroma_location": "left"
        },
        {
            "media_type": "video",
            "stream_index": 0,
            "key_frame": 0,
            "pts": 25600,
            "pts_time": "2.000000",
            "pkt_dts": 25600,
            "pkt_dts_time": "2.000000",
            "best_effort_timestamp": 25600,
            "best_effort_timestamp_time": "2.000000",
            "duration": 512,
            "duration_time": "0.040000",
            "pkt_pos": "1838563",
            "pkt_size": "22519",
            "width": 1920,
            "height": 1080,
            "crop_top": 0,
            "crop_bottom": 0,
            "crop_left": 0,
            "crop_right": 0,
            "pix_fmt": "yuv420p",
            "pict_type": "B",
            "interlaced_frame": 0,
            "top_field_first": 0,
            "lossless": 0,
            "repeat_pict": 0,
            "color_range": "tv",
            "color_space": "bt709",
            "color_primaries": "bt709",
            "color_transfer": "iec61966-2-1",
            "chroma_location": "left"
        },
        {
            "media_type": "video",
            "stream_index": 0,
            "key_frame": 0,
            "pts": 26112,
            "pts_time": "2.040000",
            "pkt_dts": 26112,
            "pkt_dts_time": "2.040000",
            "best_effort_timestamp": 26112,
            "best_effort_timestamp_time": "2.040000",
            "duration": 512,
            "duration_time": "0.040000",
            "pkt_pos": "1886987",
            "pkt_size": "5019",
            "width": 1920,
            "height": 1080,
            "crop_top": 0,
            "crop_bottom": 0,
            "crop_left": 0,
            "crop_right": 0,
            "pix_fmt": "yuv420p",
            "pict_type": "B",
            "interlaced_frame": 0,
            "top_field_first": 0,
            "lossless": 0,
            "repeat_pict": 0,
            "color_range": "tv",
            "color_space": "bt709",
            "color_primaries": "bt709",
            "color_transfer": "iec61966-2-1",
            "chroma_location": "left"
        },
        {
            "media_type": "video",
            "stream_index": 0,
            "key_frame": 0,
            "pts": 26624,
            "pts_time": "2.080000",
            "pkt_dts": 26624,
            "pkt_dts_time": "2.080000",
            "best_effort_timestamp": 26624,
            "best_effort_timestamp_time": "2.080000",
            "duration": 512,
            "duration_time": "0.040000",
            "pkt_pos": "1759440",
            "pkt_size": "79123",
            "width": 1920,
            "height": 1080,
            "crop_top": 0,
            "crop_bottom": 0,
            "crop_left": 0,
            "crop_right": 0,
            "pix_fmt": "yuv420p",
            "pict_type": "P",
            "interlaced_frame": 0,
            "top_field_first": 0,
            "lossless": 0,
            "repeat_pict": 0,
            "color_range": "tv",
            "color_space": "bt709",
            "color_primaries": "bt709",
            "color_transfer": "iec61966-2-1",
            "chroma_location": "left"
        },
        {
            "media_type": "video",
            "stream_index": 0,
            "key_frame": 0,
            "pts": 27136,
            "pts_time": "2.120000",
            "pkt_dts": 27136,
            "pkt_dts_time": "2.120000",
            "best_effort_timestamp": 27136,
            "best_effort_timestamp_time": "2.120000",
            "duration": 512,
            "duration_time": "0.040000",
            "pkt_pos": "1975653",
            "pkt_size": "6594",
            "width": 1920,
            "height": 1080,
            "crop_top": 0,
            "crop_bottom": 0,
            "crop_left": 0,
            "crop_right": 0,
            "pix_fmt": "yuv420p",
            "pict_type": "B",
            "interlaced_frame": 0,
            "top_field_first": 0,
            "lossless": 0,
            "repeat_pict": 0,
            "color_range": "tv",
            "color_space": "bt709",
            "color_primaries": "bt709",
            "color_transfer": "iec61966-2-1",
            "chroma_location": "left"
        },
        {
            "media_type": "video",
            "stream_index": 0,
            "key_frame": 0,
            "pts": 27648,
            "pts_time": "2.160000",
            "pkt_dts": 27648,
            "pkt_dts_time": "2.160000",
            "best_effort_timestamp": 27648,
            "best_effort_timestamp_time": "2.160000",
            "duration": 512,
            "duration_time": "0.040000",
            "pkt_pos": "1960262",
            "pkt_size": "15391",
            "width": 1920,
            "height": 1080,
            "crop_top": 0,
            "crop_bottom": 0,
            "crop_left": 0,
            "crop_right": 0,
            "pix_fmt": "yuv420p",
            "pict_type": "B",
            "interlaced_frame": 0,
            "top_field_first": 0,
            "lossless": 0,
            "repeat_pict": 0,
            "color_range": "tv",
            "color_space": "bt709",
            "color_primaries": "bt709",
            "color_transfer": "iec61966-2-1",
            "chroma_location": "left"
        },
        {
            "media_type": "video",
            "stream_index": 0,
            "key_frame": 0,
            "pts": 28160,
            "pts_time": "2.200000",
            "pkt_dts": 28160,
            "pkt_dts_time": "2.200000",
            "best_effort_timestamp": 28160,
            "best_effort_timestamp_time": "2.200000",
            "duration": 512,
            "duration_time": "0.040000",
            "pkt_pos": "1982247",
            "pkt_size": "2105",
            "width": 1920,
            "height": 1080,
            "crop_top": 0,
            "crop_bottom": 0,
            "crop_left": 0,
            "crop_right": 0,
            "pix_fmt": "yuv420p",
            "pict_type": "B",
            "interlaced_frame": 0,
            "top_field_first": 0,
            "lossless": 0,
            "repeat_pict": 0,
            "color_range": "tv",
            "color_space": "bt709",
            "color_primaries": "bt709",
            "color_transfer": "iec61966-2-1",
            "chroma_location": "left"
        },
        {
            "media_type": "video",
            "stream_index": 0,
            "key_frame": 0,
            "pts": 28672,
            "pts_time": "2.240000",
            "pkt_dts": 28672,
            "pkt_dts_time": "2.240000",
            "best_effort_timestamp": 28672,
            "best_effort_timestamp_time": "2.240000",
            "duration": 512,
            "duration_time": "0.040000",
            "pkt_pos": "1892006",
            "pkt_size": "68256",
            "width": 1920,
            "height": 1080,
            "crop_top": 0,
            "crop_bottom": 0,
            "crop_left": 0,
            "crop_right": 0,
            "pix_fmt": "yuv420p",
            "pict_type": "P",
            "interlaced_frame": 0,
            "top_field_first": 0,
            "lossless": 0,
            "repeat_pict": 0,
            "color_range": "tv",
            "color_space": "bt709",
            "color_primaries": "bt709",
            "color_transfer": "iec61966-2-1",
            "chroma_location": "left"
        },
        {
            "media_type": "video",
            "stream_index": 0,
            "key_frame": 0,
            "pts": 29184,
            "pts_time": "2.280000",
            "pkt_dts": 29184,
            "pkt_dts_time": "2.280000",
            "best_effort_timestamp": 29184,
            "best_effort_timestamp_time": "2.280000",
            "duration": 512,
            "duration_time": "0.040000",
            "pkt_pos": "2019152",
            "pkt_size": "2230",
            "width": 1920,
            "height": 1080,
            "crop_top": 0,
            "crop_bottom": 0,
            "crop_left": 0,
            "crop_right": 0,
            "pix_fmt": "yuv420p",
            "pict_type": "B",
            "interlaced_frame": 0,
            "top_field_first": 0,
            "lossless": 0,
            "repeat_pict": 0,
            "color_range": "tv",
            "color_space": "bt709",
            "color_primaries": "bt709",
            "color_transfer": "iec61966-2-1",
            "chroma_location": "left"
        },
        {
            "media_type": "video",
            "stream_index": 0,
            "key_frame": 0,
            "pts": 29696,
            "pts_time": "2.320000",
            "pkt_dts": 29696,
            "pkt_dts_time": "2.320000",
            "best_effort_timestamp": 29696,
            "best_effort_timestamp_time": "2.320000",
            "duration": 512,
            "duration_time": "0.040000",
            "pkt_pos": "1984352",
            "pkt_size": "34800",
            "width": 1920,
            "height": 1080,
            "crop_top": 0,
            "crop_bottom": 0,
            "crop_left": 0,
            "crop_right": 0,
            "pix_fmt": "yuv420p",
            "pict_type": "P",
            "interlaced_frame": 0,
            "top_field_first": 0,
            "lossless": 0,
            "repeat_pict": 0,
            "color_range": "tv",
            "color_space": "bt709",
            "color_primaries": "bt709",
            "color_transfer": "iec61966-2-1",
            "chroma_location": "left"
        },
        {
            "media_type": "video",
            "stream_index": 0,
            "key_frame": 0,
            "pts": 30208,
            "pts_time": "2.360000",
            "pkt_dts": 30208,
            "pkt_dts_time": "2.360000",
            "best_effort_timestamp": 30208,
            "best_effort_timestamp_time": "2.360000",
            "duration": 512,
            "duration_time": "0.040000",
            "pkt_pos": "2052659",
            "pkt_size": "1821",
            "width": 1920,
            "height": 1080,
            "crop_top": 0,
            "crop_bottom": 0,
            "crop_left": 0,
            "crop_right": 0,
            "pix_fmt": "yuv420p",
            "pict_type": "B",
            "interlaced_frame": 0,
            "top_field_first": 0,
            "lossless": 0,
            "repeat_pict": 0,
            "color_range": "tv",
            "color_space": "bt709",
            "color_primaries": "bt709",
            "color_transfer": "iec61966-2-1",
            "chroma_location": "left"
        },
        {
            "media_type": "video",
            "stream_index": 0,
            "key_frame": 0,
            "pts": 30720,
            "pts_time": "2.400000",
            "pkt_dts": 30720,
            "pkt_dts_time": "2.400000",
            "best_effort_timestamp": 30720,
            "best_effort_timestamp_time": "2.400000",
            "duration": 512,
            "duration_time": "0.040000",
            "pkt_pos": "2021382",
            "pkt_size": "31277",
            "width": 1920,
            "height": 1080,
            "crop_top": 0,
            "crop_bottom": 0,
            "crop_left": 0,
            "crop_right": 0,
            "pix_fmt": "yuv420p",
            "pict_type": "P",
            "interlaced_frame": 0,
            "top_field_first": 0,
            "lossless": 0,
            "repeat_pict": 0,
            "color_range": "tv",
            "color_space": "bt709",
            "color_primaries": "bt709",
            "color_transfer": "iec61966-2-1",
            "chroma_location": "left"
        },
        {
            "media_type": "video",
            "stream_index": 0,
            "key_frame": 0,
            "pts": 31232,
            "pts_time": "2.440000",
            "pkt_dts": 31232,
            "pkt_dts_time": "2.440000",
            "best_effort_timestamp": 31232,
            "best_effort_timestamp_time": "2.440000",
            "duration": 512,
            "duration_time": "0.040000",
            "pkt_pos": "2082066",
            "pkt_size": "1839",
            "width": 1920,
            "height": 1080,
            "crop_top": 0,
            "crop_bottom": 0,
            "crop_left": 0,
            "crop_right": 0,
            "pix_fmt": "yuv420p",
            "pict_type": "B",
            "interlaced_frame": 0,
            "top_field_first": 0,
            "lossless": 0,
            "repeat_pict": 0,
            "color_range": "tv",
            "color_space": "bt709",
            "color_primaries": "bt709",
            "color_transfer": "iec61966-2-1",
            "chroma_location": "left"
        },
        {
            "media_type": "video",
            "stream_index": 0,
            "key_frame": 0,
            "pts": 31744,
            "pts_time": "2.480000",
            "pkt_dts": 31744,
            "pkt_dts_time": "2.480000",
            "best_effort_timestamp": 31744,
            "best_effort_timestamp_time": "2.480000",
            "duration": 512,
            "duration_time": "0.040000",
            "pkt_pos": "2054480",
            "pkt_size": "27586",
            "width": 1920,
            "height": 1080,
            "crop_top": 0,
            "crop_bottom": 0,
            "crop_left": 0,
            "crop_right": 0,
            "pix_fmt": "yuv420p",
            "pict_type": "P",
            "interlaced_frame": 0,
            "top_field_first": 0,
            "lossless": 0,
            "repeat_pict": 0,
            "color_range": "tv",
            "color_space": "bt709",
            "color_primaries": "bt709",
            "color_transfer": "iec61966-2-1",
            "chroma_location": "left"
        },
        {
            "media_type": "video",
            "stream_index": 0,
            "key_frame": 0,
            "pts": 32256,
            "pts_time": "2.520000",
            "pkt_dts": 32256,
            "pkt_dts_time": "2.520000",
            "best_effort_timestamp": 32256,
            "best_effort_timestamp_time": "2.520000",
            "duration": 512,
            "duration_time": "0.040000",
            "pkt_pos": "2140240",
            "pkt_size": "3286",
            "width": 1920,
            "height": 1080,
            "crop_top": 0,
            "crop_bottom": 0,
            "crop_left": 0,
            "crop_right": 0,
            "pix_fmt": "yuv420p",
            "pict_type": "B",
            "interlaced_frame": 0,
            "top_field_first": 0,
            "lossless": 0,
            "repeat_pict": 0,
            "color_range": "tv",
            "color_space": "bt709",
            "color_primaries": "bt709",
            "color_transfer": "iec61966-2-1",
            "chroma_location": "left"
        },
        {
            "media_type": "video",
            "stream_index": 0,
            "key_frame": 0,
            "pts": 32768,
            "pts_time": "2.560000",
            "pkt_dts": 32768,
            "pkt_dts_time": "2.560000",
            "best_effort_timestamp": 32768,
            "best_effort_timestamp_time": "2.560000",
            "duration": 512,
            "duration_time": "0.040000",
            "pkt_pos": "2127730",
            "pkt_size": "12510",
            "width": 1920,
            "height": 1080,
            "crop_top": 0,
            "crop_bottom": 0,
            "crop_left": 0,
            "crop_right": 0,
            "pix_fmt": "yuv420p",
            "pict_type": "B",
            "interlaced_frame": 0,
            "top_field_first": 0,
            "lossless": 0,
            "repeat_pict": 0,
            "color_range": "tv",
            "color_space": "bt709",
            "color_primaries": "bt709",
            "color_transfer": "iec61966-2-1",
            "chroma_location": "left"
        },
        {
            "media_type": "video",
            "stream_index": 0,
            "key_frame": 0,
            "pts": 33280,
            "pts_time": "2.600000",
            "pkt_dts": 33280,
            "pkt_dts_time": "2.600000",
            "best_effort_timestamp": 33280,
            "best_effort_timestamp_time": "2.600000",
            "duration": 512,
            "duration_time": "0.040000",
            "pkt_pos": "2143526",
            "pkt_size": "2675",
            "width": 1920,
            "height": 1080,
            "crop_top": 0,
            "crop_bottom": 0,
            "crop_left": 0,
            "crop_right": 0,
            "pix_fmt": "yuv420p",
            "pict_type": "B",
            "interlaced_frame": 0,
            "top_field_first": 0,
            "lossless": 0,
            "repeat_pict": 0,
            "color_range": "tv",
            "color_space": "bt709",
            "color_primaries": "bt709",
            "color_transfer": "iec61966-2-1",
            "chroma_location": "left"
        },
        {
            "media_type": "video",
            "stream_index": 0,
            "key_frame": 0,
            "pts": 33792,
            "pts_time": "2.640000",
            "pkt_dts": 33792,
            "pkt_dts_time": "2.640000",
            "best_effort_timestamp": 33792,
            "best_effort_timestamp_time": "2.640000",
            "duration": 512,
            "duration_time": "0.040000",
            "pkt_pos": "2083905",
            "pkt_size": "43825",
            "width": 1920,
            "height": 1080,
            "crop_top": 0,
            "crop_bottom": 0,
            "crop_left": 0,
            "crop_right": 0,
            "pix_fmt": "yuv420p",
            "pict_type": "P",
            "interlaced_frame": 0,
            "top_field_first": 0,
            "lossless": 0,
            "repeat_pict": 0,
            "color_range": "tv",
            "color_space": "bt709",
            "color_primaries": "bt709",
            "color_transfer": "iec61966-2-1",
            "chroma_location": "left"
        },
        {
            "media_type": "video",
            "stream_index": 0,
            "key_frame": 0,
            "pts": 34304,
            "pts_time": "2.680000",
            "pkt_dts": 34304,
            "pkt_dts_time": "2.680000",
            "best_effort_timestamp": 34304,
            "best_effort_timestamp_time": "2.680000",
            "duration": 512,
            "duration_time": "0.040000",
            "pkt_pos": "2219677",
            "pkt_size": "8233",
            "width": 1920,
            "height": 1080,
            "crop_top": 0,
            "crop_bottom": 0,
            "crop_left": 0,
            "crop_right": 0,
            "pix_fmt": "yuv420p",
            "pict_type": "B",
            "interlaced_frame": 0,
            "top_field_first": 0,
            "lossless": 0,
            "repeat_pict": 0,
            "color_range": "tv",
            "color_space": "bt709",
            "color_primaries": "bt709",
            "color_transfer": "iec61966-2-1",
            "chroma_location": "left"
        },
        {
            "media_type": "video",
            "stream_index": 0,
            "key_frame": 0,
            "pts": 34816,
            "pts_time": "2.720000",
            "pkt_dts": 34816,
            "pkt_dts_time": "2.720000",
            "best_effort_timestamp": 34816,
            "best_effort_timestamp_time": "2.720000",
            "duration": 512,
            "duration_time": "0.040000",
            "pkt_pos": "2199228",
            "pkt_size": "20449",
            "width": 1920,
            "height": 1080,
            "crop_top": 0,
            "crop_bottom": 0,
            "crop_left": 0,
            "crop_right": 0,
            "pix_fmt": "yuv420p",
            "pict_type": "B",
            "interlaced_frame": 0,
            "top_field_first": 0,
            "lossless": 0,
            "repeat_pict": 0,
            "color_range": "tv",
            "color_space": "bt709",
            "color_primaries": "bt709",
            "color_transfer": "iec61966-2-1",
            "chroma_location": "left"
        },
        {
            "media_type": "video",
            "stream_index": 0,
            "key_frame": 0,
            "pts": 35328,
            "pts_time": "2.760000",
            "pkt_dts": 35328,
            "pkt_dts_time": "2.760000",
            "best_effort_timestamp": 35328,
            "best_effort_timestamp_time": "2.760000",
            "duration": 512,
            "duration_time": "0.040000",
            "pkt_pos": "2227910",
            "pkt_size": "3667",
            "width": 1920,
            "height": 1080,
            "crop_top": 0,
            "crop_bottom": 0,
            "crop_left": 0,
            "crop_right": 0,
            "pix_fmt": "yuv420p",
            "pict_type": "B",
            "interlaced_frame": 0,
            "top_field_first": 0,
            "lossless": 0,
            "repeat_pict": 0,
            "color_range": "tv",
            "color_space": "bt709",
            "color_primaries": "bt709",
            "color_transfer": "iec61966-2-1",
            "chroma_location": "left"
        },
        {
            "media_type": "video",
            "stream_index": 0,
            "key_frame": 0,
            "pts": 35840,
            "pts_time": "2.800000",
            "pkt_dts": 35840,
            "pkt_dts_time": "2.800000",
            "best_effort_timestamp": 35840,
            "best_effort_timestamp_time": "2.800000",
            "duration": 512,
            "duration_time": "0.040000",
            "pkt_pos": "2146201",
            "pkt_size": "53027",
            "width": 1920,
            "height": 1080,
            "crop_top": 0,
            "crop_bottom": 0,
            "crop_left": 0,
            "crop_right": 0,
            "pix_fmt": "yuv420p",
            "pict_type": "P",
            "interlaced_frame": 0,
            "top_field_first": 0,
            "lossless": 0,
            "repeat_pict": 0,
            "color_range": "tv",
            "color_space": "bt709",
            "color_primaries": "bt709",
            "color_transfer": "iec61966-2-1",
            "chroma_location": "left"
        },
        {
            "media_type": "video",
            "stream_index": 0,
            "key_frame": 0,
            "pts": 36352,
            "pts_time": "2.840000",
            "pkt_dts": 36352,
            "pkt_dts_time": "2.840000",
            "best_effort_timestamp": 36352,
            "best_effort_timestamp_time": "2.840000",
            "duration": 512,
            "duration_time": "0.040000",
            "pkt_pos": "2341134",
            "pkt_size": "23177",
            "width": 1920,
            "height": 1080,
            "crop_top": 0,
            "crop_bottom": 0,
            "crop_left": 0,
            "crop_right": 0,
            "pix_fmt": "yuv420p",
            "pict_type": "B",
            "interlaced_frame": 0,
            "top_field_first": 0,
            "lossless": 0,
            "repeat_pict": 0,
            "color_range": "tv",
            "color_space": "bt709",
            "color_primaries": "bt709",
            "color_transfer": "iec61966-2-1",
            "chroma_location": "left"
        },
        {
            "media_type": "video",
            "stream_index": 0,
            "key_frame": 0,
            "pts": 36864,
            "pts_time": "2.880000",
            "pkt_dts": 36864,
            "pkt_dts_time": "2.880000",
            "best_effort_timestamp": 36864,
            "best_effort_timestamp_time": "2.880000",
            "duration": 512,
            "duration_time": "0.040000",
            "pkt_pos": "2306283",
            "pkt_size": "34851",
            "width": 1920,
            "height": 1080,
            "crop_top": 0,
            "crop_bottom": 0,
            "crop_left": 0,
            "crop_right": 0,
            "pix_fmt": "yuv420p",
            "pict_type": "B",
            "interlaced_frame": 0,
            "top_field_first": 0,
            "lossless": 0,
            "repeat_pict": 0,
            "color_range": "tv",
            "color_space": "bt709",
            "color_primaries": "bt709",
            "color_transfer": "iec61966-2-1",
            "chroma_location": "left"
        },
        {
            "media_type": "video",
            "stream_index": 0,
            "key_frame": 0,
            "pts": 37376,
            "pts_time": "2.920000",
            "pkt_dts": 37376,
            "pkt_dts_time": "2.920000",
            "best_effort_timestamp": 37376,
            "best_effort_timestamp_time": "2.920000",
            "duration": 512,
            "duration_time": "0.040000",
            "pkt_pos": "2364311",
            "pkt_size": "15389",
            "width": 1920,
            "height": 1080,
            "crop_top": 0,
            "crop_bottom": 0,
            "crop_left": 0,
            "crop_right": 0,
            "pix_fmt": "yuv420p",
            "pict_type": "B",
            "interlaced_frame": 0,
            "top_field_first": 0,
            "lossless": 0,
            "repeat_pict": 0,
            "color_range": "tv",
            "color_space": "bt709",
            "color_primaries": "bt709",
            "color_transfer": "iec61966-2-1",
            "chroma_location": "left"
        },
        {
            "media_type": "video",
            "stream_index": 0,
            "key_frame": 0,
            "pts": 37888,
            "pts_time": "2.960000",
            "pkt_dts": 37888,
            "pkt_dts_time": "2.960000",
            "best_effort_timestamp": 37888,
            "best_effort_timestamp_time": "2.960000",
            "duration": 512,
            "duration_time": "0.040000",
            "pkt_pos": "2231577",
            "pkt_size": "74706",
            "width": 1920,
            "height": 1080,
            "crop_top": 0,
            "crop_bottom": 0,
            "crop_left": 0,
            "crop_right": 0,
            "pix_fmt": "yuv420p",
            "pict_type": "P",
            "interlaced_frame": 0,
            "top_field_first": 0,
            "lossless": 0,
            "repeat_pict": 0,
            "color_range": "tv",
            "color_space": "bt709",
            "color_primaries": "bt709",
            "color_transfer": "iec61966-2-1",
            "chroma_location": "left"
        },
        {
            "media_type": "video",
            "stream_index": 0,
            "key_frame": 0,
            "pts": 38400,
            "pts_time": "3.000000",
            "pkt_dts": 38400,
            "pkt_dts_time": "3.000000",
            "best_effort_timestamp": 38400,
            "best_effort_timestamp_time": "3.000000",
            "duration": 512,
            "duration_time": "0.040000",
            "pkt_pos": "2420501",
            "pkt_size": "4459",
            "width": 1920,
            "height": 1080,
            "crop_top": 0,
            "crop_bottom": 0,
            "crop_left": 0,
            "crop_right": 0,
            "pix_fmt": "yuv420p",
            "pict_type": "B",
            "interlaced_frame": 0,
            "top_field_first": 0,
            "lossless": 0,
            "repeat_pict": 0,
            "color_range": "tv",
            "color_space": "bt709",
            "color_primaries": "bt709",
            "color_transfer": "iec61966-2-1",
            "chroma_location": "left"
        },
        {
            "media_type": "video",
            "stream_index": 0,
            "key_frame": 0,
            "pts": 38912,
            "pts_time": "3.040000",
            "pkt_dts": 38912,
            "pkt_dts_time": "3.040000",
            "best_effort_timestamp": 38912,
            "best_effort_timestamp_time": "3.040000",
            "duration": 512,
            "duration_time": "0.040000",
            "pkt_pos": "2379700",
            "pkt_size": "40801",
            "width": 1920,
            "height": 1080,
            "crop_top": 0,
            "crop_bottom": 0,
            "crop_left": 0,
            "crop_right": 0,
            "pix_fmt": "yuv420p",
            "pict_type": "P",
            "interlaced_frame": 0,
            "top_field_first": 0,
            "lossless": 0,
            "repeat_pict": 0,
            "color_range": "tv",
            "color_space": "bt709",
            "color_primaries": "bt709",
            "color_transfer": "iec61966-2-1",
            "chroma_location": "left"
        },
        {
            "media_type": "video",
            "stream_index": 0,
            "key_frame": 0,
            "pts": 39424,
            "pts_time": "3.080000",
            "pkt_dts": 39424,
            "pkt_dts_time": "3.080000",
            "best_effort_timestamp": 39424,
            "best_effort_timestamp_time": "3.080000",
            "duration": 512,
            "duration_time": "0.040000",
            "pkt_pos": "2521092",
            "pkt_size": "7243",
            "width": 1920,
            "height": 1080,
            "crop_top": 0,
            "crop_bottom": 0,
            "crop_left": 0,
            "crop_right": 0,
            "pix_fmt": "yuv420p",
            "pict_type": "B",
            "interlaced_frame": 0,
            "top_field_first": 0,
            "lossless": 0,
            "repeat_pict": 0,
            "color_range": "tv",
            "color_space": "bt709",
            "color_primaries": "bt709",
            "color_transfer": "iec61966-2-1",
            "chroma_location": "left"
        },
        {
            "media_type": "video",
            "stream_index": 0,
            "key_frame": 0,
            "pts": 39936,
            "pts_time": "3.120000",
            "pkt_dts": 39936,
            "pkt_dts_time": "3.120000",
            "best_effort_timestamp": 39936,
            "best_effort_timestamp_time": "3.120000",
            "duration": 512,
            "duration_time": "0.040000",
            "pkt_pos": "2494212",
            "pkt_size": "26880",
            "width": 1920,
            "height": 1080,
            "crop_top": 0,
            "crop_bottom": 0,
            "crop_left": 0,
            "crop_right": 0,
            "pix_fmt": "yuv420p",
            "pict_type": "B",
            "interlaced_frame": 0,
            "top_field_first": 0,
            "lossless": 0,
            "repeat_pict": 0,
            "color_range": "tv",
            "color_space": "bt709",
            "color_primaries": "bt709",
            "color_transfer": "iec61966-2-1",
            "chroma_location": "left"
        },
        {
            "media_type": "video",
            "stream_index": 0,
            "key_frame": 0,
            "pts": 40448,
            "pts_time": "3.160000",
            "pkt_dts": 40448,
            "pkt_dts_time": "3.160000",
            "best_effort_timestamp": 40448,
            "best_effort_timestamp_time": "3.160000",
            "duration": 512,
            "duration_time": "0.040000",
            "pkt_pos": "2528335",
            "pkt_size": "21410",
            "width": 1920,
            "height": 1080,
            "crop_top": 0,
            "crop_bottom": 0,
            "crop_left": 0,
            "crop_right": 0,
            "pix_fmt": "yuv420p",
            "pict_type": "B",
            "interlaced_frame": 0,
            "top_field_first": 0,
            "lossless": 0,
            "repeat_pict": 0,
            "color_range": "tv",
            "color_space": "bt709",
            "color_primaries": "bt709",
            "color_transfer": "iec61966-2-1",
            "chroma_location": "left"
        },
        {
            "media_type": "video",
            "stream_index": 0,
            "key_frame": 0,
            "pts": 40960,
            "pts_time": "3.200000",
            "pkt_dts": 40960,
            "pkt_dts_time": "3.200000",
            "best_effort_timestamp": 40960,
            "best_effort_timestamp_time": "3.200000",
            "duration": 512,
            "duration_time": "0.040000",
            "pkt_pos": "2424960",
            "pkt_size": "69252",
            "width": 1920,
            "height": 1080,
            "crop_top": 0,
            "crop_bottom": 0,
            "crop_left": 0,
            "crop_right": 0,
            "pix_fmt": "yuv420p",
            "pict_type": "P",
            "interlaced_frame": 0,
            "top_field_first": 0,
            "lossless": 0,
            "repeat_pict": 0,
            "color_range": "tv",
            "color_space": "bt709",
            "color_primaries": "bt709",
            "color_transfer": "iec61966-2-1",
            "chroma_location": "left"
        },
        {
            "media_type": "video",
            "stream_index": 0,
            "key_frame": 0,
            "pts": 41472,
            "pts_time": "3.240000",
            "pkt_dts": 41472,
            "pkt_dts_time": "3.240000",
            "best_effort_timestamp": 41472,
            "best_effort_timestamp_time": "3.240000",
            "duration": 512,
            "duration_time": "0.040000",
            "pkt_pos": "2653411",
            "pkt_size": "9578",
            "width": 1920,
            "height": 1080,
            "crop_top": 0,
            "crop_bottom": 0,
            "crop_left": 0,
            "crop_right": 0,
            "pix_fmt": "yuv420p",
            "pict_type": "B",
            "interlaced_frame": 0,
            "top_field_first": 0,
            "lossless": 0,
            "repeat_pict": 0,
            "color_range": "tv",
            "color_space": "bt709",
            "color_primaries": "bt709",
            "color_transfer": "iec61966-2-1",
            "chroma_location": "left"
        },
        {
            "media_type": "video",
            "stream_index": 0,
            "key_frame": 0,
            "pts": 41984,
            "pts_time": "3.280000",
            "pkt_dts": 41984,
            "pkt_dts_time": "3.280000",
            "best_effort_timestamp": 41984,
            "best_effort_timestamp_time": "3.280000",
            "duration": 512,
            "duration_time": "0.040000",
            "pkt_pos": "2619964",
            "pkt_size": "33447",
            "width": 1920,
            "height": 1080,
            "crop_top": 0,
            "crop_bottom": 0,
            "crop_left": 0,
            "crop_right": 0,
            "pix_fmt": "yuv420p",
            "pict_type": "B",
            "interlaced_frame": 0,
            "top_field_first": 0,
            "lossless": 0,
            "repeat_pict": 0,
            "color_range": "tv",
            "color_space": "bt709",
            "color_primaries": "bt709",
            "color_transfer": "iec61966-2-1",
            "chroma_location": "left"
        },
        {
            "media_type": "video",
            "stream_index": 0,
            "key_frame": 0,
            "pts": 42496,
            "pts_time": "3.320000",
            "pkt_dts": 42496,
            "pkt_dts_time": "3.320000",
            "best_effort_timestamp": 42496,
            "best_effort_timestamp_time": "3.320000",
            "duration": 512,
            "duration_time": "0.040000",
            "pkt_pos": "2662989",
            "pkt_size": "11778",
            "width": 1920,
            "height": 1080,
            "crop_top": 0,
            "crop_bottom": 0,
            "crop_left": 0,
            "crop_right": 0,
            "pix_fmt": "yuv420p",
            "pict_type": "B",
            "interlaced_frame": 0,
            "top_field_first": 0,
            "lossless": 0,
            "repeat_pict": 0,
            "color_range": "tv",
            "color_space": "bt709",
            "color_primaries": "bt709",
            "color_transfer": "iec61966-2-1",
            "chroma_location": "left"
        },
        {
            "media_type": "video",
            "stream_index": 0,
            "key_frame": 0,
            "pts": 43008,
            "pts_time": "3.360000",
            "pkt_dts": 43008,
            "pkt_dts_time": "3.360000",
            "best_effort_timestamp": 43008,
            "best_effort_timestamp_time": "3.360000",
            "duration": 512,
            "duration_time": "0.040000",
            "pkt_pos": "2549745",
            "pkt_size": "70219",
            "width": 1920,
            "height": 1080,
            "crop_top": 0,
            "crop_bottom": 0,
            "crop_left": 0,
            "crop_right": 0,
            "pix_fmt": "yuv420p",
            "pict_type": "P",
            "interlaced_frame": 0,
            "top_field_first": 0,
            "lossless": 0,
            "repeat_pict": 0,
            "color_range": "tv",
            "color_space": "bt709",
            "color_primaries": "bt709",
            "color_transfer": "iec61966-2-1",
            "chroma_location": "left"
        },
        {
            "media_type": "video",
            "stream_index": 0,
            "key_frame": 0,
            "pts": 43520,
            "pts_time": "3.400000",
            "pkt_dts": 43520,
            "pkt_dts_time": "3.400000",
            "best_effort_timestamp": 43520,
            "best_effort_timestamp_time": "3.400000",
            "duration": 512,
            "duration_time": "0.040000",
            "pkt_pos": "2715219",
            "pkt_size": "4453",
            "width": 1920,
            "height": 1080,
            "crop_top": 0,
            "crop_bottom": 0,
            "crop_left": 0,
            "crop_right": 0,
            "pix_fmt": "yuv420p",
            "pict_type": "B",
            "interlaced_frame": 0,
            "top_field_first": 0,
            "lossless": 0,
            "repeat_pict": 0,
            "color_range": "tv",
            "color_space": "bt709",
            "color_primaries": "bt709",
            "color_transfer": "iec61966-2-1",
            "chroma_location": "left"
        },
        {
            "media_type": "video",
            "stream_index": 0,
            "key_frame": 0,
            "pts": 44032,
            "pts_time": "3.440000",
            "pkt_dts": 44032,
            "pkt_dts_time": "3.440000",
            "best_effort_timestamp": 44032,
            "best_effort_timestamp_time": "3.440000",
            "duration": 512,
            "duration_time": "0.040000",
            "pkt_pos": "2674767",
            "pkt_size": "40452",
            "width": 1920,
            "height": 1080,
            "crop_top": 0,
            "crop_bottom": 0,
            "crop_left": 0,
            "crop_right": 0,
            "pix_fmt": "yuv420p",
            "pict_type": "P",
            "interlaced_frame": 0,
            "top_field_first": 0,
            "lossless": 0,
            "repeat_pict": 0,
            "color_range": "tv",
            "color_space": "bt709",
            "color_primaries": "bt709",
            "color_transfer": "iec61966-2-1",
            "chroma_location": "left"
        },
        {
            "media_type": "video",
            "stream_index": 0,
            "key_frame": 0,
            "pts": 44544,
            "pts_time": "3.480000",
            "pkt_dts": 44544,
            "pkt_dts_time": "3.480000",
            "best_effort_timestamp": 44544,
            "best_effort_timestamp_time": "3.480000",
            "duration": 512,
            "duration_time": "0.040000",
            "pkt_pos": "2796689",
            "pkt_size": "7640",
            "width": 1920,
            "height": 1080,
            "crop_top": 0,
            "crop_bottom": 0,
            "crop_left": 0,
            "crop_right": 0,
            "pix_fmt": "yuv420p",
            "pict_type": "B",
            "interlaced_frame": 0,
            "top_field_first": 0,
            "lossless": 0,
            "repeat_pict": 0,
            "color_range": "tv",
            "color_space": "bt709",
            "color_primaries": "bt709",
            "color_transfer": "iec61966-2-1",
            "chroma_location": "left"
        },
        {
            "media_type": "video",
            "stream_index": 0,
            "key_frame": 0,
            "pts": 45056,
            "pts_time": "3.520000",
            "pkt_dts": 45056,
            "pkt_dts_time": "3.520000",
            "best_effort_timestamp": 45056,
            "best_effort_timestamp_time": "3.520000",
            "duration": 512,
            "duration_time": "0.040000",
            "pkt_pos": "2778281",
            "pkt_size": "18408",
            "width": 1920,
            "height": 1080,
            "crop_top": 0,
            "crop_bottom": 0,
            "crop_left": 0,
            "crop_right": 0,
            "pix_fmt": "yuv420p",
            "pict_type": "B",
            "interlaced_frame": 0,
            "top_field_first": 0,
            "lossless": 0,
            "repeat_pict": 0,
            "color_range": "tv",
            "color_space": "bt709",
            "color_primaries": "bt709",
            "color_transfer": "iec61966-2-1",
            "chroma_location": "left"
        },
        {
            "media_type": "video",
            "stream_index": 0,
            "key_frame": 0,
            "pts": 45568,
            "pts_time": "3.560000",
            "pkt_dts": 45568,
            "pkt_dts_time": "3.560000",
            "best_effort_timestamp": 45568,
            "best_effort_timestamp_time": "3.560000",
            "duration": 512,
            "duration_time": "0.040000",
            "pkt_pos": "2804329",
            "pkt_size": "4558",
            "width": 1920,
            "height": 1080,
            "crop_top": 0,
            "crop_bottom": 0,
            "crop_left": 0,
            "crop_right": 0,
            "pix_fmt": "yuv420p",
            "pict_type": "B",
            "interlaced_frame": 0,
            "top_field_first": 0,
            "lossless": 0,
            "repeat_pict": 0,
            "color_range": "tv",
            "color_space": "bt709",
            "color_primaries": "bt709",
            "color_transfer": "iec61966-2-1",
            "chroma_location": "left"
        },
        {
            "media_type": "video",
            "stream_index": 0,
            "key_frame": 0,
            "pts": 46080,
            "pts_time": "3.600000",
            "pkt_dts": 46080,
            "pkt_dts_time": "3.600000",
            "best_effort_timestamp": 46080,
            "best_effort_timestamp_time": "3.600000",
            "duration": 512,
            "duration_time": "0.040000",
            "pkt_pos": "2719672",
            "pkt_size": "58609",
            "width": 1920,
            "height": 1080,
            "crop_top": 0,
            "crop_bottom": 0,
            "crop_left": 0,
            "crop_right": 0,
            "pix_fmt": "yuv420p",
            "pict_type": "P",
            "interlaced_frame": 0,
            "top_field_first": 0,
            "lossless": 0,
            "repeat_pict": 0,
            "color_range": "tv",
            "color_space": "bt709",
            "color_primaries": "bt709",
            "color_transfer": "iec61966-2-1",
            "chroma_location": "left"
        },
        {
            "media_type": "video",
            "stream_index": 0,
            "key_frame": 0,
            "pts": 46592,
            "pts_time": "3.640000",
            "pkt_dts": 46592,
            "pkt_dts_time": "3.640000",
            "best_effort_timestamp": 46592,
            "best_effort_timestamp_time": "3.640000",
            "duration": 512,
            "duration_time": "0.040000",
            "pkt_pos": "2830908",
            "pkt_size": "3062",
            "width": 1920,
            "height": 1080,
            "crop_top": 0,
            "crop_bottom": 0,
            "crop_left": 0,
            "crop_right": 0,
            "pix_fmt": "yuv420p",
            "pict_type": "B",
            "interlaced_frame": 0,
            "top_field_first": 0,
            "lossless": 0,
            "repeat_pict": 0,
            "color_range": "tv",
            "color_space": "bt709",
            "color_primaries": "bt709",
            "color_transfer": "iec61966-2-1",
            "chroma_location": "left"
        },
        {
            "media_type": "video",
            "stream_index": 0,
            "key_frame": 0,
            "pts": 47104,
            "pts_time": "3.680000",
            "pkt_dts": 47104,
            "pkt_dts_time": "3.680000",
            "best_effort_timestamp": 47104,
            "best_effort_timestamp_time": "3.680000",
            "duration": 512,
            "duration_time": "0.040000",
            "pkt_pos": "2808887",
            "pkt_size": "22021",
            "width": 1920,
            "height": 1080,
            "crop_top": 0,
            "crop_bottom": 0,
            "crop_left": 0,
            "crop_right": 0,
            "pix_fmt": "yuv420p",
            "pict_type": "P",
            "interlaced_frame": 0,
            "top_field_first": 0,
            "lossless": 0,
            "repeat_pict": 0,
            "color_range": "tv",
            "color_space": "bt709",
            "color_primaries": "bt709",
            "color_transfer": "iec61966-2-1",
            "chroma_location": "left"
        },
        {
            "media_type": "video",
            "stream_index": 0,
            "key_frame": 0,
            "pts": 47616,
            "pts_time": "3.720000",
            "pkt_dts": 47616,
            "pkt_dts_time": "3.720000",
            "best_effort_timestamp": 47616,
            "best_effort_timestamp_time": "3.720000",
            "duration": 512,
            "duration_time": "0.040000",
            "pkt_pos": "2851137",
            "pkt_size": "1637",
            "width": 1920,
            "height": 1080,
            "crop_top": 0,
            "crop_bottom": 0,
            "crop_left": 0,
            "crop_right": 0,
            "pix_fmt": "yuv420p",
            "pict_type": "B",
            "interlaced_frame": 0,
            "top_field_first": 0,
            "lossless": 0,
            "repeat_pict": 0,
            "color_range": "tv",
            "color_space": "bt709",
            "color_primaries": "bt709",
            "color_transfer": "iec61966-2-1",
            "chroma_location": "left"
        },
        {
            "media_type": "video",
            "stream_index": 0,
            "key_frame": 0,
            "pts": 48128,
            "pts_time": "3.760000",
            "pkt_dts": 48128,
            "pkt_dts_time": "3.760000",
            "best_effort_timestamp": 48128,
            "best_effort_timestamp_time": "3.760000",
            "duration": 512,
            "duration_time": "0.040000",
            "pkt_pos": "2843711",
            "pkt_size": "7426",
            "width": 1920,
            "height": 1080,
            "crop_top": 0,
            "crop_bottom": 0,
            "crop_left": 0,
            "crop_right": 0,
            "pix_fmt": "yuv420p",
            "pict_type": "B",
            "interlaced_frame": 0,
            "top_field_first": 0,
            "lossless": 0,
            "repeat_pict": 0,
            "color_range": "tv",
            "color_space": "bt709",
            "color_primaries": "bt709",
            "color_transfer": "iec61966-2-1",
            "chroma_location": "left"
        },
        {
            "media_type": "video",
            "stream_index": 0,
            "key_frame": 0,
            "pts": 48640,
            "pts_time": "3.800000",
            "best_effort_timestamp": 48640,
            "best_effort_timestamp_time": "3.800000",
            "duration": 512,
            "duration_time": "0.040000",
            "pkt_pos": "2852774",
            "pkt_size": "1675",
            "width": 1920,
            "height": 1080,
            "crop_top": 0,
            "crop_bottom": 0,
            "crop_left": 0,
            "crop_right": 0,
            "pix_fmt": "yuv420p",
            "pict_type": "B",
            "interlaced_frame": 0,
            "top_field_first": 0,
            "lossless": 0,
            "repeat_pict": 0,
            "color_range": "tv",
            "color_space": "bt709",
            "color_primaries": "bt709",
            "color_transfer": "iec61966-2-1",
            "chroma_location": "left"
        },
        {
            "media_type": "video",
            "stream_index": 0,
            "key_frame": 0,
            "pts": 49152,
            "pts_time": "3.840000",
            "best_effort_timestamp": 49152,
            "best_effort_timestamp_time": "3.840000",
            "duration": 512,
            "duration_time": "0.040000",
            "pkt_pos": "2833970",
            "pkt_size": "9741",
            "width": 1920,
            "height": 1080,
            "crop_top": 0,
            "crop_bottom": 0,
            "crop_left": 0,
            "crop_right": 0,
            "pix_fmt": "yuv420p",
            "pict_type": "P",
            "interlaced_frame": 0,
            "top_field_first": 0,
            "lossless": 0,
            "repeat_pict": 0,
            "color_range": "tv",
            "color_space": "bt709",
            "color_primaries": "bt709",
            "color_transfer": "iec61966-2-1",
            "chroma_location": "left"
        }
    ],
    "streams": [
        {
            "index": 0,
            "codec_name": "h264",
            "codec_long_name": "H.264 / AVC / MPEG-4 AVC / MPEG-4 part 10",
            "profile": "High",
            "codec_type": "video",
            "codec_tag_string": "avc1",
            "codec_tag": "0x31637661",
            "mime_codec_string": "avc1.640028",
            "width": 1920,
            "height": 1080,
            "coded_width": 1920,
            "coded_height": 1088,
            "has_b_frames": 2,
            "pix_fmt": "yuv420p",
            "level": 40,
            "color_range": "tv",
            "color_space": "bt709",
            "color_transfer": "iec61966-2-1",
            "color_primaries": "bt709",
            "chroma_location": "left",
            "field_order": "progressive",
            "refs": 4,
            "is_avc": "true",
            "nal_length_size": "4",
            "id": "0x1",
            "r_frame_rate": "25/1",
            "avg_frame_rate": "25/1",
            "time_base": "1/12800",
            "start_pts": 0,
            "start_time": "0.000000",
            "duration_ts": 49664,
            "duration": "3.880000",
            "bit_rate": "5880138",
            "bits_per_raw_sample": "8",
            "nb_frames": "97",
            "nb_read_frames": "97",
            "extradata_size": 50,
            "disposition": {
                "default": 1,
                "dub": 0,
                "original": 0,
                "comment": 0,
                "lyrics": 0,
                "karaoke": 0,
                "forced": 0,
                "hearing_impaired": 0,
                "visual_impaired": 0,
                "clean_effects": 0,
                "attached_pic": 0,
                "timed_thumbnails": 0,
                "non_diegetic": 0,
                "captions": 0,
                "descriptions": 0,
                "metadata": 0,
                "dependent": 0,
                "still_image": 0,
                "multilayer": 0
            },
            "tags": {
                "language": "und",
                "handler_name": "VideoHandler"
            }
        }
    ],
    "format": {
        "filename": "/Users/marcoandreose/DEV/lab/melotrail/docs/pictures/video/evidence/VG2-24/edge-stability-20261002T154352Z/breath-quality/review/tabi-breath-comfy-1080p.mp4",
        "nb_streams": 1,
        "nb_programs": 0,
        "nb_stream_groups": 0,
        "format_name": "mov,mp4,m4a,3gp,3g2,mj2",
        "format_long_name": "QuickTime / MOV",
        "start_time": "0.000000",
        "duration": "3.880000",
        "size": "2854449",
        "bit_rate": "5885461",
        "probe_score": 100,
        "tags": {
            "major_brand": "isom",
            "minor_version": "512",
            "compatible_brands": "isomiso2avc1mp41",
            "prompt": "{\"1\": {\"class_type\": \"LoadImage\", \"inputs\": {\"image\": \"prepared-frames.png\"}}, \"15\": {\"class_type\": \"CreateVideo\", \"inputs\": {\"images\": [\"1\", 0], \"fps\": 25.0, \"bit_depth\": 8, \"color_space\": \"sRGB\"}}, \"16\": {\"class_type\": \"SaveVideo\", \"inputs\": {\"video\": [\"15\", 0], \"filename_prefix\": \"shots/tabi-breath-stable-quality\", \"format\": \"mp4\", \"format.codec\": \"h264\", \"format.codec.encoding\": \"re-encode\", \"format.codec.encoding.crf\": 12.0}}}",
            "encoder": "Lavf62.12.102"
        }
    }
}
OWNED_MEDIA_ELAPSED=PT0.296480791S
