{
    "frames": [
        {
            "media_type": "video",
            "stream_index": 0,
            "key_frame": 1,
            "pts": 0,
            "pts_time": "0.000000",
            "pkt_dts": 0,
            "pkt_dts_time": "0.000000",
            "best_effort_timestamp": 0,
            "best_effort_timestamp_time": "0.000000",
            "duration": 512,
            "duration_time": "0.040000",
            "pkt_pos": "3442",
            "pkt_size": "426180",
            "width": 1920,
            "height": 1080,
            "crop_top": 0,
            "crop_bottom": 0,
            "crop_left": 0,
            "crop_right": 0,
            "pix_fmt": "yuv420p",
            "pict_type": "I",
            "interlaced_frame": 0,
            "top_field_first": 0,
            "lossless": 0,
            "repeat_pict": 0,
            "color_range": "tv",
            "color_space": "bt709",
            "color_primaries": "bt709",
            "color_transfer": "iec61966-2-1",
            "chroma_location": "left",
            "side_data_list": [
                {
                    "side_data_type": "H.26[45] User Data Unregistered SEI message"
                }
            ]
        },
        {
            "media_type": "video",
            "stream_index": 0,
            "key_frame": 0,
            "pts": 512,
            "pts_time": "0.040000",
            "pkt_dts": 512,
            "pkt_dts_time": "0.040000",
            "best_effort_timestamp": 512,
            "best_effort_timestamp_time": "0.040000",
            "duration": 512,
            "duration_time": "0.040000",
            "pkt_pos": "660770",
            "pkt_size": "3212",
            "width": 1920,
            "height": 1080,
            "crop_top": 0,
            "crop_bottom": 0,
            "crop_left": 0,
            "crop_right": 0,
            "pix_fmt": "yuv420p",
            "pict_type": "B",
            "interlaced_frame": 0,
            "top_field_first": 0,
            "lossless": 0,
            "repeat_pict": 0,
            "color_range": "tv",
            "color_space": "bt709",
            "color_primaries": "bt709",
            "color_transfer": "iec61966-2-1",
            "chroma_location": "left"
        },
        {
            "media_type": "video",
            "stream_index": 0,
            "key_frame": 0,
            "pts": 1024,
            "pts_time": "0.080000",
            "pkt_dts": 1024,
            "pkt_dts_time": "0.080000",
            "best_effort_timestamp": 1024,
            "best_effort_timestamp_time": "0.080000",
            "duration": 512,
            "duration_time": "0.040000",
            "pkt_pos": "629872",
            "pkt_size": "30898",
            "width": 1920,
            "height": 1080,
            "crop_top": 0,
            "crop_bottom": 0,
            "crop_left": 0,
            "crop_right": 0,
            "pix_fmt": "yuv420p",
            "pict_type": "B",
            "interlaced_frame": 0,
            "top_field_first": 0,
            "lossless": 0,
            "repeat_pict": 0,
            "color_range": "tv",
            "color_space": "bt709",
            "color_primaries": "bt709",
            "color_transfer": "iec61966-2-1",
            "chroma_location": "left"
        },
        {
            "media_type": "video",
            "stream_index": 0,
            "key_frame": 0,
            "pts": 1536,
            "pts_time": "0.120000",
            "pkt_dts": 1536,
            "pkt_dts_time": "0.120000",
            "best_effort_timestamp": 1536,
            "best_effort_timestamp_time": "0.120000",
            "duration": 512,
            "duration_time": "0.040000",
            "pkt_pos": "663982",
            "pkt_size": "5317",
            "width": 1920,
            "height": 1080,
            "crop_top": 0,
            "crop_bottom": 0,
            "crop_left": 0,
            "crop_right": 0,
            "pix_fmt": "yuv420p",
            "pict_type": "B",
            "interlaced_frame": 0,
            "top_field_first": 0,
            "lossless": 0,
            "repeat_pict": 0,
            "color_range": "tv",
            "color_space": "bt709",
            "color_primaries": "bt709",
            "color_transfer": "iec61966-2-1",
            "chroma_location": "left"
        },
        {
            "media_type": "video",
            "stream_index": 0,
            "key_frame": 0,
            "pts": 2048,
            "pts_time": "0.160000",
            "pkt_dts": 2048,
            "pkt_dts_time": "0.160000",
            "best_effort_timestamp": 2048,
            "best_effort_timestamp_time": "0.160000",
            "duration": 512,
            "duration_time": "0.040000",
            "pkt_pos": "429622",
            "pkt_size": "200250",
            "width": 1920,
            "height": 1080,
            "crop_top": 0,
            "crop_bottom": 0,
            "crop_left": 0,
            "crop_right": 0,
            "pix_fmt": "yuv420p",
            "pict_type": "P",
            "interlaced_frame": 0,
            "top_field_first": 0,
            "lossless": 0,
            "repeat_pict": 0,
            "color_range": "tv",
            "color_space": "bt709",
            "color_primaries": "bt709",
            "color_transfer": "iec61966-2-1",
            "chroma_location": "left"
        },
        {
            "media_type": "video",
            "stream_index": 0,
            "key_frame": 0,
            "pts": 2560,
            "pts_time": "0.200000",
            "pkt_dts": 2560,
            "pkt_dts_time": "0.200000",
            "best_effort_timestamp": 2560,
            "best_effort_timestamp_time": "0.200000",
            "duration": 512,
            "duration_time": "0.040000",
            "pkt_pos": "832436",
            "pkt_size": "7967",
            "width": 1920,
            "height": 1080,
            "crop_top": 0,
            "crop_bottom": 0,
            "crop_left": 0,
            "crop_right": 0,
            "pix_fmt": "yuv420p",
            "pict_type": "B",
            "interlaced_frame": 0,
            "top_field_first": 0,
            "lossless": 0,
            "repeat_pict": 0,
            "color_range": "tv",
            "color_space": "bt709",
            "color_primaries": "bt709",
            "color_transfer": "iec61966-2-1",
            "chroma_location": "left"
        },
        {
            "media_type": "video",
            "stream_index": 0,
            "key_frame": 0,
            "pts": 3072,
            "pts_time": "0.240000",
            "pkt_dts": 3072,
            "pkt_dts_time": "0.240000",
            "best_effort_timestamp": 3072,
            "best_effort_timestamp_time": "0.240000",
            "duration": 512,
            "duration_time": "0.040000",
            "pkt_pos": "802809",
            "pkt_size": "29627",
            "width": 1920,
            "height": 1080,
            "crop_top": 0,
            "crop_bottom": 0,
            "crop_left": 0,
            "crop_right": 0,
            "pix_fmt": "yuv420p",
            "pict_type": "B",
            "interlaced_frame": 0,
            "top_field_first": 0,
            "lossless": 0,
            "repeat_pict": 0,
            "color_range": "tv",
            "color_space": "bt709",
            "color_primaries": "bt709",
            "color_transfer": "iec61966-2-1",
            "chroma_location": "left"
        },
        {
            "media_type": "video",
            "stream_index": 0,
            "key_frame": 0,
            "pts": 3584,
            "pts_time": "0.280000",
            "pkt_dts": 3584,
            "pkt_dts_time": "0.280000",
            "best_effort_timestamp": 3584,
            "best_effort_timestamp_time": "0.280000",
            "duration": 512,
            "duration_time": "0.040000",
            "pkt_pos": "840403",
            "pkt_size": "8735",
            "width": 1920,
            "height": 1080,
            "crop_top": 0,
            "crop_bottom": 0,
            "crop_left": 0,
            "crop_right": 0,
            "pix_fmt": "yuv420p",
            "pict_type": "B",
            "interlaced_frame": 0,
            "top_field_first": 0,
            "lossless": 0,
            "repeat_pict": 0,
            "color_range": "tv",
            "color_space": "bt709",
            "color_primaries": "bt709",
            "color_transfer": "iec61966-2-1",
            "chroma_location": "left"
        },
        {
            "media_type": "video",
            "stream_index": 0,
            "key_frame": 0,
            "pts": 4096,
            "pts_time": "0.320000",
            "pkt_dts": 4096,
            "pkt_dts_time": "0.320000",
            "best_effort_timestamp": 4096,
            "best_effort_timestamp_time": "0.320000",
            "duration": 512,
            "duration_time": "0.040000",
            "pkt_pos": "669299",
            "pkt_size": "133510",
            "width": 1920,
            "height": 1080,
            "crop_top": 0,
            "crop_bottom": 0,
            "crop_left": 0,
            "crop_right": 0,
            "pix_fmt": "yuv420p",
            "pict_type": "P",
            "interlaced_frame": 0,
            "top_field_first": 0,
            "lossless": 0,
            "repeat_pict": 0,
            "color_range": "tv",
            "color_space": "bt709",
            "color_primaries": "bt709",
            "color_transfer": "iec61966-2-1",
            "chroma_location": "left"
        },
        {
            "media_type": "video",
            "stream_index": 0,
            "key_frame": 0,
            "pts": 4608,
            "pts_time": "0.360000",
            "pkt_dts": 4608,
            "pkt_dts_time": "0.360000",
            "best_effort_timestamp": 4608,
            "best_effort_timestamp_time": "0.360000",
            "duration": 512,
            "duration_time": "0.040000",
            "pkt_pos": "974615",
            "pkt_size": "8845",
            "width": 1920,
            "height": 1080,
            "crop_top": 0,
            "crop_bottom": 0,
            "crop_left": 0,
            "crop_right": 0,
            "pix_fmt": "yuv420p",
            "pict_type": "B",
            "interlaced_frame": 0,
            "top_field_first": 0,
            "lossless": 0,
            "repeat_pict": 0,
            "color_range": "tv",
            "color_space": "bt709",
            "color_primaries": "bt709",
            "color_transfer": "iec61966-2-1",
            "chroma_location": "left"
        },
        {
            "media_type": "video",
            "stream_index": 0,
            "key_frame": 0,
            "pts": 5120,
            "pts_time": "0.400000",
            "pkt_dts": 5120,
            "pkt_dts_time": "0.400000",
            "best_effort_timestamp": 5120,
            "best_effort_timestamp_time": "0.400000",
            "duration": 512,
            "duration_time": "0.040000",
            "pkt_pos": "956985",
            "pkt_size": "17630",
            "width": 1920,
            "height": 1080,
            "crop_top": 0,
            "crop_bottom": 0,
            "crop_left": 0,
            "crop_right": 0,
            "pix_fmt": "yuv420p",
            "pict_type": "B",
            "interlaced_frame": 0,
            "top_field_first": 0,
            "lossless": 0,
            "repeat_pict": 0,
            "color_range": "tv",
            "color_space": "bt709",
            "color_primaries": "bt709",
            "color_transfer": "iec61966-2-1",
            "chroma_location": "left"
        },
        {
            "media_type": "video",
            "stream_index": 0,
            "key_frame": 0,
            "pts": 5632,
            "pts_time": "0.440000",
            "pkt_dts": 5632,
            "pkt_dts_time": "0.440000",
            "best_effort_timestamp": 5632,
            "best_effort_timestamp_time": "0.440000",
            "duration": 512,
            "duration_time": "0.040000",
            "pkt_pos": "983460",
            "pkt_size": "7310",
            "width": 1920,
            "height": 1080,
            "crop_top": 0,
            "crop_bottom": 0,
            "crop_left": 0,
            "crop_right": 0,
            "pix_fmt": "yuv420p",
            "pict_type": "B",
            "interlaced_frame": 0,
            "top_field_first": 0,
            "lossless": 0,
            "repeat_pict": 0,
            "color_range": "tv",
            "color_space": "bt709",
            "color_primaries": "bt709",
            "color_transfer": "iec61966-2-1",
            "chroma_location": "left"
        },
        {
            "media_type": "video",
            "stream_index": 0,
            "key_frame": 0,
            "pts": 6144,
            "pts_time": "0.480000",
            "pkt_dts": 6144,
            "pkt_dts_time": "0.480000",
            "best_effort_timestamp": 6144,
            "best_effort_timestamp_time": "0.480000",
            "duration": 512,
            "duration_time": "0.040000",
            "pkt_pos": "849138",
            "pkt_size": "107847",
            "width": 1920,
            "height": 1080,
            "crop_top": 0,
            "crop_bottom": 0,
            "crop_left": 0,
            "crop_right": 0,
            "pix_fmt": "yuv420p",
            "pict_type": "P",
            "interlaced_frame": 0,
            "top_field_first": 0,
            "lossless": 0,
            "repeat_pict": 0,
            "color_range": "tv",
            "color_space": "bt709",
            "color_primaries": "bt709",
            "color_transfer": "iec61966-2-1",
            "chroma_location": "left"
        },
        {
            "media_type": "video",
            "stream_index": 0,
            "key_frame": 0,
            "pts": 6656,
            "pts_time": "0.520000",
            "pkt_dts": 6656,
            "pkt_dts_time": "0.520000",
            "best_effort_timestamp": 6656,
            "best_effort_timestamp_time": "0.520000",
            "duration": 512,
            "duration_time": "0.040000",
            "pkt_pos": "1101724",
            "pkt_size": "6900",
            "width": 1920,
            "height": 1080,
            "crop_top": 0,
            "crop_bottom": 0,
            "crop_left": 0,
            "crop_right": 0,
            "pix_fmt": "yuv420p",
            "pict_type": "B",
            "interlaced_frame": 0,
            "top_field_first": 0,
            "lossless": 0,
            "repeat_pict": 0,
            "color_range": "tv",
            "color_space": "bt709",
            "color_primaries": "bt709",
            "color_transfer": "iec61966-2-1",
            "chroma_location": "left"
        },
        {
            "media_type": "video",
            "stream_index": 0,
            "key_frame": 0,
            "pts": 7168,
            "pts_time": "0.560000",
            "pkt_dts": 7168,
            "pkt_dts_time": "0.560000",
            "best_effort_timestamp": 7168,
            "best_effort_timestamp_time": "0.560000",
            "duration": 512,
            "duration_time": "0.040000",
            "pkt_pos": "1088912",
            "pkt_size": "12812",
            "width": 1920,
            "height": 1080,
            "crop_top": 0,
            "crop_bottom": 0,
            "crop_left": 0,
            "crop_right": 0,
            "pix_fmt": "yuv420p",
            "pict_type": "B",
            "interlaced_frame": 0,
            "top_field_first": 0,
            "lossless": 0,
            "repeat_pict": 0,
            "color_range": "tv",
            "color_space": "bt709",
            "color_primaries": "bt709",
            "color_transfer": "iec61966-2-1",
            "chroma_location": "left"
        },
        {
            "media_type": "video",
            "stream_index": 0,
            "key_frame": 0,
            "pts": 7680,
            "pts_time": "0.600000",
            "pkt_dts": 7680,
            "pkt_dts_time": "0.600000",
            "best_effort_timestamp": 7680,
            "best_effort_timestamp_time": "0.600000",
            "duration": 512,
            "duration_time": "0.040000",
            "pkt_pos": "1108624",
            "pkt_size": "6283",
            "width": 1920,
            "height": 1080,
            "crop_top": 0,
            "crop_bottom": 0,
            "crop_left": 0,
            "crop_right": 0,
            "pix_fmt": "yuv420p",
            "pict_type": "B",
            "interlaced_frame": 0,
            "top_field_first": 0,
            "lossless": 0,
            "repeat_pict": 0,
            "color_range": "tv",
            "color_space": "bt709",
            "color_primaries": "bt709",
            "color_transfer": "iec61966-2-1",
            "chroma_location": "left"
        },
        {
            "media_type": "video",
            "stream_index": 0,
            "key_frame": 0,
            "pts": 8192,
            "pts_time": "0.640000",
            "pkt_dts": 8192,
            "pkt_dts_time": "0.640000",
            "best_effort_timestamp": 8192,
            "best_effort_timestamp_time": "0.640000",
            "duration": 512,
            "duration_time": "0.040000",
            "pkt_pos": "990770",
            "pkt_size": "98142",
            "width": 1920,
            "height": 1080,
            "crop_top": 0,
            "crop_bottom": 0,
            "crop_left": 0,
            "crop_right": 0,
            "pix_fmt": "yuv420p",
            "pict_type": "P",
            "interlaced_frame": 0,
            "top_field_first": 0,
            "lossless": 0,
            "repeat_pict": 0,
            "color_range": "tv",
            "color_space": "bt709",
            "color_primaries": "bt709",
            "color_transfer": "iec61966-2-1",
            "chroma_location": "left"
        },
        {
            "media_type": "video",
            "stream_index": 0,
            "key_frame": 0,
            "pts": 8704,
            "pts_time": "0.680000",
            "pkt_dts": 8704,
            "pkt_dts_time": "0.680000",
            "best_effort_timestamp": 8704,
            "best_effort_timestamp_time": "0.680000",
            "duration": 512,
            "duration_time": "0.040000",
            "pkt_pos": "1206724",
            "pkt_size": "7378",
            "width": 1920,
            "height": 1080,
            "crop_top": 0,
            "crop_bottom": 0,
            "crop_left": 0,
            "crop_right": 0,
            "pix_fmt": "yuv420p",
            "pict_type": "B",
            "interlaced_frame": 0,
            "top_field_first": 0,
            "lossless": 0,
            "repeat_pict": 0,
            "color_range": "tv",
            "color_space": "bt709",
            "color_primaries": "bt709",
            "color_transfer": "iec61966-2-1",
            "chroma_location": "left"
        },
        {
            "media_type": "video",
            "stream_index": 0,
            "key_frame": 0,
            "pts": 9216,
            "pts_time": "0.720000",
            "pkt_dts": 9216,
            "pkt_dts_time": "0.720000",
            "best_effort_timestamp": 9216,
            "best_effort_timestamp_time": "0.720000",
            "duration": 512,
            "duration_time": "0.040000",
            "pkt_pos": "1194112",
            "pkt_size": "12612",
            "width": 1920,
            "height": 1080,
            "crop_top": 0,
            "crop_bottom": 0,
            "crop_left": 0,
            "crop_right": 0,
            "pix_fmt": "yuv420p",
            "pict_type": "B",
            "interlaced_frame": 0,
            "top_field_first": 0,
            "lossless": 0,
            "repeat_pict": 0,
            "color_range": "tv",
            "color_space": "bt709",
            "color_primaries": "bt709",
            "color_transfer": "iec61966-2-1",
            "chroma_location": "left"
        },
        {
            "media_type": "video",
            "stream_index": 0,
            "key_frame": 0,
            "pts": 9728,
            "pts_time": "0.760000",
            "pkt_dts": 9728,
            "pkt_dts_time": "0.760000",
            "best_effort_timestamp": 9728,
            "best_effort_timestamp_time": "0.760000",
            "duration": 512,
            "duration_time": "0.040000",
            "pkt_pos": "1214102",
            "pkt_size": "6977",
            "width": 1920,
            "height": 1080,
            "crop_top": 0,
            "crop_bottom": 0,
            "crop_left": 0,
            "crop_right": 0,
            "pix_fmt": "yuv420p",
            "pict_type": "B",
            "interlaced_frame": 0,
            "top_field_first": 0,
            "lossless": 0,
            "repeat_pict": 0,
            "color_range": "tv",
            "color_space": "bt709",
            "color_primaries": "bt709",
            "color_transfer": "iec61966-2-1",
            "chroma_location": "left"
        },
        {
            "media_type": "video",
            "stream_index": 0,
            "key_frame": 0,
            "pts": 10240,
            "pts_time": "0.800000",
            "pkt_dts": 10240,
            "pkt_dts_time": "0.800000",
            "best_effort_timestamp": 10240,
            "best_effort_timestamp_time": "0.800000",
            "duration": 512,
            "duration_time": "0.040000",
            "pkt_pos": "1114907",
            "pkt_size": "79205",
            "width": 1920,
            "height": 1080,
            "crop_top": 0,
            "crop_bottom": 0,
            "crop_left": 0,
            "crop_right": 0,
            "pix_fmt": "yuv420p",
            "pict_type": "P",
            "interlaced_frame": 0,
            "top_field_first": 0,
            "lossless": 0,
            "repeat_pict": 0,
            "color_range": "tv",
            "color_space": "bt709",
            "color_primaries": "bt709",
            "color_transfer": "iec61966-2-1",
            "chroma_location": "left"
        },
        {
            "media_type": "video",
            "stream_index": 0,
            "key_frame": 0,
            "pts": 10752,
            "pts_time": "0.840000",
            "pkt_dts": 10752,
            "pkt_dts_time": "0.840000",
            "best_effort_timestamp": 10752,
            "best_effort_timestamp_time": "0.840000",
            "duration": 512,
            "duration_time": "0.040000",
            "pkt_pos": "1326859",
            "pkt_size": "6511",
            "width": 1920,
            "height": 1080,
            "crop_top": 0,
            "crop_bottom": 0,
            "crop_left": 0,
            "crop_right": 0,
            "pix_fmt": "yuv420p",
            "pict_type": "B",
            "interlaced_frame": 0,
            "top_field_first": 0,
            "lossless": 0,
            "repeat_pict": 0,
            "color_range": "tv",
            "color_space": "bt709",
            "color_primaries": "bt709",
            "color_transfer": "iec61966-2-1",
            "chroma_location": "left"
        },
        {
            "media_type": "video",
            "stream_index": 0,
            "key_frame": 0,
            "pts": 11264,
            "pts_time": "0.880000",
            "pkt_dts": 11264,
            "pkt_dts_time": "0.880000",
            "best_effort_timestamp": 11264,
            "best_effort_timestamp_time": "0.880000",
            "duration": 512,
            "duration_time": "0.040000",
            "pkt_pos": "1311959",
            "pkt_size": "14900",
            "width": 1920,
            "height": 1080,
            "crop_top": 0,
            "crop_bottom": 0,
            "crop_left": 0,
            "crop_right": 0,
            "pix_fmt": "yuv420p",
            "pict_type": "B",
            "interlaced_frame": 0,
            "top_field_first": 0,
            "lossless": 0,
            "repeat_pict": 0,
            "color_range": "tv",
            "color_space": "bt709",
            "color_primaries": "bt709",
            "color_transfer": "iec61966-2-1",
            "chroma_location": "left"
        },
        {
            "media_type": "video",
            "stream_index": 0,
            "key_frame": 0,
            "pts": 11776,
            "pts_time": "0.920000",
            "pkt_dts": 11776,
            "pkt_dts_time": "0.920000",
            "best_effort_timestamp": 11776,
            "best_effort_timestamp_time": "0.920000",
            "duration": 512,
            "duration_time": "0.040000",
            "pkt_pos": "1333370",
            "pkt_size": "6828",
            "width": 1920,
            "height": 1080,
            "crop_top": 0,
            "crop_bottom": 0,
            "crop_left": 0,
            "crop_right": 0,
            "pix_fmt": "yuv420p",
            "pict_type": "B",
            "interlaced_frame": 0,
            "top_field_first": 0,
            "lossless": 0,
            "repeat_pict": 0,
            "color_range": "tv",
            "color_space": "bt709",
            "color_primaries": "bt709",
            "color_transfer": "iec61966-2-1",
            "chroma_location": "left"
        },
        {
            "media_type": "video",
            "stream_index": 0,
            "key_frame": 0,
            "pts": 12288,
            "pts_time": "0.960000",
            "pkt_dts": 12288,
            "pkt_dts_time": "0.960000",
            "best_effort_timestamp": 12288,
            "best_effort_timestamp_time": "0.960000",
            "duration": 512,
            "duration_time": "0.040000",
            "pkt_pos": "1221079",
            "pkt_size": "90880",
            "width": 1920,
            "height": 1080,
            "crop_top": 0,
            "crop_bottom": 0,
            "crop_left": 0,
            "crop_right": 0,
            "pix_fmt": "yuv420p",
            "pict_type": "P",
            "interlaced_frame": 0,
            "top_field_first": 0,
            "lossless": 0,
            "repeat_pict": 0,
            "color_range": "tv",
            "color_space": "bt709",
            "color_primaries": "bt709",
            "color_transfer": "iec61966-2-1",
            "chroma_location": "left"
        },
        {
            "media_type": "video",
            "stream_index": 0,
            "key_frame": 0,
            "pts": 12800,
            "pts_time": "1.000000",
            "pkt_dts": 12800,
            "pkt_dts_time": "1.000000",
            "best_effort_timestamp": 12800,
            "best_effort_timestamp_time": "1.000000",
            "duration": 512,
            "duration_time": "0.040000",
            "pkt_pos": "1510659",
            "pkt_size": "7321",
            "width": 1920,
            "height": 1080,
            "crop_top": 0,
            "crop_bottom": 0,
            "crop_left": 0,
            "crop_right": 0,
            "pix_fmt": "yuv420p",
            "pict_type": "B",
            "interlaced_frame": 0,
            "top_field_first": 0,
            "lossless": 0,
            "repeat_pict": 0,
            "color_range": "tv",
            "color_space": "bt709",
            "color_primaries": "bt709",
            "color_transfer": "iec61966-2-1",
            "chroma_location": "left"
        },
        {
            "media_type": "video",
            "stream_index": 0,
            "key_frame": 0,
            "pts": 13312,
            "pts_time": "1.040000",
            "pkt_dts": 13312,
            "pkt_dts_time": "1.040000",
            "best_effort_timestamp": 13312,
            "best_effort_timestamp_time": "1.040000",
            "duration": 512,
            "duration_time": "0.040000",
            "pkt_pos": "1484869",
            "pkt_size": "25790",
            "width": 1920,
            "height": 1080,
            "crop_top": 0,
            "crop_bottom": 0,
            "crop_left": 0,
            "crop_right": 0,
            "pix_fmt": "yuv420p",
            "pict_type": "B",
            "interlaced_frame": 0,
            "top_field_first": 0,
            "lossless": 0,
            "repeat_pict": 0,
            "color_range": "tv",
            "color_space": "bt709",
            "color_primaries": "bt709",
            "color_transfer": "iec61966-2-1",
            "chroma_location": "left"
        },
        {
            "media_type": "video",
            "stream_index": 0,
            "key_frame": 0,
            "pts": 13824,
            "pts_time": "1.080000",
            "pkt_dts": 13824,
            "pkt_dts_time": "1.080000",
            "best_effort_timestamp": 13824,
            "best_effort_timestamp_time": "1.080000",
            "duration": 512,
            "duration_time": "0.040000",
            "pkt_pos": "1517980",
            "pkt_size": "8487",
            "width": 1920,
            "height": 1080,
            "crop_top": 0,
            "crop_bottom": 0,
            "crop_left": 0,
            "crop_right": 0,
            "pix_fmt": "yuv420p",
            "pict_type": "B",
            "interlaced_frame": 0,
            "top_field_first": 0,
            "lossless": 0,
            "repeat_pict": 0,
            "color_range": "tv",
            "color_space": "bt709",
            "color_primaries": "bt709",
            "color_transfer": "iec61966-2-1",
            "chroma_location": "left"
        },
        {
            "media_type": "video",
            "stream_index": 0,
            "key_frame": 0,
            "pts": 14336,
            "pts_time": "1.120000",
            "pkt_dts": 14336,
            "pkt_dts_time": "1.120000",
            "best_effort_timestamp": 14336,
            "best_effort_timestamp_time": "1.120000",
            "duration": 512,
            "duration_time": "0.040000",
            "pkt_pos": "1340198",
            "pkt_size": "144671",
            "width": 1920,
            "height": 1080,
            "crop_top": 0,
            "crop_bottom": 0,
            "crop_left": 0,
            "crop_right": 0,
            "pix_fmt": "yuv420p",
            "pict_type": "P",
            "interlaced_frame": 0,
            "top_field_first": 0,
            "lossless": 0,
            "repeat_pict": 0,
            "color_range": "tv",
            "color_space": "bt709",
            "color_primaries": "bt709",
            "color_transfer": "iec61966-2-1",
            "chroma_location": "left"
        },
        {
            "media_type": "video",
            "stream_index": 0,
            "key_frame": 0,
            "pts": 14848,
            "pts_time": "1.160000",
            "pkt_dts": 14848,
            "pkt_dts_time": "1.160000",
            "best_effort_timestamp": 14848,
            "best_effort_timestamp_time": "1.160000",
            "duration": 512,
            "duration_time": "0.040000",
            "pkt_pos": "1694397",
            "pkt_size": "11704",
            "width": 1920,
            "height": 1080,
            "crop_top": 0,
            "crop_bottom": 0,
            "crop_left": 0,
            "crop_right": 0,
            "pix_fmt": "yuv420p",
            "pict_type": "B",
            "interlaced_frame": 0,
            "top_field_first": 0,
            "lossless": 0,
            "repeat_pict": 0,
            "color_range": "tv",
            "color_space": "bt709",
            "color_primaries": "bt709",
            "color_transfer": "iec61966-2-1",
            "chroma_location": "left"
        },
        {
            "media_type": "video",
            "stream_index": 0,
            "key_frame": 0,
            "pts": 15360,
            "pts_time": "1.200000",
            "pkt_dts": 15360,
            "pkt_dts_time": "1.200000",
            "best_effort_timestamp": 15360,
            "best_effort_timestamp_time": "1.200000",
            "duration": 512,
            "duration_time": "0.040000",
            "pkt_pos": "1655843",
            "pkt_size": "38554",
            "width": 1920,
            "height": 1080,
            "crop_top": 0,
            "crop_bottom": 0,
            "crop_left": 0,
            "crop_right": 0,
            "pix_fmt": "yuv420p",
            "pict_type": "B",
            "interlaced_frame": 0,
            "top_field_first": 0,
            "lossless": 0,
            "repeat_pict": 0,
            "color_range": "tv",
            "color_space": "bt709",
            "color_primaries": "bt709",
            "color_transfer": "iec61966-2-1",
            "chroma_location": "left"
        },
        {
            "media_type": "video",
            "stream_index": 0,
            "key_frame": 0,
            "pts": 15872,
            "pts_time": "1.240000",
            "pkt_dts": 15872,
            "pkt_dts_time": "1.240000",
            "best_effort_timestamp": 15872,
            "best_effort_timestamp_time": "1.240000",
            "duration": 512,
            "duration_time": "0.040000",
            "pkt_pos": "1706101",
            "pkt_size": "15664",
            "width": 1920,
            "height": 1080,
            "crop_top": 0,
            "crop_bottom": 0,
            "crop_left": 0,
            "crop_right": 0,
            "pix_fmt": "yuv420p",
            "pict_type": "B",
            "interlaced_frame": 0,
            "top_field_first": 0,
            "lossless": 0,
            "repeat_pict": 0,
            "color_range": "tv",
            "color_space": "bt709",
            "color_primaries": "bt709",
            "color_transfer": "iec61966-2-1",
            "chroma_location": "left"
        },
        {
            "media_type": "video",
            "stream_index": 0,
            "key_frame": 0,
            "pts": 16384,
            "pts_time": "1.280000",
            "pkt_dts": 16384,
            "pkt_dts_time": "1.280000",
            "best_effort_timestamp": 16384,
            "best_effort_timestamp_time": "1.280000",
            "duration": 512,
            "duration_time": "0.040000",
            "pkt_pos": "1526467",
            "pkt_size": "129376",
            "width": 1920,
            "height": 1080,
            "crop_top": 0,
            "crop_bottom": 0,
            "crop_left": 0,
            "crop_right": 0,
            "pix_fmt": "yuv420p",
            "pict_type": "P",
            "interlaced_frame": 0,
            "top_field_first": 0,
            "lossless": 0,
            "repeat_pict": 0,
            "color_range": "tv",
            "color_space": "bt709",
            "color_primaries": "bt709",
            "color_transfer": "iec61966-2-1",
            "chroma_location": "left"
        },
        {
            "media_type": "video",
            "stream_index": 0,
            "key_frame": 0,
            "pts": 16896,
            "pts_time": "1.320000",
            "pkt_dts": 16896,
            "pkt_dts_time": "1.320000",
            "best_effort_timestamp": 16896,
            "best_effort_timestamp_time": "1.320000",
            "duration": 512,
            "duration_time": "0.040000",
            "pkt_pos": "1886684",
            "pkt_size": "23191",
            "width": 1920,
            "height": 1080,
            "crop_top": 0,
            "crop_bottom": 0,
            "crop_left": 0,
            "crop_right": 0,
            "pix_fmt": "yuv420p",
            "pict_type": "B",
            "interlaced_frame": 0,
            "top_field_first": 0,
            "lossless": 0,
            "repeat_pict": 0,
            "color_range": "tv",
            "color_space": "bt709",
            "color_primaries": "bt709",
            "color_transfer": "iec61966-2-1",
            "chroma_location": "left"
        },
        {
            "media_type": "video",
            "stream_index": 0,
            "key_frame": 0,
            "pts": 17408,
            "pts_time": "1.360000",
            "pkt_dts": 17408,
            "pkt_dts_time": "1.360000",
            "best_effort_timestamp": 17408,
            "best_effort_timestamp_time": "1.360000",
            "duration": 512,
            "duration_time": "0.040000",
            "pkt_pos": "1844033",
            "pkt_size": "42651",
            "width": 1920,
            "height": 1080,
            "crop_top": 0,
            "crop_bottom": 0,
            "crop_left": 0,
            "crop_right": 0,
            "pix_fmt": "yuv420p",
            "pict_type": "B",
            "interlaced_frame": 0,
            "top_field_first": 0,
            "lossless": 0,
            "repeat_pict": 0,
            "color_range": "tv",
            "color_space": "bt709",
            "color_primaries": "bt709",
            "color_transfer": "iec61966-2-1",
            "chroma_location": "left"
        },
        {
            "media_type": "video",
            "stream_index": 0,
            "key_frame": 0,
            "pts": 17920,
            "pts_time": "1.400000",
            "pkt_dts": 17920,
            "pkt_dts_time": "1.400000",
            "best_effort_timestamp": 17920,
            "best_effort_timestamp_time": "1.400000",
            "duration": 512,
            "duration_time": "0.040000",
            "pkt_pos": "1909875",
            "pkt_size": "24692",
            "width": 1920,
            "height": 1080,
            "crop_top": 0,
            "crop_bottom": 0,
            "crop_left": 0,
            "crop_right": 0,
            "pix_fmt": "yuv420p",
            "pict_type": "B",
            "interlaced_frame": 0,
            "top_field_first": 0,
            "lossless": 0,
            "repeat_pict": 0,
            "color_range": "tv",
            "color_space": "bt709",
            "color_primaries": "bt709",
            "color_transfer": "iec61966-2-1",
            "chroma_location": "left"
        },
        {
            "media_type": "video",
            "stream_index": 0,
            "key_frame": 0,
            "pts": 18432,
            "pts_time": "1.440000",
            "pkt_dts": 18432,
            "pkt_dts_time": "1.440000",
            "best_effort_timestamp": 18432,
            "best_effort_timestamp_time": "1.440000",
            "duration": 512,
            "duration_time": "0.040000",
            "pkt_pos": "1721765",
            "pkt_size": "122268",
            "width": 1920,
            "height": 1080,
            "crop_top": 0,
            "crop_bottom": 0,
            "crop_left": 0,
            "crop_right": 0,
            "pix_fmt": "yuv420p",
            "pict_type": "P",
            "interlaced_frame": 0,
            "top_field_first": 0,
            "lossless": 0,
            "repeat_pict": 0,
            "color_range": "tv",
            "color_space": "bt709",
            "color_primaries": "bt709",
            "color_transfer": "iec61966-2-1",
            "chroma_location": "left"
        },
        {
            "media_type": "video",
            "stream_index": 0,
            "key_frame": 0,
            "pts": 18944,
            "pts_time": "1.480000",
            "pkt_dts": 18944,
            "pkt_dts_time": "1.480000",
            "best_effort_timestamp": 18944,
            "best_effort_timestamp_time": "1.480000",
            "duration": 512,
            "duration_time": "0.040000",
            "pkt_pos": "2144492",
            "pkt_size": "29579",
            "width": 1920,
            "height": 1080,
            "crop_top": 0,
            "crop_bottom": 0,
            "crop_left": 0,
            "crop_right": 0,
            "pix_fmt": "yuv420p",
            "pict_type": "B",
            "interlaced_frame": 0,
            "top_field_first": 0,
            "lossless": 0,
            "repeat_pict": 0,
            "color_range": "tv",
            "color_space": "bt709",
            "color_primaries": "bt709",
            "color_transfer": "iec61966-2-1",
            "chroma_location": "left"
        },
        {
            "media_type": "video",
            "stream_index": 0,
            "key_frame": 0,
            "pts": 19456,
            "pts_time": "1.520000",
            "pkt_dts": 19456,
            "pkt_dts_time": "1.520000",
            "best_effort_timestamp": 19456,
            "best_effort_timestamp_time": "1.520000",
            "duration": 512,
            "duration_time": "0.040000",
            "pkt_pos": "2094893",
            "pkt_size": "49599",
            "width": 1920,
            "height": 1080,
            "crop_top": 0,
            "crop_bottom": 0,
            "crop_left": 0,
            "crop_right": 0,
            "pix_fmt": "yuv420p",
            "pict_type": "B",
            "interlaced_frame": 0,
            "top_field_first": 0,
            "lossless": 0,
            "repeat_pict": 0,
            "color_range": "tv",
            "color_space": "bt709",
            "color_primaries": "bt709",
            "color_transfer": "iec61966-2-1",
            "chroma_location": "left"
        },
        {
            "media_type": "video",
            "stream_index": 0,
            "key_frame": 0,
            "pts": 19968,
            "pts_time": "1.560000",
            "pkt_dts": 19968,
            "pkt_dts_time": "1.560000",
            "best_effort_timestamp": 19968,
            "best_effort_timestamp_time": "1.560000",
            "duration": 512,
            "duration_time": "0.040000",
            "pkt_pos": "2174071",
            "pkt_size": "27356",
            "width": 1920,
            "height": 1080,
            "crop_top": 0,
            "crop_bottom": 0,
            "crop_left": 0,
            "crop_right": 0,
            "pix_fmt": "yuv420p",
            "pict_type": "B",
            "interlaced_frame": 0,
            "top_field_first": 0,
            "lossless": 0,
            "repeat_pict": 0,
            "color_range": "tv",
            "color_space": "bt709",
            "color_primaries": "bt709",
            "color_transfer": "iec61966-2-1",
            "chroma_location": "left"
        },
        {
            "media_type": "video",
            "stream_index": 0,
            "key_frame": 0,
            "pts": 20480,
            "pts_time": "1.600000",
            "pkt_dts": 20480,
            "pkt_dts_time": "1.600000",
            "best_effort_timestamp": 20480,
            "best_effort_timestamp_time": "1.600000",
            "duration": 512,
            "duration_time": "0.040000",
            "pkt_pos": "1934567",
            "pkt_size": "160326",
            "width": 1920,
            "height": 1080,
            "crop_top": 0,
            "crop_bottom": 0,
            "crop_left": 0,
            "crop_right": 0,
            "pix_fmt": "yuv420p",
            "pict_type": "P",
            "interlaced_frame": 0,
            "top_field_first": 0,
            "lossless": 0,
            "repeat_pict": 0,
            "color_range": "tv",
            "color_space": "bt709",
            "color_primaries": "bt709",
            "color_transfer": "iec61966-2-1",
            "chroma_location": "left"
        },
        {
            "media_type": "video",
            "stream_index": 0,
            "key_frame": 0,
            "pts": 20992,
            "pts_time": "1.640000",
            "pkt_dts": 20992,
            "pkt_dts_time": "1.640000",
            "best_effort_timestamp": 20992,
            "best_effort_timestamp_time": "1.640000",
            "duration": 512,
            "duration_time": "0.040000",
            "pkt_pos": "2398659",
            "pkt_size": "25931",
            "width": 1920,
            "height": 1080,
            "crop_top": 0,
            "crop_bottom": 0,
            "crop_left": 0,
            "crop_right": 0,
            "pix_fmt": "yuv420p",
            "pict_type": "B",
            "interlaced_frame": 0,
            "top_field_first": 0,
            "lossless": 0,
            "repeat_pict": 0,
            "color_range": "tv",
            "color_space": "bt709",
            "color_primaries": "bt709",
            "color_transfer": "iec61966-2-1",
            "chroma_location": "left"
        },
        {
            "media_type": "video",
            "stream_index": 0,
            "key_frame": 0,
            "pts": 21504,
            "pts_time": "1.680000",
            "pkt_dts": 21504,
            "pkt_dts_time": "1.680000",
            "best_effort_timestamp": 21504,
            "best_effort_timestamp_time": "1.680000",
            "duration": 512,
            "duration_time": "0.040000",
            "pkt_pos": "2357439",
            "pkt_size": "41220",
            "width": 1920,
            "height": 1080,
            "crop_top": 0,
            "crop_bottom": 0,
            "crop_left": 0,
            "crop_right": 0,
            "pix_fmt": "yuv420p",
            "pict_type": "B",
            "interlaced_frame": 0,
            "top_field_first": 0,
            "lossless": 0,
            "repeat_pict": 0,
            "color_range": "tv",
            "color_space": "bt709",
            "color_primaries": "bt709",
            "color_transfer": "iec61966-2-1",
            "chroma_location": "left"
        },
        {
            "media_type": "video",
            "stream_index": 0,
            "key_frame": 0,
            "pts": 22016,
            "pts_time": "1.720000",
            "pkt_dts": 22016,
            "pkt_dts_time": "1.720000",
            "best_effort_timestamp": 22016,
            "best_effort_timestamp_time": "1.720000",
            "duration": 512,
            "duration_time": "0.040000",
            "pkt_pos": "2424590",
            "pkt_size": "16563",
            "width": 1920,
            "height": 1080,
            "crop_top": 0,
            "crop_bottom": 0,
            "crop_left": 0,
            "crop_right": 0,
            "pix_fmt": "yuv420p",
            "pict_type": "B",
            "interlaced_frame": 0,
            "top_field_first": 0,
            "lossless": 0,
            "repeat_pict": 0,
            "color_range": "tv",
            "color_space": "bt709",
            "color_primaries": "bt709",
            "color_transfer": "iec61966-2-1",
            "chroma_location": "left"
        },
        {
            "media_type": "video",
            "stream_index": 0,
            "key_frame": 0,
            "pts": 22528,
            "pts_time": "1.760000",
            "pkt_dts": 22528,
            "pkt_dts_time": "1.760000",
            "best_effort_timestamp": 22528,
            "best_effort_timestamp_time": "1.760000",
            "duration": 512,
            "duration_time": "0.040000",
            "pkt_pos": "2201427",
            "pkt_size": "156012",
            "width": 1920,
            "height": 1080,
            "crop_top": 0,
            "crop_bottom": 0,
            "crop_left": 0,
            "crop_right": 0,
            "pix_fmt": "yuv420p",
            "pict_type": "P",
            "interlaced_frame": 0,
            "top_field_first": 0,
            "lossless": 0,
            "repeat_pict": 0,
            "color_range": "tv",
            "color_space": "bt709",
            "color_primaries": "bt709",
            "color_transfer": "iec61966-2-1",
            "chroma_location": "left"
        },
        {
            "media_type": "video",
            "stream_index": 0,
            "key_frame": 0,
            "pts": 23040,
            "pts_time": "1.800000",
            "pkt_dts": 23040,
            "pkt_dts_time": "1.800000",
            "best_effort_timestamp": 23040,
            "best_effort_timestamp_time": "1.800000",
            "duration": 512,
            "duration_time": "0.040000",
            "pkt_pos": "2616244",
            "pkt_size": "9593",
            "width": 1920,
            "height": 1080,
            "crop_top": 0,
            "crop_bottom": 0,
            "crop_left": 0,
            "crop_right": 0,
            "pix_fmt": "yuv420p",
            "pict_type": "B",
            "interlaced_frame": 0,
            "top_field_first": 0,
            "lossless": 0,
            "repeat_pict": 0,
            "color_range": "tv",
            "color_space": "bt709",
            "color_primaries": "bt709",
            "color_transfer": "iec61966-2-1",
            "chroma_location": "left"
        },
        {
            "media_type": "video",
            "stream_index": 0,
            "key_frame": 0,
            "pts": 23552,
            "pts_time": "1.840000",
            "pkt_dts": 23552,
            "pkt_dts_time": "1.840000",
            "best_effort_timestamp": 23552,
            "best_effort_timestamp_time": "1.840000",
            "duration": 512,
            "duration_time": "0.040000",
            "pkt_pos": "2591661",
            "pkt_size": "24583",
            "width": 1920,
            "height": 1080,
            "crop_top": 0,
            "crop_bottom": 0,
            "crop_left": 0,
            "crop_right": 0,
            "pix_fmt": "yuv420p",
            "pict_type": "B",
            "interlaced_frame": 0,
            "top_field_first": 0,
            "lossless": 0,
            "repeat_pict": 0,
            "color_range": "tv",
            "color_space": "bt709",
            "color_primaries": "bt709",
            "color_transfer": "iec61966-2-1",
            "chroma_location": "left"
        },
        {
            "media_type": "video",
            "stream_index": 0,
            "key_frame": 0,
            "pts": 24064,
            "pts_time": "1.880000",
            "pkt_dts": 24064,
            "pkt_dts_time": "1.880000",
            "best_effort_timestamp": 24064,
            "best_effort_timestamp_time": "1.880000",
            "duration": 512,
            "duration_time": "0.040000",
            "pkt_pos": "2625837",
            "pkt_size": "11378",
            "width": 1920,
            "height": 1080,
            "crop_top": 0,
            "crop_bottom": 0,
            "crop_left": 0,
            "crop_right": 0,
            "pix_fmt": "yuv420p",
            "pict_type": "B",
            "interlaced_frame": 0,
            "top_field_first": 0,
            "lossless": 0,
            "repeat_pict": 0,
            "color_range": "tv",
            "color_space": "bt709",
            "color_primaries": "bt709",
            "color_transfer": "iec61966-2-1",
            "chroma_location": "left"
        },
        {
            "media_type": "video",
            "stream_index": 0,
            "key_frame": 0,
            "pts": 24576,
            "pts_time": "1.920000",
            "pkt_dts": 24576,
            "pkt_dts_time": "1.920000",
            "best_effort_timestamp": 24576,
            "best_effort_timestamp_time": "1.920000",
            "duration": 512,
            "duration_time": "0.040000",
            "pkt_pos": "2441153",
            "pkt_size": "150508",
            "width": 1920,
            "height": 1080,
            "crop_top": 0,
            "crop_bottom": 0,
            "crop_left": 0,
            "crop_right": 0,
            "pix_fmt": "yuv420p",
            "pict_type": "P",
            "interlaced_frame": 0,
            "top_field_first": 0,
            "lossless": 0,
            "repeat_pict": 0,
            "color_range": "tv",
            "color_space": "bt709",
            "color_primaries": "bt709",
            "color_transfer": "iec61966-2-1",
            "chroma_location": "left"
        },
        {
            "media_type": "video",
            "stream_index": 0,
            "key_frame": 0,
            "pts": 25088,
            "pts_time": "1.960000",
            "pkt_dts": 25088,
            "pkt_dts_time": "1.960000",
            "best_effort_timestamp": 25088,
            "best_effort_timestamp_time": "1.960000",
            "duration": 512,
            "duration_time": "0.040000",
            "pkt_pos": "2815594",
            "pkt_size": "11326",
            "width": 1920,
            "height": 1080,
            "crop_top": 0,
            "crop_bottom": 0,
            "crop_left": 0,
            "crop_right": 0,
            "pix_fmt": "yuv420p",
            "pict_type": "B",
            "interlaced_frame": 0,
            "top_field_first": 0,
            "lossless": 0,
            "repeat_pict": 0,
            "color_range": "tv",
            "color_space": "bt709",
            "color_primaries": "bt709",
            "color_transfer": "iec61966-2-1",
            "chroma_location": "left"
        },
        {
            "media_type": "video",
            "stream_index": 0,
            "key_frame": 0,
            "pts": 25600,
            "pts_time": "2.000000",
            "pkt_dts": 25600,
            "pkt_dts_time": "2.000000",
            "best_effort_timestamp": 25600,
            "best_effort_timestamp_time": "2.000000",
            "duration": 512,
            "duration_time": "0.040000",
            "pkt_pos": "2780968",
            "pkt_size": "34626",
            "width": 1920,
            "height": 1080,
            "crop_top": 0,
            "crop_bottom": 0,
            "crop_left": 0,
            "crop_right": 0,
            "pix_fmt": "yuv420p",
            "pict_type": "B",
            "interlaced_frame": 0,
            "top_field_first": 0,
            "lossless": 0,
            "repeat_pict": 0,
            "color_range": "tv",
            "color_space": "bt709",
            "color_primaries": "bt709",
            "color_transfer": "iec61966-2-1",
            "chroma_location": "left"
        },
        {
            "media_type": "video",
            "stream_index": 0,
            "key_frame": 0,
            "pts": 26112,
            "pts_time": "2.040000",
            "pkt_dts": 26112,
            "pkt_dts_time": "2.040000",
            "best_effort_timestamp": 26112,
            "best_effort_timestamp_time": "2.040000",
            "duration": 512,
            "duration_time": "0.040000",
            "pkt_pos": "2826920",
            "pkt_size": "10623",
            "width": 1920,
            "height": 1080,
            "crop_top": 0,
            "crop_bottom": 0,
            "crop_left": 0,
            "crop_right": 0,
            "pix_fmt": "yuv420p",
            "pict_type": "B",
            "interlaced_frame": 0,
            "top_field_first": 0,
            "lossless": 0,
            "repeat_pict": 0,
            "color_range": "tv",
            "color_space": "bt709",
            "color_primaries": "bt709",
            "color_transfer": "iec61966-2-1",
            "chroma_location": "left"
        },
        {
            "media_type": "video",
            "stream_index": 0,
            "key_frame": 0,
            "pts": 26624,
            "pts_time": "2.080000",
            "pkt_dts": 26624,
            "pkt_dts_time": "2.080000",
            "best_effort_timestamp": 26624,
            "best_effort_timestamp_time": "2.080000",
            "duration": 512,
            "duration_time": "0.040000",
            "pkt_pos": "2637215",
            "pkt_size": "143753",
            "width": 1920,
            "height": 1080,
            "crop_top": 0,
            "crop_bottom": 0,
            "crop_left": 0,
            "crop_right": 0,
            "pix_fmt": "yuv420p",
            "pict_type": "P",
            "interlaced_frame": 0,
            "top_field_first": 0,
            "lossless": 0,
            "repeat_pict": 0,
            "color_range": "tv",
            "color_space": "bt709",
            "color_primaries": "bt709",
            "color_transfer": "iec61966-2-1",
            "chroma_location": "left"
        },
        {
            "media_type": "video",
            "stream_index": 0,
            "key_frame": 0,
            "pts": 27136,
            "pts_time": "2.120000",
            "pkt_dts": 27136,
            "pkt_dts_time": "2.120000",
            "best_effort_timestamp": 27136,
            "best_effort_timestamp_time": "2.120000",
            "duration": 512,
            "duration_time": "0.040000",
            "pkt_pos": "3023493",
            "pkt_size": "9777",
            "width": 1920,
            "height": 1080,
            "crop_top": 0,
            "crop_bottom": 0,
            "crop_left": 0,
            "crop_right": 0,
            "pix_fmt": "yuv420p",
            "pict_type": "B",
            "interlaced_frame": 0,
            "top_field_first": 0,
            "lossless": 0,
            "repeat_pict": 0,
            "color_range": "tv",
            "color_space": "bt709",
            "color_primaries": "bt709",
            "color_transfer": "iec61966-2-1",
            "chroma_location": "left"
        },
        {
            "media_type": "video",
            "stream_index": 0,
            "key_frame": 0,
            "pts": 27648,
            "pts_time": "2.160000",
            "pkt_dts": 27648,
            "pkt_dts_time": "2.160000",
            "best_effort_timestamp": 27648,
            "best_effort_timestamp_time": "2.160000",
            "duration": 512,
            "duration_time": "0.040000",
            "pkt_pos": "2991246",
            "pkt_size": "32247",
            "width": 1920,
            "height": 1080,
            "crop_top": 0,
            "crop_bottom": 0,
            "crop_left": 0,
            "crop_right": 0,
            "pix_fmt": "yuv420p",
            "pict_type": "B",
            "interlaced_frame": 0,
            "top_field_first": 0,
            "lossless": 0,
            "repeat_pict": 0,
            "color_range": "tv",
            "color_space": "bt709",
            "color_primaries": "bt709",
            "color_transfer": "iec61966-2-1",
            "chroma_location": "left"
        },
        {
            "media_type": "video",
            "stream_index": 0,
            "key_frame": 0,
            "pts": 28160,
            "pts_time": "2.200000",
            "pkt_dts": 28160,
            "pkt_dts_time": "2.200000",
            "best_effort_timestamp": 28160,
            "best_effort_timestamp_time": "2.200000",
            "duration": 512,
            "duration_time": "0.040000",
            "pkt_pos": "3033270",
            "pkt_size": "11569",
            "width": 1920,
            "height": 1080,
            "crop_top": 0,
            "crop_bottom": 0,
            "crop_left": 0,
            "crop_right": 0,
            "pix_fmt": "yuv420p",
            "pict_type": "B",
            "interlaced_frame": 0,
            "top_field_first": 0,
            "lossless": 0,
            "repeat_pict": 0,
            "color_range": "tv",
            "color_space": "bt709",
            "color_primaries": "bt709",
            "color_transfer": "iec61966-2-1",
            "chroma_location": "left"
        },
        {
            "media_type": "video",
            "stream_index": 0,
            "key_frame": 0,
            "pts": 28672,
            "pts_time": "2.240000",
            "pkt_dts": 28672,
            "pkt_dts_time": "2.240000",
            "best_effort_timestamp": 28672,
            "best_effort_timestamp_time": "2.240000",
            "duration": 512,
            "duration_time": "0.040000",
            "pkt_pos": "2837543",
            "pkt_size": "153703",
            "width": 1920,
            "height": 1080,
            "crop_top": 0,
            "crop_bottom": 0,
            "crop_left": 0,
            "crop_right": 0,
            "pix_fmt": "yuv420p",
            "pict_type": "P",
            "interlaced_frame": 0,
            "top_field_first": 0,
            "lossless": 0,
            "repeat_pict": 0,
            "color_range": "tv",
            "color_space": "bt709",
            "color_primaries": "bt709",
            "color_transfer": "iec61966-2-1",
            "chroma_location": "left"
        },
        {
            "media_type": "video",
            "stream_index": 0,
            "key_frame": 0,
            "pts": 29184,
            "pts_time": "2.280000",
            "pkt_dts": 29184,
            "pkt_dts_time": "2.280000",
            "best_effort_timestamp": 29184,
            "best_effort_timestamp_time": "2.280000",
            "duration": 512,
            "duration_time": "0.040000",
            "pkt_pos": "3239417",
            "pkt_size": "14233",
            "width": 1920,
            "height": 1080,
            "crop_top": 0,
            "crop_bottom": 0,
            "crop_left": 0,
            "crop_right": 0,
            "pix_fmt": "yuv420p",
            "pict_type": "B",
            "interlaced_frame": 0,
            "top_field_first": 0,
            "lossless": 0,
            "repeat_pict": 0,
            "color_range": "tv",
            "color_space": "bt709",
            "color_primaries": "bt709",
            "color_transfer": "iec61966-2-1",
            "chroma_location": "left"
        },
        {
            "media_type": "video",
            "stream_index": 0,
            "key_frame": 0,
            "pts": 29696,
            "pts_time": "2.320000",
            "pkt_dts": 29696,
            "pkt_dts_time": "2.320000",
            "best_effort_timestamp": 29696,
            "best_effort_timestamp_time": "2.320000",
            "duration": 512,
            "duration_time": "0.040000",
            "pkt_pos": "3204339",
            "pkt_size": "35078",
            "width": 1920,
            "height": 1080,
            "crop_top": 0,
            "crop_bottom": 0,
            "crop_left": 0,
            "crop_right": 0,
            "pix_fmt": "yuv420p",
            "pict_type": "B",
            "interlaced_frame": 0,
            "top_field_first": 0,
            "lossless": 0,
            "repeat_pict": 0,
            "color_range": "tv",
            "color_space": "bt709",
            "color_primaries": "bt709",
            "color_transfer": "iec61966-2-1",
            "chroma_location": "left"
        },
        {
            "media_type": "video",
            "stream_index": 0,
            "key_frame": 0,
            "pts": 30208,
            "pts_time": "2.360000",
            "pkt_dts": 30208,
            "pkt_dts_time": "2.360000",
            "best_effort_timestamp": 30208,
            "best_effort_timestamp_time": "2.360000",
            "duration": 512,
            "duration_time": "0.040000",
            "pkt_pos": "3253650",
            "pkt_size": "12612",
            "width": 1920,
            "height": 1080,
            "crop_top": 0,
            "crop_bottom": 0,
            "crop_left": 0,
            "crop_right": 0,
            "pix_fmt": "yuv420p",
            "pict_type": "B",
            "interlaced_frame": 0,
            "top_field_first": 0,
            "lossless": 0,
            "repeat_pict": 0,
            "color_range": "tv",
            "color_space": "bt709",
            "color_primaries": "bt709",
            "color_transfer": "iec61966-2-1",
            "chroma_location": "left"
        },
        {
            "media_type": "video",
            "stream_index": 0,
            "key_frame": 0,
            "pts": 30720,
            "pts_time": "2.400000",
            "pkt_dts": 30720,
            "pkt_dts_time": "2.400000",
            "best_effort_timestamp": 30720,
            "best_effort_timestamp_time": "2.400000",
            "duration": 512,
            "duration_time": "0.040000",
            "pkt_pos": "3044839",
            "pkt_size": "159500",
            "width": 1920,
            "height": 1080,
            "crop_top": 0,
            "crop_bottom": 0,
            "crop_left": 0,
            "crop_right": 0,
            "pix_fmt": "yuv420p",
            "pict_type": "P",
            "interlaced_frame": 0,
            "top_field_first": 0,
            "lossless": 0,
            "repeat_pict": 0,
            "color_range": "tv",
            "color_space": "bt709",
            "color_primaries": "bt709",
            "color_transfer": "iec61966-2-1",
            "chroma_location": "left"
        },
        {
            "media_type": "video",
            "stream_index": 0,
            "key_frame": 0,
            "pts": 31232,
            "pts_time": "2.440000",
            "pkt_dts": 31232,
            "pkt_dts_time": "2.440000",
            "best_effort_timestamp": 31232,
            "best_effort_timestamp_time": "2.440000",
            "duration": 512,
            "duration_time": "0.040000",
            "pkt_pos": "3460235",
            "pkt_size": "9802",
            "width": 1920,
            "height": 1080,
            "crop_top": 0,
            "crop_bottom": 0,
            "crop_left": 0,
            "crop_right": 0,
            "pix_fmt": "yuv420p",
            "pict_type": "B",
            "interlaced_frame": 0,
            "top_field_first": 0,
            "lossless": 0,
            "repeat_pict": 0,
            "color_range": "tv",
            "color_space": "bt709",
            "color_primaries": "bt709",
            "color_transfer": "iec61966-2-1",
            "chroma_location": "left"
        },
        {
            "media_type": "video",
            "stream_index": 0,
            "key_frame": 0,
            "pts": 31744,
            "pts_time": "2.480000",
            "pkt_dts": 31744,
            "pkt_dts_time": "2.480000",
            "best_effort_timestamp": 31744,
            "best_effort_timestamp_time": "2.480000",
            "duration": 512,
            "duration_time": "0.040000",
            "pkt_pos": "3431939",
            "pkt_size": "28296",
            "width": 1920,
            "height": 1080,
            "crop_top": 0,
            "crop_bottom": 0,
            "crop_left": 0,
            "crop_right": 0,
            "pix_fmt": "yuv420p",
            "pict_type": "B",
            "interlaced_frame": 0,
            "top_field_first": 0,
            "lossless": 0,
            "repeat_pict": 0,
            "color_range": "tv",
            "color_space": "bt709",
            "color_primaries": "bt709",
            "color_transfer": "iec61966-2-1",
            "chroma_location": "left"
        },
        {
            "media_type": "video",
            "stream_index": 0,
            "key_frame": 0,
            "pts": 32256,
            "pts_time": "2.520000",
            "pkt_dts": 32256,
            "pkt_dts_time": "2.520000",
            "best_effort_timestamp": 32256,
            "best_effort_timestamp_time": "2.520000",
            "duration": 512,
            "duration_time": "0.040000",
            "pkt_pos": "3470037",
            "pkt_size": "7943",
            "width": 1920,
            "height": 1080,
            "crop_top": 0,
            "crop_bottom": 0,
            "crop_left": 0,
            "crop_right": 0,
            "pix_fmt": "yuv420p",
            "pict_type": "B",
            "interlaced_frame": 0,
            "top_field_first": 0,
            "lossless": 0,
            "repeat_pict": 0,
            "color_range": "tv",
            "color_space": "bt709",
            "color_primaries": "bt709",
            "color_transfer": "iec61966-2-1",
            "chroma_location": "left"
        },
        {
            "media_type": "video",
            "stream_index": 0,
            "key_frame": 0,
            "pts": 32768,
            "pts_time": "2.560000",
            "pkt_dts": 32768,
            "pkt_dts_time": "2.560000",
            "best_effort_timestamp": 32768,
            "best_effort_timestamp_time": "2.560000",
            "duration": 512,
            "duration_time": "0.040000",
            "pkt_pos": "3266262",
            "pkt_size": "165677",
            "width": 1920,
            "height": 1080,
            "crop_top": 0,
            "crop_bottom": 0,
            "crop_left": 0,
            "crop_right": 0,
            "pix_fmt": "yuv420p",
            "pict_type": "P",
            "interlaced_frame": 0,
            "top_field_first": 0,
            "lossless": 0,
            "repeat_pict": 0,
            "color_range": "tv",
            "color_space": "bt709",
            "color_primaries": "bt709",
            "color_transfer": "iec61966-2-1",
            "chroma_location": "left"
        },
        {
            "media_type": "video",
            "stream_index": 0,
            "key_frame": 0,
            "pts": 33280,
            "pts_time": "2.600000",
            "pkt_dts": 33280,
            "pkt_dts_time": "2.600000",
            "best_effort_timestamp": 33280,
            "best_effort_timestamp_time": "2.600000",
            "duration": 512,
            "duration_time": "0.040000",
            "pkt_pos": "3644641",
            "pkt_size": "8464",
            "width": 1920,
            "height": 1080,
            "crop_top": 0,
            "crop_bottom": 0,
            "crop_left": 0,
            "crop_right": 0,
            "pix_fmt": "yuv420p",
            "pict_type": "B",
            "interlaced_frame": 0,
            "top_field_first": 0,
            "lossless": 0,
            "repeat_pict": 0,
            "color_range": "tv",
            "color_space": "bt709",
            "color_primaries": "bt709",
            "color_transfer": "iec61966-2-1",
            "chroma_location": "left"
        },
        {
            "media_type": "video",
            "stream_index": 0,
            "key_frame": 0,
            "pts": 33792,
            "pts_time": "2.640000",
            "pkt_dts": 33792,
            "pkt_dts_time": "2.640000",
            "best_effort_timestamp": 33792,
            "best_effort_timestamp_time": "2.640000",
            "duration": 512,
            "duration_time": "0.040000",
            "pkt_pos": "3620170",
            "pkt_size": "24471",
            "width": 1920,
            "height": 1080,
            "crop_top": 0,
            "crop_bottom": 0,
            "crop_left": 0,
            "crop_right": 0,
            "pix_fmt": "yuv420p",
            "pict_type": "B",
            "interlaced_frame": 0,
            "top_field_first": 0,
            "lossless": 0,
            "repeat_pict": 0,
            "color_range": "tv",
            "color_space": "bt709",
            "color_primaries": "bt709",
            "color_transfer": "iec61966-2-1",
            "chroma_location": "left"
        },
        {
            "media_type": "video",
            "stream_index": 0,
            "key_frame": 0,
            "pts": 34304,
            "pts_time": "2.680000",
            "pkt_dts": 34304,
            "pkt_dts_time": "2.680000",
            "best_effort_timestamp": 34304,
            "best_effort_timestamp_time": "2.680000",
            "duration": 512,
            "duration_time": "0.040000",
            "pkt_pos": "3653105",
            "pkt_size": "8502",
            "width": 1920,
            "height": 1080,
            "crop_top": 0,
            "crop_bottom": 0,
            "crop_left": 0,
            "crop_right": 0,
            "pix_fmt": "yuv420p",
            "pict_type": "B",
            "interlaced_frame": 0,
            "top_field_first": 0,
            "lossless": 0,
            "repeat_pict": 0,
            "color_range": "tv",
            "color_space": "bt709",
            "color_primaries": "bt709",
            "color_transfer": "iec61966-2-1",
            "chroma_location": "left"
        },
        {
            "media_type": "video",
            "stream_index": 0,
            "key_frame": 0,
            "pts": 34816,
            "pts_time": "2.720000",
            "pkt_dts": 34816,
            "pkt_dts_time": "2.720000",
            "best_effort_timestamp": 34816,
            "best_effort_timestamp_time": "2.720000",
            "duration": 512,
            "duration_time": "0.040000",
            "pkt_pos": "3477980",
            "pkt_size": "142190",
            "width": 1920,
            "height": 1080,
            "crop_top": 0,
            "crop_bottom": 0,
            "crop_left": 0,
            "crop_right": 0,
            "pix_fmt": "yuv420p",
            "pict_type": "P",
            "interlaced_frame": 0,
            "top_field_first": 0,
            "lossless": 0,
            "repeat_pict": 0,
            "color_range": "tv",
            "color_space": "bt709",
            "color_primaries": "bt709",
            "color_transfer": "iec61966-2-1",
            "chroma_location": "left"
        },
        {
            "media_type": "video",
            "stream_index": 0,
            "key_frame": 0,
            "pts": 35328,
            "pts_time": "2.760000",
            "pkt_dts": 35328,
            "pkt_dts_time": "2.760000",
            "best_effort_timestamp": 35328,
            "best_effort_timestamp_time": "2.760000",
            "duration": 512,
            "duration_time": "0.040000",
            "pkt_pos": "3838160",
            "pkt_size": "7230",
            "width": 1920,
            "height": 1080,
            "crop_top": 0,
            "crop_bottom": 0,
            "crop_left": 0,
            "crop_right": 0,
            "pix_fmt": "yuv420p",
            "pict_type": "B",
            "interlaced_frame": 0,
            "top_field_first": 0,
            "lossless": 0,
            "repeat_pict": 0,
            "color_range": "tv",
            "color_space": "bt709",
            "color_primaries": "bt709",
            "color_transfer": "iec61966-2-1",
            "chroma_location": "left"
        },
        {
            "media_type": "video",
            "stream_index": 0,
            "key_frame": 0,
            "pts": 35840,
            "pts_time": "2.800000",
            "pkt_dts": 35840,
            "pkt_dts_time": "2.800000",
            "best_effort_timestamp": 35840,
            "best_effort_timestamp_time": "2.800000",
            "duration": 512,
            "duration_time": "0.040000",
            "pkt_pos": "3816328",
            "pkt_size": "21832",
            "width": 1920,
            "height": 1080,
            "crop_top": 0,
            "crop_bottom": 0,
            "crop_left": 0,
            "crop_right": 0,
            "pix_fmt": "yuv420p",
            "pict_type": "B",
            "interlaced_frame": 0,
            "top_field_first": 0,
            "lossless": 0,
            "repeat_pict": 0,
            "color_range": "tv",
            "color_space": "bt709",
            "color_primaries": "bt709",
            "color_transfer": "iec61966-2-1",
            "chroma_location": "left"
        },
        {
            "media_type": "video",
            "stream_index": 0,
            "key_frame": 0,
            "pts": 36352,
            "pts_time": "2.840000",
            "pkt_dts": 36352,
            "pkt_dts_time": "2.840000",
            "best_effort_timestamp": 36352,
            "best_effort_timestamp_time": "2.840000",
            "duration": 512,
            "duration_time": "0.040000",
            "pkt_pos": "3845390",
            "pkt_size": "6921",
            "width": 1920,
            "height": 1080,
            "crop_top": 0,
            "crop_bottom": 0,
            "crop_left": 0,
            "crop_right": 0,
            "pix_fmt": "yuv420p",
            "pict_type": "B",
            "interlaced_frame": 0,
            "top_field_first": 0,
            "lossless": 0,
            "repeat_pict": 0,
            "color_range": "tv",
            "color_space": "bt709",
            "color_primaries": "bt709",
            "color_transfer": "iec61966-2-1",
            "chroma_location": "left"
        },
        {
            "media_type": "video",
            "stream_index": 0,
            "key_frame": 0,
            "pts": 36864,
            "pts_time": "2.880000",
            "pkt_dts": 36864,
            "pkt_dts_time": "2.880000",
            "best_effort_timestamp": 36864,
            "best_effort_timestamp_time": "2.880000",
            "duration": 512,
            "duration_time": "0.040000",
            "pkt_pos": "3661607",
            "pkt_size": "154721",
            "width": 1920,
            "height": 1080,
            "crop_top": 0,
            "crop_bottom": 0,
            "crop_left": 0,
            "crop_right": 0,
            "pix_fmt": "yuv420p",
            "pict_type": "P",
            "interlaced_frame": 0,
            "top_field_first": 0,
            "lossless": 0,
            "repeat_pict": 0,
            "color_range": "tv",
            "color_space": "bt709",
            "color_primaries": "bt709",
            "color_transfer": "iec61966-2-1",
            "chroma_location": "left"
        },
        {
            "media_type": "video",
            "stream_index": 0,
            "key_frame": 0,
            "pts": 37376,
            "pts_time": "2.920000",
            "pkt_dts": 37376,
            "pkt_dts_time": "2.920000",
            "best_effort_timestamp": 37376,
            "best_effort_timestamp_time": "2.920000",
            "duration": 512,
            "duration_time": "0.040000",
            "pkt_pos": "4005505",
            "pkt_size": "6644",
            "width": 1920,
            "height": 1080,
            "crop_top": 0,
            "crop_bottom": 0,
            "crop_left": 0,
            "crop_right": 0,
            "pix_fmt": "yuv420p",
            "pict_type": "B",
            "interlaced_frame": 0,
            "top_field_first": 0,
            "lossless": 0,
            "repeat_pict": 0,
            "color_range": "tv",
            "color_space": "bt709",
            "color_primaries": "bt709",
            "color_transfer": "iec61966-2-1",
            "chroma_location": "left"
        },
        {
            "media_type": "video",
            "stream_index": 0,
            "key_frame": 0,
            "pts": 37888,
            "pts_time": "2.960000",
            "pkt_dts": 37888,
            "pkt_dts_time": "2.960000",
            "best_effort_timestamp": 37888,
            "best_effort_timestamp_time": "2.960000",
            "duration": 512,
            "duration_time": "0.040000",
            "pkt_pos": "3987255",
            "pkt_size": "18250",
            "width": 1920,
            "height": 1080,
            "crop_top": 0,
            "crop_bottom": 0,
            "crop_left": 0,
            "crop_right": 0,
            "pix_fmt": "yuv420p",
            "pict_type": "B",
            "interlaced_frame": 0,
            "top_field_first": 0,
            "lossless": 0,
            "repeat_pict": 0,
            "color_range": "tv",
            "color_space": "bt709",
            "color_primaries": "bt709",
            "color_transfer": "iec61966-2-1",
            "chroma_location": "left"
        },
        {
            "media_type": "video",
            "stream_index": 0,
            "key_frame": 0,
            "pts": 38400,
            "pts_time": "3.000000",
            "pkt_dts": 38400,
            "pkt_dts_time": "3.000000",
            "best_effort_timestamp": 38400,
            "best_effort_timestamp_time": "3.000000",
            "duration": 512,
            "duration_time": "0.040000",
            "pkt_pos": "4012149",
            "pkt_size": "7060",
            "width": 1920,
            "height": 1080,
            "crop_top": 0,
            "crop_bottom": 0,
            "crop_left": 0,
            "crop_right": 0,
            "pix_fmt": "yuv420p",
            "pict_type": "B",
            "interlaced_frame": 0,
            "top_field_first": 0,
            "lossless": 0,
            "repeat_pict": 0,
            "color_range": "tv",
            "color_space": "bt709",
            "color_primaries": "bt709",
            "color_transfer": "iec61966-2-1",
            "chroma_location": "left"
        },
        {
            "media_type": "video",
            "stream_index": 0,
            "key_frame": 0,
            "pts": 38912,
            "pts_time": "3.040000",
            "pkt_dts": 38912,
            "pkt_dts_time": "3.040000",
            "best_effort_timestamp": 38912,
            "best_effort_timestamp_time": "3.040000",
            "duration": 512,
            "duration_time": "0.040000",
            "pkt_pos": "3852311",
            "pkt_size": "134944",
            "width": 1920,
            "height": 1080,
            "crop_top": 0,
            "crop_bottom": 0,
            "crop_left": 0,
            "crop_right": 0,
            "pix_fmt": "yuv420p",
            "pict_type": "P",
            "interlaced_frame": 0,
            "top_field_first": 0,
            "lossless": 0,
            "repeat_pict": 0,
            "color_range": "tv",
            "color_space": "bt709",
            "color_primaries": "bt709",
            "color_transfer": "iec61966-2-1",
            "chroma_location": "left"
        },
        {
            "media_type": "video",
            "stream_index": 0,
            "key_frame": 0,
            "pts": 39424,
            "pts_time": "3.080000",
            "pkt_dts": 39424,
            "pkt_dts_time": "3.080000",
            "best_effort_timestamp": 39424,
            "best_effort_timestamp_time": "3.080000",
            "duration": 512,
            "duration_time": "0.040000",
            "pkt_pos": "4139164",
            "pkt_size": "6125",
            "width": 1920,
            "height": 1080,
            "crop_top": 0,
            "crop_bottom": 0,
            "crop_left": 0,
            "crop_right": 0,
            "pix_fmt": "yuv420p",
            "pict_type": "B",
            "interlaced_frame": 0,
            "top_field_first": 0,
            "lossless": 0,
            "repeat_pict": 0,
            "color_range": "tv",
            "color_space": "bt709",
            "color_primaries": "bt709",
            "color_transfer": "iec61966-2-1",
            "chroma_location": "left"
        },
        {
            "media_type": "video",
            "stream_index": 0,
            "key_frame": 0,
            "pts": 39936,
            "pts_time": "3.120000",
            "pkt_dts": 39936,
            "pkt_dts_time": "3.120000",
            "best_effort_timestamp": 39936,
            "best_effort_timestamp_time": "3.120000",
            "duration": 512,
            "duration_time": "0.040000",
            "pkt_pos": "4126201",
            "pkt_size": "12963",
            "width": 1920,
            "height": 1080,
            "crop_top": 0,
            "crop_bottom": 0,
            "crop_left": 0,
            "crop_right": 0,
            "pix_fmt": "yuv420p",
            "pict_type": "B",
            "interlaced_frame": 0,
            "top_field_first": 0,
            "lossless": 0,
            "repeat_pict": 0,
            "color_range": "tv",
            "color_space": "bt709",
            "color_primaries": "bt709",
            "color_transfer": "iec61966-2-1",
            "chroma_location": "left"
        },
        {
            "media_type": "video",
            "stream_index": 0,
            "key_frame": 0,
            "pts": 40448,
            "pts_time": "3.160000",
            "pkt_dts": 40448,
            "pkt_dts_time": "3.160000",
            "best_effort_timestamp": 40448,
            "best_effort_timestamp_time": "3.160000",
            "duration": 512,
            "duration_time": "0.040000",
            "pkt_pos": "4145289",
            "pkt_size": "7089",
            "width": 1920,
            "height": 1080,
            "crop_top": 0,
            "crop_bottom": 0,
            "crop_left": 0,
            "crop_right": 0,
            "pix_fmt": "yuv420p",
            "pict_type": "B",
            "interlaced_frame": 0,
            "top_field_first": 0,
            "lossless": 0,
            "repeat_pict": 0,
            "color_range": "tv",
            "color_space": "bt709",
            "color_primaries": "bt709",
            "color_transfer": "iec61966-2-1",
            "chroma_location": "left"
        },
        {
            "media_type": "video",
            "stream_index": 0,
            "key_frame": 0,
            "pts": 40960,
            "pts_time": "3.200000",
            "pkt_dts": 40960,
            "pkt_dts_time": "3.200000",
            "best_effort_timestamp": 40960,
            "best_effort_timestamp_time": "3.200000",
            "duration": 512,
            "duration_time": "0.040000",
            "pkt_pos": "4019209",
            "pkt_size": "106992",
            "width": 1920,
            "height": 1080,
            "crop_top": 0,
            "crop_bottom": 0,
            "crop_left": 0,
            "crop_right": 0,
            "pix_fmt": "yuv420p",
            "pict_type": "P",
            "interlaced_frame": 0,
            "top_field_first": 0,
            "lossless": 0,
            "repeat_pict": 0,
            "color_range": "tv",
            "color_space": "bt709",
            "color_primaries": "bt709",
            "color_transfer": "iec61966-2-1",
            "chroma_location": "left"
        },
        {
            "media_type": "video",
            "stream_index": 0,
            "key_frame": 0,
            "pts": 41472,
            "pts_time": "3.240000",
            "pkt_dts": 41472,
            "pkt_dts_time": "3.240000",
            "best_effort_timestamp": 41472,
            "best_effort_timestamp_time": "3.240000",
            "duration": 512,
            "duration_time": "0.040000",
            "pkt_pos": "4264808",
            "pkt_size": "7047",
            "width": 1920,
            "height": 1080,
            "crop_top": 0,
            "crop_bottom": 0,
            "crop_left": 0,
            "crop_right": 0,
            "pix_fmt": "yuv420p",
            "pict_type": "B",
            "interlaced_frame": 0,
            "top_field_first": 0,
            "lossless": 0,
            "repeat_pict": 0,
            "color_range": "tv",
            "color_space": "bt709",
            "color_primaries": "bt709",
            "color_transfer": "iec61966-2-1",
            "chroma_location": "left"
        },
        {
            "media_type": "video",
            "stream_index": 0,
            "key_frame": 0,
            "pts": 41984,
            "pts_time": "3.280000",
            "pkt_dts": 41984,
            "pkt_dts_time": "3.280000",
            "best_effort_timestamp": 41984,
            "best_effort_timestamp_time": "3.280000",
            "duration": 512,
            "duration_time": "0.040000",
            "pkt_pos": "4250758",
            "pkt_size": "14050",
            "width": 1920,
            "height": 1080,
            "crop_top": 0,
            "crop_bottom": 0,
            "crop_left": 0,
            "crop_right": 0,
            "pix_fmt": "yuv420p",
            "pict_type": "B",
            "interlaced_frame": 0,
            "top_field_first": 0,
            "lossless": 0,
            "repeat_pict": 0,
            "color_range": "tv",
            "color_space": "bt709",
            "color_primaries": "bt709",
            "color_transfer": "iec61966-2-1",
            "chroma_location": "left"
        },
        {
            "media_type": "video",
            "stream_index": 0,
            "key_frame": 0,
            "pts": 42496,
            "pts_time": "3.320000",
            "pkt_dts": 42496,
            "pkt_dts_time": "3.320000",
            "best_effort_timestamp": 42496,
            "best_effort_timestamp_time": "3.320000",
            "duration": 512,
            "duration_time": "0.040000",
            "pkt_pos": "4271855",
            "pkt_size": "7148",
            "width": 1920,
            "height": 1080,
            "crop_top": 0,
            "crop_bottom": 0,
            "crop_left": 0,
            "crop_right": 0,
            "pix_fmt": "yuv420p",
            "pict_type": "B",
            "interlaced_frame": 0,
            "top_field_first": 0,
            "lossless": 0,
            "repeat_pict": 0,
            "color_range": "tv",
            "color_space": "bt709",
            "color_primaries": "bt709",
            "color_transfer": "iec61966-2-1",
            "chroma_location": "left"
        },
        {
            "media_type": "video",
            "stream_index": 0,
            "key_frame": 0,
            "pts": 43008,
            "pts_time": "3.360000",
            "pkt_dts": 43008,
            "pkt_dts_time": "3.360000",
            "best_effort_timestamp": 43008,
            "best_effort_timestamp_time": "3.360000",
            "duration": 512,
            "duration_time": "0.040000",
            "pkt_pos": "4152378",
            "pkt_size": "98380",
            "width": 1920,
            "height": 1080,
            "crop_top": 0,
            "crop_bottom": 0,
            "crop_left": 0,
            "crop_right": 0,
            "pix_fmt": "yuv420p",
            "pict_type": "P",
            "interlaced_frame": 0,
            "top_field_first": 0,
            "lossless": 0,
            "repeat_pict": 0,
            "color_range": "tv",
            "color_space": "bt709",
            "color_primaries": "bt709",
            "color_transfer": "iec61966-2-1",
            "chroma_location": "left"
        },
        {
            "media_type": "video",
            "stream_index": 0,
            "key_frame": 0,
            "pts": 43520,
            "pts_time": "3.400000",
            "pkt_dts": 43520,
            "pkt_dts_time": "3.400000",
            "best_effort_timestamp": 43520,
            "best_effort_timestamp_time": "3.400000",
            "duration": 512,
            "duration_time": "0.040000",
            "pkt_pos": "4413991",
            "pkt_size": "8686",
            "width": 1920,
            "height": 1080,
            "crop_top": 0,
            "crop_bottom": 0,
            "crop_left": 0,
            "crop_right": 0,
            "pix_fmt": "yuv420p",
            "pict_type": "B",
            "interlaced_frame": 0,
            "top_field_first": 0,
            "lossless": 0,
            "repeat_pict": 0,
            "color_range": "tv",
            "color_space": "bt709",
            "color_primaries": "bt709",
            "color_transfer": "iec61966-2-1",
            "chroma_location": "left"
        },
        {
            "media_type": "video",
            "stream_index": 0,
            "key_frame": 0,
            "pts": 44032,
            "pts_time": "3.440000",
            "pkt_dts": 44032,
            "pkt_dts_time": "3.440000",
            "best_effort_timestamp": 44032,
            "best_effort_timestamp_time": "3.440000",
            "duration": 512,
            "duration_time": "0.040000",
            "pkt_pos": "4395531",
            "pkt_size": "18460",
            "width": 1920,
            "height": 1080,
            "crop_top": 0,
            "crop_bottom": 0,
            "crop_left": 0,
            "crop_right": 0,
            "pix_fmt": "yuv420p",
            "pict_type": "B",
            "interlaced_frame": 0,
            "top_field_first": 0,
            "lossless": 0,
            "repeat_pict": 0,
            "color_range": "tv",
            "color_space": "bt709",
            "color_primaries": "bt709",
            "color_transfer": "iec61966-2-1",
            "chroma_location": "left"
        },
        {
            "media_type": "video",
            "stream_index": 0,
            "key_frame": 0,
            "pts": 44544,
            "pts_time": "3.480000",
            "pkt_dts": 44544,
            "pkt_dts_time": "3.480000",
            "best_effort_timestamp": 44544,
            "best_effort_timestamp_time": "3.480000",
            "duration": 512,
            "duration_time": "0.040000",
            "pkt_pos": "4422677",
            "pkt_size": "7511",
            "width": 1920,
            "height": 1080,
            "crop_top": 0,
            "crop_bottom": 0,
            "crop_left": 0,
            "crop_right": 0,
            "pix_fmt": "yuv420p",
            "pict_type": "B",
            "interlaced_frame": 0,
            "top_field_first": 0,
            "lossless": 0,
            "repeat_pict": 0,
            "color_range": "tv",
            "color_space": "bt709",
            "color_primaries": "bt709",
            "color_transfer": "iec61966-2-1",
            "chroma_location": "left"
        },
        {
            "media_type": "video",
            "stream_index": 0,
            "key_frame": 0,
            "pts": 45056,
            "pts_time": "3.520000",
            "pkt_dts": 45056,
            "pkt_dts_time": "3.520000",
            "best_effort_timestamp": 45056,
            "best_effort_timestamp_time": "3.520000",
            "duration": 512,
            "duration_time": "0.040000",
            "pkt_pos": "4279003",
            "pkt_size": "116528",
            "width": 1920,
            "height": 1080,
            "crop_top": 0,
            "crop_bottom": 0,
            "crop_left": 0,
            "crop_right": 0,
            "pix_fmt": "yuv420p",
            "pict_type": "P",
            "interlaced_frame": 0,
            "top_field_first": 0,
            "lossless": 0,
            "repeat_pict": 0,
            "color_range": "tv",
            "color_space": "bt709",
            "color_primaries": "bt709",
            "color_transfer": "iec61966-2-1",
            "chroma_location": "left"
        },
        {
            "media_type": "video",
            "stream_index": 0,
            "key_frame": 0,
            "pts": 45568,
            "pts_time": "3.560000",
            "pkt_dts": 45568,
            "pkt_dts_time": "3.560000",
            "best_effort_timestamp": 45568,
            "best_effort_timestamp_time": "3.560000",
            "duration": 512,
            "duration_time": "0.040000",
            "pkt_pos": "4620872",
            "pkt_size": "11561",
            "width": 1920,
            "height": 1080,
            "crop_top": 0,
            "crop_bottom": 0,
            "crop_left": 0,
            "crop_right": 0,
            "pix_fmt": "yuv420p",
            "pict_type": "B",
            "interlaced_frame": 0,
            "top_field_first": 0,
            "lossless": 0,
            "repeat_pict": 0,
            "color_range": "tv",
            "color_space": "bt709",
            "color_primaries": "bt709",
            "color_transfer": "iec61966-2-1",
            "chroma_location": "left"
        },
        {
            "media_type": "video",
            "stream_index": 0,
            "key_frame": 0,
            "pts": 46080,
            "pts_time": "3.600000",
            "pkt_dts": 46080,
            "pkt_dts_time": "3.600000",
            "best_effort_timestamp": 46080,
            "best_effort_timestamp_time": "3.600000",
            "duration": 512,
            "duration_time": "0.040000",
            "pkt_pos": "4585017",
            "pkt_size": "35855",
            "width": 1920,
            "height": 1080,
            "crop_top": 0,
            "crop_bottom": 0,
            "crop_left": 0,
            "crop_right": 0,
            "pix_fmt": "yuv420p",
            "pict_type": "B",
            "interlaced_frame": 0,
            "top_field_first": 0,
            "lossless": 0,
            "repeat_pict": 0,
            "color_range": "tv",
            "color_space": "bt709",
            "color_primaries": "bt709",
            "color_transfer": "iec61966-2-1",
            "chroma_location": "left"
        },
        {
            "media_type": "video",
            "stream_index": 0,
            "key_frame": 0,
            "pts": 46592,
            "pts_time": "3.640000",
            "pkt_dts": 46592,
            "pkt_dts_time": "3.640000",
            "best_effort_timestamp": 46592,
            "best_effort_timestamp_time": "3.640000",
            "duration": 512,
            "duration_time": "0.040000",
            "pkt_pos": "4632433",
            "pkt_size": "24996",
            "width": 1920,
            "height": 1080,
            "crop_top": 0,
            "crop_bottom": 0,
            "crop_left": 0,
            "crop_right": 0,
            "pix_fmt": "yuv420p",
            "pict_type": "B",
            "interlaced_frame": 0,
            "top_field_first": 0,
            "lossless": 0,
            "repeat_pict": 0,
            "color_range": "tv",
            "color_space": "bt709",
            "color_primaries": "bt709",
            "color_transfer": "iec61966-2-1",
            "chroma_location": "left"
        },
        {
            "media_type": "video",
            "stream_index": 0,
            "key_frame": 0,
            "pts": 47104,
            "pts_time": "3.680000",
            "pkt_dts": 47104,
            "pkt_dts_time": "3.680000",
            "best_effort_timestamp": 47104,
            "best_effort_timestamp_time": "3.680000",
            "duration": 512,
            "duration_time": "0.040000",
            "pkt_pos": "4430188",
            "pkt_size": "154829",
            "width": 1920,
            "height": 1080,
            "crop_top": 0,
            "crop_bottom": 0,
            "crop_left": 0,
            "crop_right": 0,
            "pix_fmt": "yuv420p",
            "pict_type": "P",
            "interlaced_frame": 0,
            "top_field_first": 0,
            "lossless": 0,
            "repeat_pict": 0,
            "color_range": "tv",
            "color_space": "bt709",
            "color_primaries": "bt709",
            "color_transfer": "iec61966-2-1",
            "chroma_location": "left"
        },
        {
            "media_type": "video",
            "stream_index": 0,
            "key_frame": 0,
            "pts": 47616,
            "pts_time": "3.720000",
            "pkt_dts": 47616,
            "pkt_dts_time": "3.720000",
            "best_effort_timestamp": 47616,
            "best_effort_timestamp_time": "3.720000",
            "duration": 512,
            "duration_time": "0.040000",
            "pkt_pos": "4871436",
            "pkt_size": "24468",
            "width": 1920,
            "height": 1080,
            "crop_top": 0,
            "crop_bottom": 0,
            "crop_left": 0,
            "crop_right": 0,
            "pix_fmt": "yuv420p",
            "pict_type": "B",
            "interlaced_frame": 0,
            "top_field_first": 0,
            "lossless": 0,
            "repeat_pict": 0,
            "color_range": "tv",
            "color_space": "bt709",
            "color_primaries": "bt709",
            "color_transfer": "iec61966-2-1",
            "chroma_location": "left"
        },
        {
            "media_type": "video",
            "stream_index": 0,
            "key_frame": 0,
            "pts": 48128,
            "pts_time": "3.760000",
            "pkt_dts": 48128,
            "pkt_dts_time": "3.760000",
            "best_effort_timestamp": 48128,
            "best_effort_timestamp_time": "3.760000",
            "duration": 512,
            "duration_time": "0.040000",
            "pkt_pos": "4818846",
            "pkt_size": "52590",
            "width": 1920,
            "height": 1080,
            "crop_top": 0,
            "crop_bottom": 0,
            "crop_left": 0,
            "crop_right": 0,
            "pix_fmt": "yuv420p",
            "pict_type": "B",
            "interlaced_frame": 0,
            "top_field_first": 0,
            "lossless": 0,
            "repeat_pict": 0,
            "color_range": "tv",
            "color_space": "bt709",
            "color_primaries": "bt709",
            "color_transfer": "iec61966-2-1",
            "chroma_location": "left"
        },
        {
            "media_type": "video",
            "stream_index": 0,
            "key_frame": 0,
            "pts": 48640,
            "pts_time": "3.800000",
            "pkt_dts": 48640,
            "pkt_dts_time": "3.800000",
            "best_effort_timestamp": 48640,
            "best_effort_timestamp_time": "3.800000",
            "duration": 512,
            "duration_time": "0.040000",
            "pkt_pos": "4895904",
            "pkt_size": "29187",
            "width": 1920,
            "height": 1080,
            "crop_top": 0,
            "crop_bottom": 0,
            "crop_left": 0,
            "crop_right": 0,
            "pix_fmt": "yuv420p",
            "pict_type": "B",
            "interlaced_frame": 0,
            "top_field_first": 0,
            "lossless": 0,
            "repeat_pict": 0,
            "color_range": "tv",
            "color_space": "bt709",
            "color_primaries": "bt709",
            "color_transfer": "iec61966-2-1",
            "chroma_location": "left"
        },
        {
            "media_type": "video",
            "stream_index": 0,
            "key_frame": 0,
            "pts": 49152,
            "pts_time": "3.840000",
            "pkt_dts": 49152,
            "pkt_dts_time": "3.840000",
            "best_effort_timestamp": 49152,
            "best_effort_timestamp_time": "3.840000",
            "duration": 512,
            "duration_time": "0.040000",
            "pkt_pos": "4657429",
            "pkt_size": "161417",
            "width": 1920,
            "height": 1080,
            "crop_top": 0,
            "crop_bottom": 0,
            "crop_left": 0,
            "crop_right": 0,
            "pix_fmt": "yuv420p",
            "pict_type": "P",
            "interlaced_frame": 0,
            "top_field_first": 0,
            "lossless": 0,
            "repeat_pict": 0,
            "color_range": "tv",
            "color_space": "bt709",
            "color_primaries": "bt709",
            "color_transfer": "iec61966-2-1",
            "chroma_location": "left"
        },
        {
            "media_type": "video",
            "stream_index": 0,
            "key_frame": 0,
            "pts": 49664,
            "pts_time": "3.880000",
            "pkt_dts": 49664,
            "pkt_dts_time": "3.880000",
            "best_effort_timestamp": 49664,
            "best_effort_timestamp_time": "3.880000",
            "duration": 512,
            "duration_time": "0.040000",
            "pkt_pos": "5147900",
            "pkt_size": "27394",
            "width": 1920,
            "height": 1080,
            "crop_top": 0,
            "crop_bottom": 0,
            "crop_left": 0,
            "crop_right": 0,
            "pix_fmt": "yuv420p",
            "pict_type": "B",
            "interlaced_frame": 0,
            "top_field_first": 0,
            "lossless": 0,
            "repeat_pict": 0,
            "color_range": "tv",
            "color_space": "bt709",
            "color_primaries": "bt709",
            "color_transfer": "iec61966-2-1",
            "chroma_location": "left"
        },
        {
            "media_type": "video",
            "stream_index": 0,
            "key_frame": 0,
            "pts": 50176,
            "pts_time": "3.920000",
            "pkt_dts": 50176,
            "pkt_dts_time": "3.920000",
            "best_effort_timestamp": 50176,
            "best_effort_timestamp_time": "3.920000",
            "duration": 512,
            "duration_time": "0.040000",
            "pkt_pos": "5099160",
            "pkt_size": "48740",
            "width": 1920,
            "height": 1080,
            "crop_top": 0,
            "crop_bottom": 0,
            "crop_left": 0,
            "crop_right": 0,
            "pix_fmt": "yuv420p",
            "pict_type": "B",
            "interlaced_frame": 0,
            "top_field_first": 0,
            "lossless": 0,
            "repeat_pict": 0,
            "color_range": "tv",
            "color_space": "bt709",
            "color_primaries": "bt709",
            "color_transfer": "iec61966-2-1",
            "chroma_location": "left"
        },
        {
            "media_type": "video",
            "stream_index": 0,
            "key_frame": 0,
            "pts": 50688,
            "pts_time": "3.960000",
            "pkt_dts": 50688,
            "pkt_dts_time": "3.960000",
            "best_effort_timestamp": 50688,
            "best_effort_timestamp_time": "3.960000",
            "duration": 512,
            "duration_time": "0.040000",
            "pkt_pos": "5175294",
            "pkt_size": "19655",
            "width": 1920,
            "height": 1080,
            "crop_top": 0,
            "crop_bottom": 0,
            "crop_left": 0,
            "crop_right": 0,
            "pix_fmt": "yuv420p",
            "pict_type": "B",
            "interlaced_frame": 0,
            "top_field_first": 0,
            "lossless": 0,
            "repeat_pict": 0,
            "color_range": "tv",
            "color_space": "bt709",
            "color_primaries": "bt709",
            "color_transfer": "iec61966-2-1",
            "chroma_location": "left"
        },
        {
            "media_type": "video",
            "stream_index": 0,
            "key_frame": 0,
            "pts": 51200,
            "pts_time": "4.000000",
            "pkt_dts": 51200,
            "pkt_dts_time": "4.000000",
            "best_effort_timestamp": 51200,
            "best_effort_timestamp_time": "4.000000",
            "duration": 512,
            "duration_time": "0.040000",
            "pkt_pos": "4925091",
            "pkt_size": "174069",
            "width": 1920,
            "height": 1080,
            "crop_top": 0,
            "crop_bottom": 0,
            "crop_left": 0,
            "crop_right": 0,
            "pix_fmt": "yuv420p",
            "pict_type": "P",
            "interlaced_frame": 0,
            "top_field_first": 0,
            "lossless": 0,
            "repeat_pict": 0,
            "color_range": "tv",
            "color_space": "bt709",
            "color_primaries": "bt709",
            "color_transfer": "iec61966-2-1",
            "chroma_location": "left"
        },
        {
            "media_type": "video",
            "stream_index": 0,
            "key_frame": 0,
            "pts": 51712,
            "pts_time": "4.040000",
            "pkt_dts": 51712,
            "pkt_dts_time": "4.040000",
            "best_effort_timestamp": 51712,
            "best_effort_timestamp_time": "4.040000",
            "duration": 512,
            "duration_time": "0.040000",
            "pkt_pos": "5403223",
            "pkt_size": "16167",
            "width": 1920,
            "height": 1080,
            "crop_top": 0,
            "crop_bottom": 0,
            "crop_left": 0,
            "crop_right": 0,
            "pix_fmt": "yuv420p",
            "pict_type": "B",
            "interlaced_frame": 0,
            "top_field_first": 0,
            "lossless": 0,
            "repeat_pict": 0,
            "color_range": "tv",
            "color_space": "bt709",
            "color_primaries": "bt709",
            "color_transfer": "iec61966-2-1",
            "chroma_location": "left"
        },
        {
            "media_type": "video",
            "stream_index": 0,
            "key_frame": 0,
            "pts": 52224,
            "pts_time": "4.080000",
            "pkt_dts": 52224,
            "pkt_dts_time": "4.080000",
            "best_effort_timestamp": 52224,
            "best_effort_timestamp_time": "4.080000",
            "duration": 512,
            "duration_time": "0.040000",
            "pkt_pos": "5360270",
            "pkt_size": "42953",
            "width": 1920,
            "height": 1080,
            "crop_top": 0,
            "crop_bottom": 0,
            "crop_left": 0,
            "crop_right": 0,
            "pix_fmt": "yuv420p",
            "pict_type": "B",
            "interlaced_frame": 0,
            "top_field_first": 0,
            "lossless": 0,
            "repeat_pict": 0,
            "color_range": "tv",
            "color_space": "bt709",
            "color_primaries": "bt709",
            "color_transfer": "iec61966-2-1",
            "chroma_location": "left"
        },
        {
            "media_type": "video",
            "stream_index": 0,
            "key_frame": 0,
            "pts": 52736,
            "pts_time": "4.120000",
            "pkt_dts": 52736,
            "pkt_dts_time": "4.120000",
            "best_effort_timestamp": 52736,
            "best_effort_timestamp_time": "4.120000",
            "duration": 512,
            "duration_time": "0.040000",
            "pkt_pos": "5419390",
            "pkt_size": "16123",
            "width": 1920,
            "height": 1080,
            "crop_top": 0,
            "crop_bottom": 0,
            "crop_left": 0,
            "crop_right": 0,
            "pix_fmt": "yuv420p",
            "pict_type": "B",
            "interlaced_frame": 0,
            "top_field_first": 0,
            "lossless": 0,
            "repeat_pict": 0,
            "color_range": "tv",
            "color_space": "bt709",
            "color_primaries": "bt709",
            "color_transfer": "iec61966-2-1",
            "chroma_location": "left"
        },
        {
            "media_type": "video",
            "stream_index": 0,
            "key_frame": 0,
            "pts": 53248,
            "pts_time": "4.160000",
            "pkt_dts": 53248,
            "pkt_dts_time": "4.160000",
            "best_effort_timestamp": 53248,
            "best_effort_timestamp_time": "4.160000",
            "duration": 512,
            "duration_time": "0.040000",
            "pkt_pos": "5194949",
            "pkt_size": "165321",
            "width": 1920,
            "height": 1080,
            "crop_top": 0,
            "crop_bottom": 0,
            "crop_left": 0,
            "crop_right": 0,
            "pix_fmt": "yuv420p",
            "pict_type": "P",
            "interlaced_frame": 0,
            "top_field_first": 0,
            "lossless": 0,
            "repeat_pict": 0,
            "color_range": "tv",
            "color_space": "bt709",
            "color_primaries": "bt709",
            "color_transfer": "iec61966-2-1",
            "chroma_location": "left"
        },
        {
            "media_type": "video",
            "stream_index": 0,
            "key_frame": 0,
            "pts": 53760,
            "pts_time": "4.200000",
            "pkt_dts": 53760,
            "pkt_dts_time": "4.200000",
            "best_effort_timestamp": 53760,
            "best_effort_timestamp_time": "4.200000",
            "duration": 512,
            "duration_time": "0.040000",
            "pkt_pos": "5571747",
            "pkt_size": "11820",
            "width": 1920,
            "height": 1080,
            "crop_top": 0,
            "crop_bottom": 0,
            "crop_left": 0,
            "crop_right": 0,
            "pix_fmt": "yuv420p",
            "pict_type": "B",
            "interlaced_frame": 0,
            "top_field_first": 0,
            "lossless": 0,
            "repeat_pict": 0,
            "color_range": "tv",
            "color_space": "bt709",
            "color_primaries": "bt709",
            "color_transfer": "iec61966-2-1",
            "chroma_location": "left"
        },
        {
            "media_type": "video",
            "stream_index": 0,
            "key_frame": 0,
            "pts": 54272,
            "pts_time": "4.240000",
            "pkt_dts": 54272,
            "pkt_dts_time": "4.240000",
            "best_effort_timestamp": 54272,
            "best_effort_timestamp_time": "4.240000",
            "duration": 512,
            "duration_time": "0.040000",
            "pkt_pos": "5551464",
            "pkt_size": "20283",
            "width": 1920,
            "height": 1080,
            "crop_top": 0,
            "crop_bottom": 0,
            "crop_left": 0,
            "crop_right": 0,
            "pix_fmt": "yuv420p",
            "pict_type": "B",
            "interlaced_frame": 0,
            "top_field_first": 0,
            "lossless": 0,
            "repeat_pict": 0,
            "color_range": "tv",
            "color_space": "bt709",
            "color_primaries": "bt709",
            "color_transfer": "iec61966-2-1",
            "chroma_location": "left"
        },
        {
            "media_type": "video",
            "stream_index": 0,
            "key_frame": 0,
            "pts": 54784,
            "pts_time": "4.280000",
            "pkt_dts": 54784,
            "pkt_dts_time": "4.280000",
            "best_effort_timestamp": 54784,
            "best_effort_timestamp_time": "4.280000",
            "duration": 512,
            "duration_time": "0.040000",
            "pkt_pos": "5583567",
            "pkt_size": "8320",
            "width": 1920,
            "height": 1080,
            "crop_top": 0,
            "crop_bottom": 0,
            "crop_left": 0,
            "crop_right": 0,
            "pix_fmt": "yuv420p",
            "pict_type": "B",
            "interlaced_frame": 0,
            "top_field_first": 0,
            "lossless": 0,
            "repeat_pict": 0,
            "color_range": "tv",
            "color_space": "bt709",
            "color_primaries": "bt709",
            "color_transfer": "iec61966-2-1",
            "chroma_location": "left"
        },
        {
            "media_type": "video",
            "stream_index": 0,
            "key_frame": 0,
            "pts": 55296,
            "pts_time": "4.320000",
            "pkt_dts": 55296,
            "pkt_dts_time": "4.320000",
            "best_effort_timestamp": 55296,
            "best_effort_timestamp_time": "4.320000",
            "duration": 512,
            "duration_time": "0.040000",
            "pkt_pos": "5435513",
            "pkt_size": "115951",
            "width": 1920,
            "height": 1080,
            "crop_top": 0,
            "crop_bottom": 0,
            "crop_left": 0,
            "crop_right": 0,
            "pix_fmt": "yuv420p",
            "pict_type": "P",
            "interlaced_frame": 0,
            "top_field_first": 0,
            "lossless": 0,
            "repeat_pict": 0,
            "color_range": "tv",
            "color_space": "bt709",
            "color_primaries": "bt709",
            "color_transfer": "iec61966-2-1",
            "chroma_location": "left"
        },
        {
            "media_type": "video",
            "stream_index": 0,
            "key_frame": 0,
            "pts": 55808,
            "pts_time": "4.360000",
            "pkt_dts": 55808,
            "pkt_dts_time": "4.360000",
            "best_effort_timestamp": 55808,
            "best_effort_timestamp_time": "4.360000",
            "duration": 512,
            "duration_time": "0.040000",
            "pkt_pos": "5696240",
            "pkt_size": "8076",
            "width": 1920,
            "height": 1080,
            "crop_top": 0,
            "crop_bottom": 0,
            "crop_left": 0,
            "crop_right": 0,
            "pix_fmt": "yuv420p",
            "pict_type": "B",
            "interlaced_frame": 0,
            "top_field_first": 0,
            "lossless": 0,
            "repeat_pict": 0,
            "color_range": "tv",
            "color_space": "bt709",
            "color_primaries": "bt709",
            "color_transfer": "iec61966-2-1",
            "chroma_location": "left"
        },
        {
            "media_type": "video",
            "stream_index": 0,
            "key_frame": 0,
            "pts": 56320,
            "pts_time": "4.400000",
            "pkt_dts": 56320,
            "pkt_dts_time": "4.400000",
            "best_effort_timestamp": 56320,
            "best_effort_timestamp_time": "4.400000",
            "duration": 512,
            "duration_time": "0.040000",
            "pkt_pos": "5681791",
            "pkt_size": "14449",
            "width": 1920,
            "height": 1080,
            "crop_top": 0,
            "crop_bottom": 0,
            "crop_left": 0,
            "crop_right": 0,
            "pix_fmt": "yuv420p",
            "pict_type": "B",
            "interlaced_frame": 0,
            "top_field_first": 0,
            "lossless": 0,
            "repeat_pict": 0,
            "color_range": "tv",
            "color_space": "bt709",
            "color_primaries": "bt709",
            "color_transfer": "iec61966-2-1",
            "chroma_location": "left"
        },
        {
            "media_type": "video",
            "stream_index": 0,
            "key_frame": 0,
            "pts": 56832,
            "pts_time": "4.440000",
            "pkt_dts": 56832,
            "pkt_dts_time": "4.440000",
            "best_effort_timestamp": 56832,
            "best_effort_timestamp_time": "4.440000",
            "duration": 512,
            "duration_time": "0.040000",
            "pkt_pos": "5704316",
            "pkt_size": "7456",
            "width": 1920,
            "height": 1080,
            "crop_top": 0,
            "crop_bottom": 0,
            "crop_left": 0,
            "crop_right": 0,
            "pix_fmt": "yuv420p",
            "pict_type": "B",
            "interlaced_frame": 0,
            "top_field_first": 0,
            "lossless": 0,
            "repeat_pict": 0,
            "color_range": "tv",
            "color_space": "bt709",
            "color_primaries": "bt709",
            "color_transfer": "iec61966-2-1",
            "chroma_location": "left"
        },
        {
            "media_type": "video",
            "stream_index": 0,
            "key_frame": 0,
            "pts": 57344,
            "pts_time": "4.480000",
            "pkt_dts": 57344,
            "pkt_dts_time": "4.480000",
            "best_effort_timestamp": 57344,
            "best_effort_timestamp_time": "4.480000",
            "duration": 512,
            "duration_time": "0.040000",
            "pkt_pos": "5591887",
            "pkt_size": "89904",
            "width": 1920,
            "height": 1080,
            "crop_top": 0,
            "crop_bottom": 0,
            "crop_left": 0,
            "crop_right": 0,
            "pix_fmt": "yuv420p",
            "pict_type": "P",
            "interlaced_frame": 0,
            "top_field_first": 0,
            "lossless": 0,
            "repeat_pict": 0,
            "color_range": "tv",
            "color_space": "bt709",
            "color_primaries": "bt709",
            "color_transfer": "iec61966-2-1",
            "chroma_location": "left"
        },
        {
            "media_type": "video",
            "stream_index": 0,
            "key_frame": 0,
            "pts": 57856,
            "pts_time": "4.520000",
            "pkt_dts": 57856,
            "pkt_dts_time": "4.520000",
            "best_effort_timestamp": 57856,
            "best_effort_timestamp_time": "4.520000",
            "duration": 512,
            "duration_time": "0.040000",
            "pkt_pos": "5802455",
            "pkt_size": "7980",
            "width": 1920,
            "height": 1080,
            "crop_top": 0,
            "crop_bottom": 0,
            "crop_left": 0,
            "crop_right": 0,
            "pix_fmt": "yuv420p",
            "pict_type": "B",
            "interlaced_frame": 0,
            "top_field_first": 0,
            "lossless": 0,
            "repeat_pict": 0,
            "color_range": "tv",
            "color_space": "bt709",
            "color_primaries": "bt709",
            "color_transfer": "iec61966-2-1",
            "chroma_location": "left"
        },
        {
            "media_type": "video",
            "stream_index": 0,
            "key_frame": 0,
            "pts": 58368,
            "pts_time": "4.560000",
            "pkt_dts": 58368,
            "pkt_dts_time": "4.560000",
            "best_effort_timestamp": 58368,
            "best_effort_timestamp_time": "4.560000",
            "duration": 512,
            "duration_time": "0.040000",
            "pkt_pos": "5788785",
            "pkt_size": "13670",
            "width": 1920,
            "height": 1080,
            "crop_top": 0,
            "crop_bottom": 0,
            "crop_left": 0,
            "crop_right": 0,
            "pix_fmt": "yuv420p",
            "pict_type": "B",
            "interlaced_frame": 0,
            "top_field_first": 0,
            "lossless": 0,
            "repeat_pict": 0,
            "color_range": "tv",
            "color_space": "bt709",
            "color_primaries": "bt709",
            "color_transfer": "iec61966-2-1",
            "chroma_location": "left"
        },
        {
            "media_type": "video",
            "stream_index": 0,
            "key_frame": 0,
            "pts": 58880,
            "pts_time": "4.600000",
            "pkt_dts": 58880,
            "pkt_dts_time": "4.600000",
            "best_effort_timestamp": 58880,
            "best_effort_timestamp_time": "4.600000",
            "duration": 512,
            "duration_time": "0.040000",
            "pkt_pos": "5810435",
            "pkt_size": "6574",
            "width": 1920,
            "height": 1080,
            "crop_top": 0,
            "crop_bottom": 0,
            "crop_left": 0,
            "crop_right": 0,
            "pix_fmt": "yuv420p",
            "pict_type": "B",
            "interlaced_frame": 0,
            "top_field_first": 0,
            "lossless": 0,
            "repeat_pict": 0,
            "color_range": "tv",
            "color_space": "bt709",
            "color_primaries": "bt709",
            "color_transfer": "iec61966-2-1",
            "chroma_location": "left"
        },
        {
            "media_type": "video",
            "stream_index": 0,
            "key_frame": 0,
            "pts": 59392,
            "pts_time": "4.640000",
            "pkt_dts": 59392,
            "pkt_dts_time": "4.640000",
            "best_effort_timestamp": 59392,
            "best_effort_timestamp_time": "4.640000",
            "duration": 512,
            "duration_time": "0.040000",
            "pkt_pos": "5711772",
            "pkt_size": "77013",
            "width": 1920,
            "height": 1080,
            "crop_top": 0,
            "crop_bottom": 0,
            "crop_left": 0,
            "crop_right": 0,
            "pix_fmt": "yuv420p",
            "pict_type": "P",
            "interlaced_frame": 0,
            "top_field_first": 0,
            "lossless": 0,
            "repeat_pict": 0,
            "color_range": "tv",
            "color_space": "bt709",
            "color_primaries": "bt709",
            "color_transfer": "iec61966-2-1",
            "chroma_location": "left"
        },
        {
            "media_type": "video",
            "stream_index": 0,
            "key_frame": 0,
            "pts": 59904,
            "pts_time": "4.680000",
            "pkt_dts": 59904,
            "pkt_dts_time": "4.680000",
            "best_effort_timestamp": 59904,
            "best_effort_timestamp_time": "4.680000",
            "duration": 512,
            "duration_time": "0.040000",
            "pkt_pos": "5910567",
            "pkt_size": "7371",
            "width": 1920,
            "height": 1080,
            "crop_top": 0,
            "crop_bottom": 0,
            "crop_left": 0,
            "crop_right": 0,
            "pix_fmt": "yuv420p",
            "pict_type": "B",
            "interlaced_frame": 0,
            "top_field_first": 0,
            "lossless": 0,
            "repeat_pict": 0,
            "color_range": "tv",
            "color_space": "bt709",
            "color_primaries": "bt709",
            "color_transfer": "iec61966-2-1",
            "chroma_location": "left"
        },
        {
            "media_type": "video",
            "stream_index": 0,
            "key_frame": 0,
            "pts": 60416,
            "pts_time": "4.720000",
            "pkt_dts": 60416,
            "pkt_dts_time": "4.720000",
            "best_effort_timestamp": 60416,
            "best_effort_timestamp_time": "4.720000",
            "duration": 512,
            "duration_time": "0.040000",
            "pkt_pos": "5893994",
            "pkt_size": "16573",
            "width": 1920,
            "height": 1080,
            "crop_top": 0,
            "crop_bottom": 0,
            "crop_left": 0,
            "crop_right": 0,
            "pix_fmt": "yuv420p",
            "pict_type": "B",
            "interlaced_frame": 0,
            "top_field_first": 0,
            "lossless": 0,
            "repeat_pict": 0,
            "color_range": "tv",
            "color_space": "bt709",
            "color_primaries": "bt709",
            "color_transfer": "iec61966-2-1",
            "chroma_location": "left"
        },
        {
            "media_type": "video",
            "stream_index": 0,
            "key_frame": 0,
            "pts": 60928,
            "pts_time": "4.760000",
            "pkt_dts": 60928,
            "pkt_dts_time": "4.760000",
            "best_effort_timestamp": 60928,
            "best_effort_timestamp_time": "4.760000",
            "duration": 512,
            "duration_time": "0.040000",
            "pkt_pos": "5917938",
            "pkt_size": "6633",
            "width": 1920,
            "height": 1080,
            "crop_top": 0,
            "crop_bottom": 0,
            "crop_left": 0,
            "crop_right": 0,
            "pix_fmt": "yuv420p",
            "pict_type": "B",
            "interlaced_frame": 0,
            "top_field_first": 0,
            "lossless": 0,
            "repeat_pict": 0,
            "color_range": "tv",
            "color_space": "bt709",
            "color_primaries": "bt709",
            "color_transfer": "iec61966-2-1",
            "chroma_location": "left"
        },
        {
            "media_type": "video",
            "stream_index": 0,
            "key_frame": 0,
            "pts": 61440,
            "pts_time": "4.800000",
            "pkt_dts": 61440,
            "pkt_dts_time": "4.800000",
            "best_effort_timestamp": 61440,
            "best_effort_timestamp_time": "4.800000",
            "duration": 512,
            "duration_time": "0.040000",
            "pkt_pos": "5817009",
            "pkt_size": "76985",
            "width": 1920,
            "height": 1080,
            "crop_top": 0,
            "crop_bottom": 0,
            "crop_left": 0,
            "crop_right": 0,
            "pix_fmt": "yuv420p",
            "pict_type": "P",
            "interlaced_frame": 0,
            "top_field_first": 0,
            "lossless": 0,
            "repeat_pict": 0,
            "color_range": "tv",
            "color_space": "bt709",
            "color_primaries": "bt709",
            "color_transfer": "iec61966-2-1",
            "chroma_location": "left"
        },
        {
            "media_type": "video",
            "stream_index": 0,
            "key_frame": 0,
            "pts": 61952,
            "pts_time": "4.840000",
            "pkt_dts": 61952,
            "pkt_dts_time": "4.840000",
            "best_effort_timestamp": 61952,
            "best_effort_timestamp_time": "4.840000",
            "duration": 512,
            "duration_time": "0.040000",
            "pkt_pos": "6017345",
            "pkt_size": "9740",
            "width": 1920,
            "height": 1080,
            "crop_top": 0,
            "crop_bottom": 0,
            "crop_left": 0,
            "crop_right": 0,
            "pix_fmt": "yuv420p",
            "pict_type": "B",
            "interlaced_frame": 0,
            "top_field_first": 0,
            "lossless": 0,
            "repeat_pict": 0,
            "color_range": "tv",
            "color_space": "bt709",
            "color_primaries": "bt709",
            "color_transfer": "iec61966-2-1",
            "chroma_location": "left"
        },
        {
            "media_type": "video",
            "stream_index": 0,
            "key_frame": 0,
            "pts": 62464,
            "pts_time": "4.880000",
            "pkt_dts": 62464,
            "pkt_dts_time": "4.880000",
            "best_effort_timestamp": 62464,
            "best_effort_timestamp_time": "4.880000",
            "duration": 512,
            "duration_time": "0.040000",
            "pkt_pos": "5995372",
            "pkt_size": "21973",
            "width": 1920,
            "height": 1080,
            "crop_top": 0,
            "crop_bottom": 0,
            "crop_left": 0,
            "crop_right": 0,
            "pix_fmt": "yuv420p",
            "pict_type": "B",
            "interlaced_frame": 0,
            "top_field_first": 0,
            "lossless": 0,
            "repeat_pict": 0,
            "color_range": "tv",
            "color_space": "bt709",
            "color_primaries": "bt709",
            "color_transfer": "iec61966-2-1",
            "chroma_location": "left"
        },
        {
            "media_type": "video",
            "stream_index": 0,
            "key_frame": 0,
            "pts": 62976,
            "pts_time": "4.920000",
            "pkt_dts": 62976,
            "pkt_dts_time": "4.920000",
            "best_effort_timestamp": 62976,
            "best_effort_timestamp_time": "4.920000",
            "duration": 512,
            "duration_time": "0.040000",
            "pkt_pos": "6027085",
            "pkt_size": "6187",
            "width": 1920,
            "height": 1080,
            "crop_top": 0,
            "crop_bottom": 0,
            "crop_left": 0,
            "crop_right": 0,
            "pix_fmt": "yuv420p",
            "pict_type": "B",
            "interlaced_frame": 0,
            "top_field_first": 0,
            "lossless": 0,
            "repeat_pict": 0,
            "color_range": "tv",
            "color_space": "bt709",
            "color_primaries": "bt709",
            "color_transfer": "iec61966-2-1",
            "chroma_location": "left"
        },
        {
            "media_type": "video",
            "stream_index": 0,
            "key_frame": 0,
            "pts": 63488,
            "pts_time": "4.960000",
            "pkt_dts": 63488,
            "pkt_dts_time": "4.960000",
            "best_effort_timestamp": 63488,
            "best_effort_timestamp_time": "4.960000",
            "duration": 512,
            "duration_time": "0.040000",
            "pkt_pos": "5924571",
            "pkt_size": "70801",
            "width": 1920,
            "height": 1080,
            "crop_top": 0,
            "crop_bottom": 0,
            "crop_left": 0,
            "crop_right": 0,
            "pix_fmt": "yuv420p",
            "pict_type": "P",
            "interlaced_frame": 0,
            "top_field_first": 0,
            "lossless": 0,
            "repeat_pict": 0,
            "color_range": "tv",
            "color_space": "bt709",
            "color_primaries": "bt709",
            "color_transfer": "iec61966-2-1",
            "chroma_location": "left"
        },
        {
            "media_type": "video",
            "stream_index": 0,
            "key_frame": 0,
            "pts": 64000,
            "pts_time": "5.000000",
            "pkt_dts": 64000,
            "pkt_dts_time": "5.000000",
            "best_effort_timestamp": 64000,
            "best_effort_timestamp_time": "5.000000",
            "duration": 512,
            "duration_time": "0.040000",
            "pkt_pos": "6090335",
            "pkt_size": "5347",
            "width": 1920,
            "height": 1080,
            "crop_top": 0,
            "crop_bottom": 0,
            "crop_left": 0,
            "crop_right": 0,
            "pix_fmt": "yuv420p",
            "pict_type": "B",
            "interlaced_frame": 0,
            "top_field_first": 0,
            "lossless": 0,
            "repeat_pict": 0,
            "color_range": "tv",
            "color_space": "bt709",
            "color_primaries": "bt709",
            "color_transfer": "iec61966-2-1",
            "chroma_location": "left"
        },
        {
            "media_type": "video",
            "stream_index": 0,
            "key_frame": 0,
            "pts": 64512,
            "pts_time": "5.040000",
            "pkt_dts": 64512,
            "pkt_dts_time": "5.040000",
            "best_effort_timestamp": 64512,
            "best_effort_timestamp_time": "5.040000",
            "duration": 512,
            "duration_time": "0.040000",
            "pkt_pos": "6067487",
            "pkt_size": "22848",
            "width": 1920,
            "height": 1080,
            "crop_top": 0,
            "crop_bottom": 0,
            "crop_left": 0,
            "crop_right": 0,
            "pix_fmt": "yuv420p",
            "pict_type": "B",
            "interlaced_frame": 0,
            "top_field_first": 0,
            "lossless": 0,
            "repeat_pict": 0,
            "color_range": "tv",
            "color_space": "bt709",
            "color_primaries": "bt709",
            "color_transfer": "iec61966-2-1",
            "chroma_location": "left"
        },
        {
            "media_type": "video",
            "stream_index": 0,
            "key_frame": 0,
            "pts": 65024,
            "pts_time": "5.080000",
            "best_effort_timestamp": 65024,
            "best_effort_timestamp_time": "5.080000",
            "duration": 512,
            "duration_time": "0.040000",
            "pkt_pos": "6095682",
            "pkt_size": "3859",
            "width": 1920,
            "height": 1080,
            "crop_top": 0,
            "crop_bottom": 0,
            "crop_left": 0,
            "crop_right": 0,
            "pix_fmt": "yuv420p",
            "pict_type": "B",
            "interlaced_frame": 0,
            "top_field_first": 0,
            "lossless": 0,
            "repeat_pict": 0,
            "color_range": "tv",
            "color_space": "bt709",
            "color_primaries": "bt709",
            "color_transfer": "iec61966-2-1",
            "chroma_location": "left"
        },
        {
            "media_type": "video",
            "stream_index": 0,
            "key_frame": 0,
            "pts": 65536,
            "pts_time": "5.120000",
            "best_effort_timestamp": 65536,
            "best_effort_timestamp_time": "5.120000",
            "duration": 512,
            "duration_time": "0.040000",
            "pkt_pos": "6033272",
            "pkt_size": "34215",
            "width": 1920,
            "height": 1080,
            "crop_top": 0,
            "crop_bottom": 0,
            "crop_left": 0,
            "crop_right": 0,
            "pix_fmt": "yuv420p",
            "pict_type": "P",
            "interlaced_frame": 0,
            "top_field_first": 0,
            "lossless": 0,
            "repeat_pict": 0,
            "color_range": "tv",
            "color_space": "bt709",
            "color_primaries": "bt709",
            "color_transfer": "iec61966-2-1",
            "chroma_location": "left"
        }
    ],
    "streams": [
        {
            "index": 0,
            "codec_name": "h264",
            "codec_long_name": "H.264 / AVC / MPEG-4 AVC / MPEG-4 part 10",
            "profile": "High",
            "codec_type": "video",
            "codec_tag_string": "avc1",
            "codec_tag": "0x31637661",
            "mime_codec_string": "avc1.640028",
            "width": 1920,
            "height": 1080,
            "coded_width": 1920,
            "coded_height": 1088,
            "has_b_frames": 2,
            "pix_fmt": "yuv420p",
            "level": 40,
            "color_range": "tv",
            "color_space": "bt709",
            "color_transfer": "iec61966-2-1",
            "color_primaries": "bt709",
            "chroma_location": "left",
            "field_order": "progressive",
            "refs": 4,
            "is_avc": "true",
            "nal_length_size": "4",
            "id": "0x1",
            "r_frame_rate": "25/1",
            "avg_frame_rate": "25/1",
            "time_base": "1/12800",
            "start_pts": 0,
            "start_time": "0.000000",
            "duration_ts": 66048,
            "duration": "5.160000",
            "bit_rate": "9451316",
            "bits_per_raw_sample": "8",
            "nb_frames": "129",
            "nb_read_frames": "129",
            "extradata_size": 50,
            "disposition": {
                "default": 1,
                "dub": 0,
                "original": 0,
                "comment": 0,
                "lyrics": 0,
                "karaoke": 0,
                "forced": 0,
                "hearing_impaired": 0,
                "visual_impaired": 0,
                "clean_effects": 0,
                "attached_pic": 0,
                "timed_thumbnails": 0,
                "non_diegetic": 0,
                "captions": 0,
                "descriptions": 0,
                "metadata": 0,
                "dependent": 0,
                "still_image": 0,
                "multilayer": 0
            },
            "tags": {
                "language": "und",
                "handler_name": "VideoHandler"
            }
        }
    ],
    "format": {
        "filename": "/Users/marcoandreose/DEV/lab/melotrail/docs/pictures/video/evidence/VG2-26/reading-20261002T093426Z/finish/review/tabi-read-comfy-1080p.mp4",
        "nb_streams": 1,
        "nb_programs": 0,
        "nb_stream_groups": 0,
        "format_name": "mov,mp4,m4a,3gp,3g2,mj2",
        "format_long_name": "QuickTime / MOV",
        "start_time": "0.000000",
        "duration": "5.160000",
        "size": "6099541",
        "bit_rate": "9456652",
        "probe_score": 100,
        "tags": {
            "major_brand": "isom",
            "minor_version": "512",
            "compatible_brands": "isomiso2avc1mp41",
            "prompt": "{\"1\": {\"class_type\": \"LoadVideo\", \"inputs\": {\"file\": \"accepted-motion.mp4\"}}, \"2\": {\"class_type\": \"GetVideoComponents\", \"inputs\": {\"video\": [\"1\", 0]}}, \"3\": {\"class_type\": \"UpscaleModelLoader\", \"inputs\": {\"model_name\": \"RealESRGAN_x2plus.pth\"}}, \"4\": {\"class_type\": \"ImageUpscaleWithModel\", \"inputs\": {\"upscale_model\": [\"3\", 0], \"image\": [\"2\", 0]}}, \"5\": {\"class_type\": \"ImageScale\", \"inputs\": {\"image\": [\"4\", 0], \"upscale_method\": \"lanczos\", \"width\": 1920, \"height\": 1080, \"crop\": \"disabled\"}}, \"15\": {\"class_type\": \"CreateVideo\", \"inputs\": {\"images\": [\"5\", 0], \"fps\": [\"2\", 2], \"bit_depth\": 8, \"color_space\": \"sRGB\"}}, \"16\": {\"class_type\": \"SaveVideo\", \"inputs\": {\"video\": [\"15\", 0], \"filename_prefix\": \"shots/tabi-fullhd-comfy\", \"format\": \"mp4\", \"format.codec\": \"h264\", \"format.codec.encoding\": \"re-encode\", \"format.codec.encoding.crf\": 16.0}}}",
            "encoder": "Lavf62.12.102"
        }
    }
}
OWNED_MEDIA_ELAPSED=PT0.562941792S
