{
    "frames": [
        {
            "media_type": "video",
            "stream_index": 0,
            "key_frame": 1,
            "pts": 0,
            "pts_time": "0.000000",
            "pkt_dts": 0,
            "pkt_dts_time": "0.000000",
            "best_effort_timestamp": 0,
            "best_effort_timestamp_time": "0.000000",
            "duration": 512,
            "duration_time": "0.040000",
            "pkt_pos": "1579",
            "pkt_size": "223771",
            "width": 1920,
            "height": 1080,
            "crop_top": 0,
            "crop_bottom": 0,
            "crop_left": 0,
            "crop_right": 0,
            "pix_fmt": "yuv420p",
            "pict_type": "I",
            "interlaced_frame": 0,
            "top_field_first": 0,
            "lossless": 0,
            "repeat_pict": 0,
            "color_range": "tv",
            "color_space": "bt709",
            "chroma_location": "left",
            "side_data_list": [
                {
                    "side_data_type": "H.26[45] User Data Unregistered SEI message"
                }
            ]
        },
        {
            "media_type": "video",
            "stream_index": 0,
            "key_frame": 0,
            "pts": 512,
            "pts_time": "0.040000",
            "pkt_dts": 512,
            "pkt_dts_time": "0.040000",
            "best_effort_timestamp": 512,
            "best_effort_timestamp_time": "0.040000",
            "duration": 512,
            "duration_time": "0.040000",
            "pkt_pos": "225350",
            "pkt_size": "103149",
            "width": 1920,
            "height": 1080,
            "crop_top": 0,
            "crop_bottom": 0,
            "crop_left": 0,
            "crop_right": 0,
            "pix_fmt": "yuv420p",
            "pict_type": "P",
            "interlaced_frame": 0,
            "top_field_first": 0,
            "lossless": 0,
            "repeat_pict": 0,
            "color_range": "tv",
            "color_space": "bt709",
            "chroma_location": "left"
        },
        {
            "media_type": "video",
            "stream_index": 0,
            "key_frame": 0,
            "pts": 1024,
            "pts_time": "0.080000",
            "pkt_dts": 1024,
            "pkt_dts_time": "0.080000",
            "best_effort_timestamp": 1024,
            "best_effort_timestamp_time": "0.080000",
            "duration": 512,
            "duration_time": "0.040000",
            "pkt_pos": "328499",
            "pkt_size": "63350",
            "width": 1920,
            "height": 1080,
            "crop_top": 0,
            "crop_bottom": 0,
            "crop_left": 0,
            "crop_right": 0,
            "pix_fmt": "yuv420p",
            "pict_type": "P",
            "interlaced_frame": 0,
            "top_field_first": 0,
            "lossless": 0,
            "repeat_pict": 0,
            "color_range": "tv",
            "color_space": "bt709",
            "chroma_location": "left"
        },
        {
            "media_type": "video",
            "stream_index": 0,
            "key_frame": 0,
            "pts": 1536,
            "pts_time": "0.120000",
            "pkt_dts": 1536,
            "pkt_dts_time": "0.120000",
            "best_effort_timestamp": 1536,
            "best_effort_timestamp_time": "0.120000",
            "duration": 512,
            "duration_time": "0.040000",
            "pkt_pos": "391849",
            "pkt_size": "63803",
            "width": 1920,
            "height": 1080,
            "crop_top": 0,
            "crop_bottom": 0,
            "crop_left": 0,
            "crop_right": 0,
            "pix_fmt": "yuv420p",
            "pict_type": "P",
            "interlaced_frame": 0,
            "top_field_first": 0,
            "lossless": 0,
            "repeat_pict": 0,
            "color_range": "tv",
            "color_space": "bt709",
            "chroma_location": "left"
        },
        {
            "media_type": "video",
            "stream_index": 0,
            "key_frame": 0,
            "pts": 2048,
            "pts_time": "0.160000",
            "pkt_dts": 2048,
            "pkt_dts_time": "0.160000",
            "best_effort_timestamp": 2048,
            "best_effort_timestamp_time": "0.160000",
            "duration": 512,
            "duration_time": "0.040000",
            "pkt_pos": "455652",
            "pkt_size": "75607",
            "width": 1920,
            "height": 1080,
            "crop_top": 0,
            "crop_bottom": 0,
            "crop_left": 0,
            "crop_right": 0,
            "pix_fmt": "yuv420p",
            "pict_type": "P",
            "interlaced_frame": 0,
            "top_field_first": 0,
            "lossless": 0,
            "repeat_pict": 0,
            "color_range": "tv",
            "color_space": "bt709",
            "chroma_location": "left"
        },
        {
            "media_type": "video",
            "stream_index": 0,
            "key_frame": 0,
            "pts": 2560,
            "pts_time": "0.200000",
            "pkt_dts": 2560,
            "pkt_dts_time": "0.200000",
            "best_effort_timestamp": 2560,
            "best_effort_timestamp_time": "0.200000",
            "duration": 512,
            "duration_time": "0.040000",
            "pkt_pos": "531259",
            "pkt_size": "72719",
            "width": 1920,
            "height": 1080,
            "crop_top": 0,
            "crop_bottom": 0,
            "crop_left": 0,
            "crop_right": 0,
            "pix_fmt": "yuv420p",
            "pict_type": "P",
            "interlaced_frame": 0,
            "top_field_first": 0,
            "lossless": 0,
            "repeat_pict": 0,
            "color_range": "tv",
            "color_space": "bt709",
            "chroma_location": "left"
        },
        {
            "media_type": "video",
            "stream_index": 0,
            "key_frame": 0,
            "pts": 3072,
            "pts_time": "0.240000",
            "pkt_dts": 3072,
            "pkt_dts_time": "0.240000",
            "best_effort_timestamp": 3072,
            "best_effort_timestamp_time": "0.240000",
            "duration": 512,
            "duration_time": "0.040000",
            "pkt_pos": "603978",
            "pkt_size": "85479",
            "width": 1920,
            "height": 1080,
            "crop_top": 0,
            "crop_bottom": 0,
            "crop_left": 0,
            "crop_right": 0,
            "pix_fmt": "yuv420p",
            "pict_type": "P",
            "interlaced_frame": 0,
            "top_field_first": 0,
            "lossless": 0,
            "repeat_pict": 0,
            "color_range": "tv",
            "color_space": "bt709",
            "chroma_location": "left"
        },
        {
            "media_type": "video",
            "stream_index": 0,
            "key_frame": 0,
            "pts": 3584,
            "pts_time": "0.280000",
            "pkt_dts": 3584,
            "pkt_dts_time": "0.280000",
            "best_effort_timestamp": 3584,
            "best_effort_timestamp_time": "0.280000",
            "duration": 512,
            "duration_time": "0.040000",
            "pkt_pos": "689457",
            "pkt_size": "98461",
            "width": 1920,
            "height": 1080,
            "crop_top": 0,
            "crop_bottom": 0,
            "crop_left": 0,
            "crop_right": 0,
            "pix_fmt": "yuv420p",
            "pict_type": "P",
            "interlaced_frame": 0,
            "top_field_first": 0,
            "lossless": 0,
            "repeat_pict": 0,
            "color_range": "tv",
            "color_space": "bt709",
            "chroma_location": "left"
        },
        {
            "media_type": "video",
            "stream_index": 0,
            "key_frame": 0,
            "pts": 4096,
            "pts_time": "0.320000",
            "pkt_dts": 4096,
            "pkt_dts_time": "0.320000",
            "best_effort_timestamp": 4096,
            "best_effort_timestamp_time": "0.320000",
            "duration": 512,
            "duration_time": "0.040000",
            "pkt_pos": "787918",
            "pkt_size": "149209",
            "width": 1920,
            "height": 1080,
            "crop_top": 0,
            "crop_bottom": 0,
            "crop_left": 0,
            "crop_right": 0,
            "pix_fmt": "yuv420p",
            "pict_type": "P",
            "interlaced_frame": 0,
            "top_field_first": 0,
            "lossless": 0,
            "repeat_pict": 0,
            "color_range": "tv",
            "color_space": "bt709",
            "chroma_location": "left"
        },
        {
            "media_type": "video",
            "stream_index": 0,
            "key_frame": 0,
            "pts": 4608,
            "pts_time": "0.360000",
            "pkt_dts": 4608,
            "pkt_dts_time": "0.360000",
            "best_effort_timestamp": 4608,
            "best_effort_timestamp_time": "0.360000",
            "duration": 512,
            "duration_time": "0.040000",
            "pkt_pos": "937127",
            "pkt_size": "78255",
            "width": 1920,
            "height": 1080,
            "crop_top": 0,
            "crop_bottom": 0,
            "crop_left": 0,
            "crop_right": 0,
            "pix_fmt": "yuv420p",
            "pict_type": "P",
            "interlaced_frame": 0,
            "top_field_first": 0,
            "lossless": 0,
            "repeat_pict": 0,
            "color_range": "tv",
            "color_space": "bt709",
            "chroma_location": "left"
        },
        {
            "media_type": "video",
            "stream_index": 0,
            "key_frame": 0,
            "pts": 5120,
            "pts_time": "0.400000",
            "pkt_dts": 5120,
            "pkt_dts_time": "0.400000",
            "best_effort_timestamp": 5120,
            "best_effort_timestamp_time": "0.400000",
            "duration": 512,
            "duration_time": "0.040000",
            "pkt_pos": "1015382",
            "pkt_size": "141704",
            "width": 1920,
            "height": 1080,
            "crop_top": 0,
            "crop_bottom": 0,
            "crop_left": 0,
            "crop_right": 0,
            "pix_fmt": "yuv420p",
            "pict_type": "P",
            "interlaced_frame": 0,
            "top_field_first": 0,
            "lossless": 0,
            "repeat_pict": 0,
            "color_range": "tv",
            "color_space": "bt709",
            "chroma_location": "left"
        },
        {
            "media_type": "video",
            "stream_index": 0,
            "key_frame": 0,
            "pts": 5632,
            "pts_time": "0.440000",
            "pkt_dts": 5632,
            "pkt_dts_time": "0.440000",
            "best_effort_timestamp": 5632,
            "best_effort_timestamp_time": "0.440000",
            "duration": 512,
            "duration_time": "0.040000",
            "pkt_pos": "1157086",
            "pkt_size": "61338",
            "width": 1920,
            "height": 1080,
            "crop_top": 0,
            "crop_bottom": 0,
            "crop_left": 0,
            "crop_right": 0,
            "pix_fmt": "yuv420p",
            "pict_type": "P",
            "interlaced_frame": 0,
            "top_field_first": 0,
            "lossless": 0,
            "repeat_pict": 0,
            "color_range": "tv",
            "color_space": "bt709",
            "chroma_location": "left"
        },
        {
            "media_type": "video",
            "stream_index": 0,
            "key_frame": 1,
            "pts": 6144,
            "pts_time": "0.480000",
            "pkt_dts": 6144,
            "pkt_dts_time": "0.480000",
            "best_effort_timestamp": 6144,
            "best_effort_timestamp_time": "0.480000",
            "duration": 512,
            "duration_time": "0.040000",
            "pkt_pos": "1218424",
            "pkt_size": "667791",
            "width": 1920,
            "height": 1080,
            "crop_top": 0,
            "crop_bottom": 0,
            "crop_left": 0,
            "crop_right": 0,
            "pix_fmt": "yuv420p",
            "pict_type": "I",
            "interlaced_frame": 0,
            "top_field_first": 0,
            "lossless": 0,
            "repeat_pict": 0,
            "color_range": "tv",
            "color_space": "bt709",
            "chroma_location": "left",
            "side_data_list": [
                {
                    "side_data_type": "H.26[45] User Data Unregistered SEI message"
                }
            ]
        },
        {
            "media_type": "video",
            "stream_index": 0,
            "key_frame": 0,
            "pts": 6656,
            "pts_time": "0.520000",
            "pkt_dts": 6656,
            "pkt_dts_time": "0.520000",
            "best_effort_timestamp": 6656,
            "best_effort_timestamp_time": "0.520000",
            "duration": 512,
            "duration_time": "0.040000",
            "pkt_pos": "1886215",
            "pkt_size": "49571",
            "width": 1920,
            "height": 1080,
            "crop_top": 0,
            "crop_bottom": 0,
            "crop_left": 0,
            "crop_right": 0,
            "pix_fmt": "yuv420p",
            "pict_type": "P",
            "interlaced_frame": 0,
            "top_field_first": 0,
            "lossless": 0,
            "repeat_pict": 0,
            "color_range": "tv",
            "color_space": "bt709",
            "chroma_location": "left"
        },
        {
            "media_type": "video",
            "stream_index": 0,
            "key_frame": 0,
            "pts": 7168,
            "pts_time": "0.560000",
            "pkt_dts": 7168,
            "pkt_dts_time": "0.560000",
            "best_effort_timestamp": 7168,
            "best_effort_timestamp_time": "0.560000",
            "duration": 512,
            "duration_time": "0.040000",
            "pkt_pos": "1935786",
            "pkt_size": "63224",
            "width": 1920,
            "height": 1080,
            "crop_top": 0,
            "crop_bottom": 0,
            "crop_left": 0,
            "crop_right": 0,
            "pix_fmt": "yuv420p",
            "pict_type": "P",
            "interlaced_frame": 0,
            "top_field_first": 0,
            "lossless": 0,
            "repeat_pict": 0,
            "color_range": "tv",
            "color_space": "bt709",
            "chroma_location": "left"
        },
        {
            "media_type": "video",
            "stream_index": 0,
            "key_frame": 0,
            "pts": 7680,
            "pts_time": "0.600000",
            "pkt_dts": 7680,
            "pkt_dts_time": "0.600000",
            "best_effort_timestamp": 7680,
            "best_effort_timestamp_time": "0.600000",
            "duration": 512,
            "duration_time": "0.040000",
            "pkt_pos": "1999010",
            "pkt_size": "67122",
            "width": 1920,
            "height": 1080,
            "crop_top": 0,
            "crop_bottom": 0,
            "crop_left": 0,
            "crop_right": 0,
            "pix_fmt": "yuv420p",
            "pict_type": "P",
            "interlaced_frame": 0,
            "top_field_first": 0,
            "lossless": 0,
            "repeat_pict": 0,
            "color_range": "tv",
            "color_space": "bt709",
            "chroma_location": "left"
        },
        {
            "media_type": "video",
            "stream_index": 0,
            "key_frame": 0,
            "pts": 8192,
            "pts_time": "0.640000",
            "pkt_dts": 8192,
            "pkt_dts_time": "0.640000",
            "best_effort_timestamp": 8192,
            "best_effort_timestamp_time": "0.640000",
            "duration": 512,
            "duration_time": "0.040000",
            "pkt_pos": "2066132",
            "pkt_size": "75669",
            "width": 1920,
            "height": 1080,
            "crop_top": 0,
            "crop_bottom": 0,
            "crop_left": 0,
            "crop_right": 0,
            "pix_fmt": "yuv420p",
            "pict_type": "P",
            "interlaced_frame": 0,
            "top_field_first": 0,
            "lossless": 0,
            "repeat_pict": 0,
            "color_range": "tv",
            "color_space": "bt709",
            "chroma_location": "left"
        },
        {
            "media_type": "video",
            "stream_index": 0,
            "key_frame": 0,
            "pts": 8704,
            "pts_time": "0.680000",
            "pkt_dts": 8704,
            "pkt_dts_time": "0.680000",
            "best_effort_timestamp": 8704,
            "best_effort_timestamp_time": "0.680000",
            "duration": 512,
            "duration_time": "0.040000",
            "pkt_pos": "2141801",
            "pkt_size": "60220",
            "width": 1920,
            "height": 1080,
            "crop_top": 0,
            "crop_bottom": 0,
            "crop_left": 0,
            "crop_right": 0,
            "pix_fmt": "yuv420p",
            "pict_type": "P",
            "interlaced_frame": 0,
            "top_field_first": 0,
            "lossless": 0,
            "repeat_pict": 0,
            "color_range": "tv",
            "color_space": "bt709",
            "chroma_location": "left"
        },
        {
            "media_type": "video",
            "stream_index": 0,
            "key_frame": 0,
            "pts": 9216,
            "pts_time": "0.720000",
            "pkt_dts": 9216,
            "pkt_dts_time": "0.720000",
            "best_effort_timestamp": 9216,
            "best_effort_timestamp_time": "0.720000",
            "duration": 512,
            "duration_time": "0.040000",
            "pkt_pos": "2202021",
            "pkt_size": "66971",
            "width": 1920,
            "height": 1080,
            "crop_top": 0,
            "crop_bottom": 0,
            "crop_left": 0,
            "crop_right": 0,
            "pix_fmt": "yuv420p",
            "pict_type": "P",
            "interlaced_frame": 0,
            "top_field_first": 0,
            "lossless": 0,
            "repeat_pict": 0,
            "color_range": "tv",
            "color_space": "bt709",
            "chroma_location": "left"
        },
        {
            "media_type": "video",
            "stream_index": 0,
            "key_frame": 0,
            "pts": 9728,
            "pts_time": "0.760000",
            "pkt_dts": 9728,
            "pkt_dts_time": "0.760000",
            "best_effort_timestamp": 9728,
            "best_effort_timestamp_time": "0.760000",
            "duration": 512,
            "duration_time": "0.040000",
            "pkt_pos": "2268992",
            "pkt_size": "38319",
            "width": 1920,
            "height": 1080,
            "crop_top": 0,
            "crop_bottom": 0,
            "crop_left": 0,
            "crop_right": 0,
            "pix_fmt": "yuv420p",
            "pict_type": "P",
            "interlaced_frame": 0,
            "top_field_first": 0,
            "lossless": 0,
            "repeat_pict": 0,
            "color_range": "tv",
            "color_space": "bt709",
            "chroma_location": "left"
        },
        {
            "media_type": "video",
            "stream_index": 0,
            "key_frame": 0,
            "pts": 10240,
            "pts_time": "0.800000",
            "pkt_dts": 10240,
            "pkt_dts_time": "0.800000",
            "best_effort_timestamp": 10240,
            "best_effort_timestamp_time": "0.800000",
            "duration": 512,
            "duration_time": "0.040000",
            "pkt_pos": "2307311",
            "pkt_size": "53665",
            "width": 1920,
            "height": 1080,
            "crop_top": 0,
            "crop_bottom": 0,
            "crop_left": 0,
            "crop_right": 0,
            "pix_fmt": "yuv420p",
            "pict_type": "P",
            "interlaced_frame": 0,
            "top_field_first": 0,
            "lossless": 0,
            "repeat_pict": 0,
            "color_range": "tv",
            "color_space": "bt709",
            "chroma_location": "left"
        },
        {
            "media_type": "video",
            "stream_index": 0,
            "key_frame": 0,
            "pts": 10752,
            "pts_time": "0.840000",
            "pkt_dts": 10752,
            "pkt_dts_time": "0.840000",
            "best_effort_timestamp": 10752,
            "best_effort_timestamp_time": "0.840000",
            "duration": 512,
            "duration_time": "0.040000",
            "pkt_pos": "2360976",
            "pkt_size": "37154",
            "width": 1920,
            "height": 1080,
            "crop_top": 0,
            "crop_bottom": 0,
            "crop_left": 0,
            "crop_right": 0,
            "pix_fmt": "yuv420p",
            "pict_type": "P",
            "interlaced_frame": 0,
            "top_field_first": 0,
            "lossless": 0,
            "repeat_pict": 0,
            "color_range": "tv",
            "color_space": "bt709",
            "chroma_location": "left"
        },
        {
            "media_type": "video",
            "stream_index": 0,
            "key_frame": 0,
            "pts": 11264,
            "pts_time": "0.880000",
            "pkt_dts": 11264,
            "pkt_dts_time": "0.880000",
            "best_effort_timestamp": 11264,
            "best_effort_timestamp_time": "0.880000",
            "duration": 512,
            "duration_time": "0.040000",
            "pkt_pos": "2398130",
            "pkt_size": "47333",
            "width": 1920,
            "height": 1080,
            "crop_top": 0,
            "crop_bottom": 0,
            "crop_left": 0,
            "crop_right": 0,
            "pix_fmt": "yuv420p",
            "pict_type": "P",
            "interlaced_frame": 0,
            "top_field_first": 0,
            "lossless": 0,
            "repeat_pict": 0,
            "color_range": "tv",
            "color_space": "bt709",
            "chroma_location": "left"
        },
        {
            "media_type": "video",
            "stream_index": 0,
            "key_frame": 0,
            "pts": 11776,
            "pts_time": "0.920000",
            "pkt_dts": 11776,
            "pkt_dts_time": "0.920000",
            "best_effort_timestamp": 11776,
            "best_effort_timestamp_time": "0.920000",
            "duration": 512,
            "duration_time": "0.040000",
            "pkt_pos": "2445463",
            "pkt_size": "23021",
            "width": 1920,
            "height": 1080,
            "crop_top": 0,
            "crop_bottom": 0,
            "crop_left": 0,
            "crop_right": 0,
            "pix_fmt": "yuv420p",
            "pict_type": "P",
            "interlaced_frame": 0,
            "top_field_first": 0,
            "lossless": 0,
            "repeat_pict": 0,
            "color_range": "tv",
            "color_space": "bt709",
            "chroma_location": "left"
        },
        {
            "media_type": "video",
            "stream_index": 0,
            "key_frame": 1,
            "pts": 12288,
            "pts_time": "0.960000",
            "pkt_dts": 12288,
            "pkt_dts_time": "0.960000",
            "best_effort_timestamp": 12288,
            "best_effort_timestamp_time": "0.960000",
            "duration": 512,
            "duration_time": "0.040000",
            "pkt_pos": "2468484",
            "pkt_size": "515338",
            "width": 1920,
            "height": 1080,
            "crop_top": 0,
            "crop_bottom": 0,
            "crop_left": 0,
            "crop_right": 0,
            "pix_fmt": "yuv420p",
            "pict_type": "I",
            "interlaced_frame": 0,
            "top_field_first": 0,
            "lossless": 0,
            "repeat_pict": 0,
            "color_range": "tv",
            "color_space": "bt709",
            "chroma_location": "left",
            "side_data_list": [
                {
                    "side_data_type": "H.26[45] User Data Unregistered SEI message"
                }
            ]
        },
        {
            "media_type": "video",
            "stream_index": 0,
            "key_frame": 0,
            "pts": 12800,
            "pts_time": "1.000000",
            "pkt_dts": 12800,
            "pkt_dts_time": "1.000000",
            "best_effort_timestamp": 12800,
            "best_effort_timestamp_time": "1.000000",
            "duration": 512,
            "duration_time": "0.040000",
            "pkt_pos": "2983822",
            "pkt_size": "47758",
            "width": 1920,
            "height": 1080,
            "crop_top": 0,
            "crop_bottom": 0,
            "crop_left": 0,
            "crop_right": 0,
            "pix_fmt": "yuv420p",
            "pict_type": "P",
            "interlaced_frame": 0,
            "top_field_first": 0,
            "lossless": 0,
            "repeat_pict": 0,
            "color_range": "tv",
            "color_space": "bt709",
            "chroma_location": "left"
        },
        {
            "media_type": "video",
            "stream_index": 0,
            "key_frame": 0,
            "pts": 13312,
            "pts_time": "1.040000",
            "pkt_dts": 13312,
            "pkt_dts_time": "1.040000",
            "best_effort_timestamp": 13312,
            "best_effort_timestamp_time": "1.040000",
            "duration": 512,
            "duration_time": "0.040000",
            "pkt_pos": "3031580",
            "pkt_size": "83844",
            "width": 1920,
            "height": 1080,
            "crop_top": 0,
            "crop_bottom": 0,
            "crop_left": 0,
            "crop_right": 0,
            "pix_fmt": "yuv420p",
            "pict_type": "P",
            "interlaced_frame": 0,
            "top_field_first": 0,
            "lossless": 0,
            "repeat_pict": 0,
            "color_range": "tv",
            "color_space": "bt709",
            "chroma_location": "left"
        },
        {
            "media_type": "video",
            "stream_index": 0,
            "key_frame": 0,
            "pts": 13824,
            "pts_time": "1.080000",
            "pkt_dts": 13824,
            "pkt_dts_time": "1.080000",
            "best_effort_timestamp": 13824,
            "best_effort_timestamp_time": "1.080000",
            "duration": 512,
            "duration_time": "0.040000",
            "pkt_pos": "3115424",
            "pkt_size": "50286",
            "width": 1920,
            "height": 1080,
            "crop_top": 0,
            "crop_bottom": 0,
            "crop_left": 0,
            "crop_right": 0,
            "pix_fmt": "yuv420p",
            "pict_type": "P",
            "interlaced_frame": 0,
            "top_field_first": 0,
            "lossless": 0,
            "repeat_pict": 0,
            "color_range": "tv",
            "color_space": "bt709",
            "chroma_location": "left"
        },
        {
            "media_type": "video",
            "stream_index": 0,
            "key_frame": 0,
            "pts": 14336,
            "pts_time": "1.120000",
            "pkt_dts": 14336,
            "pkt_dts_time": "1.120000",
            "best_effort_timestamp": 14336,
            "best_effort_timestamp_time": "1.120000",
            "duration": 512,
            "duration_time": "0.040000",
            "pkt_pos": "3165710",
            "pkt_size": "114116",
            "width": 1920,
            "height": 1080,
            "crop_top": 0,
            "crop_bottom": 0,
            "crop_left": 0,
            "crop_right": 0,
            "pix_fmt": "yuv420p",
            "pict_type": "P",
            "interlaced_frame": 0,
            "top_field_first": 0,
            "lossless": 0,
            "repeat_pict": 0,
            "color_range": "tv",
            "color_space": "bt709",
            "chroma_location": "left"
        },
        {
            "media_type": "video",
            "stream_index": 0,
            "key_frame": 0,
            "pts": 14848,
            "pts_time": "1.160000",
            "pkt_dts": 14848,
            "pkt_dts_time": "1.160000",
            "best_effort_timestamp": 14848,
            "best_effort_timestamp_time": "1.160000",
            "duration": 512,
            "duration_time": "0.040000",
            "pkt_pos": "3279826",
            "pkt_size": "40018",
            "width": 1920,
            "height": 1080,
            "crop_top": 0,
            "crop_bottom": 0,
            "crop_left": 0,
            "crop_right": 0,
            "pix_fmt": "yuv420p",
            "pict_type": "P",
            "interlaced_frame": 0,
            "top_field_first": 0,
            "lossless": 0,
            "repeat_pict": 0,
            "color_range": "tv",
            "color_space": "bt709",
            "chroma_location": "left"
        },
        {
            "media_type": "video",
            "stream_index": 0,
            "key_frame": 0,
            "pts": 15360,
            "pts_time": "1.200000",
            "pkt_dts": 15360,
            "pkt_dts_time": "1.200000",
            "best_effort_timestamp": 15360,
            "best_effort_timestamp_time": "1.200000",
            "duration": 512,
            "duration_time": "0.040000",
            "pkt_pos": "3319844",
            "pkt_size": "66127",
            "width": 1920,
            "height": 1080,
            "crop_top": 0,
            "crop_bottom": 0,
            "crop_left": 0,
            "crop_right": 0,
            "pix_fmt": "yuv420p",
            "pict_type": "P",
            "interlaced_frame": 0,
            "top_field_first": 0,
            "lossless": 0,
            "repeat_pict": 0,
            "color_range": "tv",
            "color_space": "bt709",
            "chroma_location": "left"
        },
        {
            "media_type": "video",
            "stream_index": 0,
            "key_frame": 0,
            "pts": 15872,
            "pts_time": "1.240000",
            "pkt_dts": 15872,
            "pkt_dts_time": "1.240000",
            "best_effort_timestamp": 15872,
            "best_effort_timestamp_time": "1.240000",
            "duration": 512,
            "duration_time": "0.040000",
            "pkt_pos": "3385971",
            "pkt_size": "45711",
            "width": 1920,
            "height": 1080,
            "crop_top": 0,
            "crop_bottom": 0,
            "crop_left": 0,
            "crop_right": 0,
            "pix_fmt": "yuv420p",
            "pict_type": "P",
            "interlaced_frame": 0,
            "top_field_first": 0,
            "lossless": 0,
            "repeat_pict": 0,
            "color_range": "tv",
            "color_space": "bt709",
            "chroma_location": "left"
        },
        {
            "media_type": "video",
            "stream_index": 0,
            "key_frame": 0,
            "pts": 16384,
            "pts_time": "1.280000",
            "pkt_dts": 16384,
            "pkt_dts_time": "1.280000",
            "best_effort_timestamp": 16384,
            "best_effort_timestamp_time": "1.280000",
            "duration": 512,
            "duration_time": "0.040000",
            "pkt_pos": "3431682",
            "pkt_size": "65804",
            "width": 1920,
            "height": 1080,
            "crop_top": 0,
            "crop_bottom": 0,
            "crop_left": 0,
            "crop_right": 0,
            "pix_fmt": "yuv420p",
            "pict_type": "P",
            "interlaced_frame": 0,
            "top_field_first": 0,
            "lossless": 0,
            "repeat_pict": 0,
            "color_range": "tv",
            "color_space": "bt709",
            "chroma_location": "left"
        },
        {
            "media_type": "video",
            "stream_index": 0,
            "key_frame": 0,
            "pts": 16896,
            "pts_time": "1.320000",
            "pkt_dts": 16896,
            "pkt_dts_time": "1.320000",
            "best_effort_timestamp": 16896,
            "best_effort_timestamp_time": "1.320000",
            "duration": 512,
            "duration_time": "0.040000",
            "pkt_pos": "3497486",
            "pkt_size": "77382",
            "width": 1920,
            "height": 1080,
            "crop_top": 0,
            "crop_bottom": 0,
            "crop_left": 0,
            "crop_right": 0,
            "pix_fmt": "yuv420p",
            "pict_type": "P",
            "interlaced_frame": 0,
            "top_field_first": 0,
            "lossless": 0,
            "repeat_pict": 0,
            "color_range": "tv",
            "color_space": "bt709",
            "chroma_location": "left"
        },
        {
            "media_type": "video",
            "stream_index": 0,
            "key_frame": 0,
            "pts": 17408,
            "pts_time": "1.360000",
            "pkt_dts": 17408,
            "pkt_dts_time": "1.360000",
            "best_effort_timestamp": 17408,
            "best_effort_timestamp_time": "1.360000",
            "duration": 512,
            "duration_time": "0.040000",
            "pkt_pos": "3574868",
            "pkt_size": "63826",
            "width": 1920,
            "height": 1080,
            "crop_top": 0,
            "crop_bottom": 0,
            "crop_left": 0,
            "crop_right": 0,
            "pix_fmt": "yuv420p",
            "pict_type": "P",
            "interlaced_frame": 0,
            "top_field_first": 0,
            "lossless": 0,
            "repeat_pict": 0,
            "color_range": "tv",
            "color_space": "bt709",
            "chroma_location": "left"
        },
        {
            "media_type": "video",
            "stream_index": 0,
            "key_frame": 0,
            "pts": 17920,
            "pts_time": "1.400000",
            "pkt_dts": 17920,
            "pkt_dts_time": "1.400000",
            "best_effort_timestamp": 17920,
            "best_effort_timestamp_time": "1.400000",
            "duration": 512,
            "duration_time": "0.040000",
            "pkt_pos": "3638694",
            "pkt_size": "45184",
            "width": 1920,
            "height": 1080,
            "crop_top": 0,
            "crop_bottom": 0,
            "crop_left": 0,
            "crop_right": 0,
            "pix_fmt": "yuv420p",
            "pict_type": "P",
            "interlaced_frame": 0,
            "top_field_first": 0,
            "lossless": 0,
            "repeat_pict": 0,
            "color_range": "tv",
            "color_space": "bt709",
            "chroma_location": "left"
        },
        {
            "media_type": "video",
            "stream_index": 0,
            "key_frame": 1,
            "pts": 18432,
            "pts_time": "1.440000",
            "pkt_dts": 18432,
            "pkt_dts_time": "1.440000",
            "best_effort_timestamp": 18432,
            "best_effort_timestamp_time": "1.440000",
            "duration": 512,
            "duration_time": "0.040000",
            "pkt_pos": "3683878",
            "pkt_size": "605619",
            "width": 1920,
            "height": 1080,
            "crop_top": 0,
            "crop_bottom": 0,
            "crop_left": 0,
            "crop_right": 0,
            "pix_fmt": "yuv420p",
            "pict_type": "I",
            "interlaced_frame": 0,
            "top_field_first": 0,
            "lossless": 0,
            "repeat_pict": 0,
            "color_range": "tv",
            "color_space": "bt709",
            "chroma_location": "left",
            "side_data_list": [
                {
                    "side_data_type": "H.26[45] User Data Unregistered SEI message"
                }
            ]
        },
        {
            "media_type": "video",
            "stream_index": 0,
            "key_frame": 0,
            "pts": 18944,
            "pts_time": "1.480000",
            "pkt_dts": 18944,
            "pkt_dts_time": "1.480000",
            "best_effort_timestamp": 18944,
            "best_effort_timestamp_time": "1.480000",
            "duration": 512,
            "duration_time": "0.040000",
            "pkt_pos": "4289497",
            "pkt_size": "50868",
            "width": 1920,
            "height": 1080,
            "crop_top": 0,
            "crop_bottom": 0,
            "crop_left": 0,
            "crop_right": 0,
            "pix_fmt": "yuv420p",
            "pict_type": "P",
            "interlaced_frame": 0,
            "top_field_first": 0,
            "lossless": 0,
            "repeat_pict": 0,
            "color_range": "tv",
            "color_space": "bt709",
            "chroma_location": "left"
        },
        {
            "media_type": "video",
            "stream_index": 0,
            "key_frame": 0,
            "pts": 19456,
            "pts_time": "1.520000",
            "pkt_dts": 19456,
            "pkt_dts_time": "1.520000",
            "best_effort_timestamp": 19456,
            "best_effort_timestamp_time": "1.520000",
            "duration": 512,
            "duration_time": "0.040000",
            "pkt_pos": "4340365",
            "pkt_size": "63177",
            "width": 1920,
            "height": 1080,
            "crop_top": 0,
            "crop_bottom": 0,
            "crop_left": 0,
            "crop_right": 0,
            "pix_fmt": "yuv420p",
            "pict_type": "P",
            "interlaced_frame": 0,
            "top_field_first": 0,
            "lossless": 0,
            "repeat_pict": 0,
            "color_range": "tv",
            "color_space": "bt709",
            "chroma_location": "left"
        },
        {
            "media_type": "video",
            "stream_index": 0,
            "key_frame": 0,
            "pts": 19968,
            "pts_time": "1.560000",
            "pkt_dts": 19968,
            "pkt_dts_time": "1.560000",
            "best_effort_timestamp": 19968,
            "best_effort_timestamp_time": "1.560000",
            "duration": 512,
            "duration_time": "0.040000",
            "pkt_pos": "4403542",
            "pkt_size": "46325",
            "width": 1920,
            "height": 1080,
            "crop_top": 0,
            "crop_bottom": 0,
            "crop_left": 0,
            "crop_right": 0,
            "pix_fmt": "yuv420p",
            "pict_type": "P",
            "interlaced_frame": 0,
            "top_field_first": 0,
            "lossless": 0,
            "repeat_pict": 0,
            "color_range": "tv",
            "color_space": "bt709",
            "chroma_location": "left"
        },
        {
            "media_type": "video",
            "stream_index": 0,
            "key_frame": 0,
            "pts": 20480,
            "pts_time": "1.600000",
            "pkt_dts": 20480,
            "pkt_dts_time": "1.600000",
            "best_effort_timestamp": 20480,
            "best_effort_timestamp_time": "1.600000",
            "duration": 512,
            "duration_time": "0.040000",
            "pkt_pos": "4449867",
            "pkt_size": "65143",
            "width": 1920,
            "height": 1080,
            "crop_top": 0,
            "crop_bottom": 0,
            "crop_left": 0,
            "crop_right": 0,
            "pix_fmt": "yuv420p",
            "pict_type": "P",
            "interlaced_frame": 0,
            "top_field_first": 0,
            "lossless": 0,
            "repeat_pict": 0,
            "color_range": "tv",
            "color_space": "bt709",
            "chroma_location": "left"
        },
        {
            "media_type": "video",
            "stream_index": 0,
            "key_frame": 0,
            "pts": 20992,
            "pts_time": "1.640000",
            "pkt_dts": 20992,
            "pkt_dts_time": "1.640000",
            "best_effort_timestamp": 20992,
            "best_effort_timestamp_time": "1.640000",
            "duration": 512,
            "duration_time": "0.040000",
            "pkt_pos": "4515010",
            "pkt_size": "48533",
            "width": 1920,
            "height": 1080,
            "crop_top": 0,
            "crop_bottom": 0,
            "crop_left": 0,
            "crop_right": 0,
            "pix_fmt": "yuv420p",
            "pict_type": "P",
            "interlaced_frame": 0,
            "top_field_first": 0,
            "lossless": 0,
            "repeat_pict": 0,
            "color_range": "tv",
            "color_space": "bt709",
            "chroma_location": "left"
        },
        {
            "media_type": "video",
            "stream_index": 0,
            "key_frame": 0,
            "pts": 21504,
            "pts_time": "1.680000",
            "pkt_dts": 21504,
            "pkt_dts_time": "1.680000",
            "best_effort_timestamp": 21504,
            "best_effort_timestamp_time": "1.680000",
            "duration": 512,
            "duration_time": "0.040000",
            "pkt_pos": "4563543",
            "pkt_size": "57573",
            "width": 1920,
            "height": 1080,
            "crop_top": 0,
            "crop_bottom": 0,
            "crop_left": 0,
            "crop_right": 0,
            "pix_fmt": "yuv420p",
            "pict_type": "P",
            "interlaced_frame": 0,
            "top_field_first": 0,
            "lossless": 0,
            "repeat_pict": 0,
            "color_range": "tv",
            "color_space": "bt709",
            "chroma_location": "left"
        },
        {
            "media_type": "video",
            "stream_index": 0,
            "key_frame": 0,
            "pts": 22016,
            "pts_time": "1.720000",
            "pkt_dts": 22016,
            "pkt_dts_time": "1.720000",
            "best_effort_timestamp": 22016,
            "best_effort_timestamp_time": "1.720000",
            "duration": 512,
            "duration_time": "0.040000",
            "pkt_pos": "4621116",
            "pkt_size": "35800",
            "width": 1920,
            "height": 1080,
            "crop_top": 0,
            "crop_bottom": 0,
            "crop_left": 0,
            "crop_right": 0,
            "pix_fmt": "yuv420p",
            "pict_type": "P",
            "interlaced_frame": 0,
            "top_field_first": 0,
            "lossless": 0,
            "repeat_pict": 0,
            "color_range": "tv",
            "color_space": "bt709",
            "chroma_location": "left"
        },
        {
            "media_type": "video",
            "stream_index": 0,
            "key_frame": 0,
            "pts": 22528,
            "pts_time": "1.760000",
            "pkt_dts": 22528,
            "pkt_dts_time": "1.760000",
            "best_effort_timestamp": 22528,
            "best_effort_timestamp_time": "1.760000",
            "duration": 512,
            "duration_time": "0.040000",
            "pkt_pos": "4656916",
            "pkt_size": "52705",
            "width": 1920,
            "height": 1080,
            "crop_top": 0,
            "crop_bottom": 0,
            "crop_left": 0,
            "crop_right": 0,
            "pix_fmt": "yuv420p",
            "pict_type": "P",
            "interlaced_frame": 0,
            "top_field_first": 0,
            "lossless": 0,
            "repeat_pict": 0,
            "color_range": "tv",
            "color_space": "bt709",
            "chroma_location": "left"
        },
        {
            "media_type": "video",
            "stream_index": 0,
            "key_frame": 0,
            "pts": 23040,
            "pts_time": "1.800000",
            "pkt_dts": 23040,
            "pkt_dts_time": "1.800000",
            "best_effort_timestamp": 23040,
            "best_effort_timestamp_time": "1.800000",
            "duration": 512,
            "duration_time": "0.040000",
            "pkt_pos": "4709621",
            "pkt_size": "29695",
            "width": 1920,
            "height": 1080,
            "crop_top": 0,
            "crop_bottom": 0,
            "crop_left": 0,
            "crop_right": 0,
            "pix_fmt": "yuv420p",
            "pict_type": "P",
            "interlaced_frame": 0,
            "top_field_first": 0,
            "lossless": 0,
            "repeat_pict": 0,
            "color_range": "tv",
            "color_space": "bt709",
            "chroma_location": "left"
        },
        {
            "media_type": "video",
            "stream_index": 0,
            "key_frame": 0,
            "pts": 23552,
            "pts_time": "1.840000",
            "pkt_dts": 23552,
            "pkt_dts_time": "1.840000",
            "best_effort_timestamp": 23552,
            "best_effort_timestamp_time": "1.840000",
            "duration": 512,
            "duration_time": "0.040000",
            "pkt_pos": "4739316",
            "pkt_size": "44854",
            "width": 1920,
            "height": 1080,
            "crop_top": 0,
            "crop_bottom": 0,
            "crop_left": 0,
            "crop_right": 0,
            "pix_fmt": "yuv420p",
            "pict_type": "P",
            "interlaced_frame": 0,
            "top_field_first": 0,
            "lossless": 0,
            "repeat_pict": 0,
            "color_range": "tv",
            "color_space": "bt709",
            "chroma_location": "left"
        },
        {
            "media_type": "video",
            "stream_index": 0,
            "key_frame": 0,
            "pts": 24064,
            "pts_time": "1.880000",
            "pkt_dts": 24064,
            "pkt_dts_time": "1.880000",
            "best_effort_timestamp": 24064,
            "best_effort_timestamp_time": "1.880000",
            "duration": 512,
            "duration_time": "0.040000",
            "pkt_pos": "4784170",
            "pkt_size": "22424",
            "width": 1920,
            "height": 1080,
            "crop_top": 0,
            "crop_bottom": 0,
            "crop_left": 0,
            "crop_right": 0,
            "pix_fmt": "yuv420p",
            "pict_type": "P",
            "interlaced_frame": 0,
            "top_field_first": 0,
            "lossless": 0,
            "repeat_pict": 0,
            "color_range": "tv",
            "color_space": "bt709",
            "chroma_location": "left"
        },
        {
            "media_type": "video",
            "stream_index": 0,
            "key_frame": 1,
            "pts": 24576,
            "pts_time": "1.920000",
            "pkt_dts": 24576,
            "pkt_dts_time": "1.920000",
            "best_effort_timestamp": 24576,
            "best_effort_timestamp_time": "1.920000",
            "duration": 512,
            "duration_time": "0.040000",
            "pkt_pos": "4806594",
            "pkt_size": "525751",
            "width": 1920,
            "height": 1080,
            "crop_top": 0,
            "crop_bottom": 0,
            "crop_left": 0,
            "crop_right": 0,
            "pix_fmt": "yuv420p",
            "pict_type": "I",
            "interlaced_frame": 0,
            "top_field_first": 0,
            "lossless": 0,
            "repeat_pict": 0,
            "color_range": "tv",
            "color_space": "bt709",
            "chroma_location": "left",
            "side_data_list": [
                {
                    "side_data_type": "H.26[45] User Data Unregistered SEI message"
                }
            ]
        },
        {
            "media_type": "video",
            "stream_index": 0,
            "key_frame": 0,
            "pts": 25088,
            "pts_time": "1.960000",
            "pkt_dts": 25088,
            "pkt_dts_time": "1.960000",
            "best_effort_timestamp": 25088,
            "best_effort_timestamp_time": "1.960000",
            "duration": 512,
            "duration_time": "0.040000",
            "pkt_pos": "5332345",
            "pkt_size": "37629",
            "width": 1920,
            "height": 1080,
            "crop_top": 0,
            "crop_bottom": 0,
            "crop_left": 0,
            "crop_right": 0,
            "pix_fmt": "yuv420p",
            "pict_type": "P",
            "interlaced_frame": 0,
            "top_field_first": 0,
            "lossless": 0,
            "repeat_pict": 0,
            "color_range": "tv",
            "color_space": "bt709",
            "chroma_location": "left"
        },
        {
            "media_type": "video",
            "stream_index": 0,
            "key_frame": 0,
            "pts": 25600,
            "pts_time": "2.000000",
            "pkt_dts": 25600,
            "pkt_dts_time": "2.000000",
            "best_effort_timestamp": 25600,
            "best_effort_timestamp_time": "2.000000",
            "duration": 512,
            "duration_time": "0.040000",
            "pkt_pos": "5369974",
            "pkt_size": "46250",
            "width": 1920,
            "height": 1080,
            "crop_top": 0,
            "crop_bottom": 0,
            "crop_left": 0,
            "crop_right": 0,
            "pix_fmt": "yuv420p",
            "pict_type": "P",
            "interlaced_frame": 0,
            "top_field_first": 0,
            "lossless": 0,
            "repeat_pict": 0,
            "color_range": "tv",
            "color_space": "bt709",
            "chroma_location": "left"
        },
        {
            "media_type": "video",
            "stream_index": 0,
            "key_frame": 0,
            "pts": 26112,
            "pts_time": "2.040000",
            "pkt_dts": 26112,
            "pkt_dts_time": "2.040000",
            "best_effort_timestamp": 26112,
            "best_effort_timestamp_time": "2.040000",
            "duration": 512,
            "duration_time": "0.040000",
            "pkt_pos": "5416224",
            "pkt_size": "26456",
            "width": 1920,
            "height": 1080,
            "crop_top": 0,
            "crop_bottom": 0,
            "crop_left": 0,
            "crop_right": 0,
            "pix_fmt": "yuv420p",
            "pict_type": "P",
            "interlaced_frame": 0,
            "top_field_first": 0,
            "lossless": 0,
            "repeat_pict": 0,
            "color_range": "tv",
            "color_space": "bt709",
            "chroma_location": "left"
        },
        {
            "media_type": "video",
            "stream_index": 0,
            "key_frame": 0,
            "pts": 26624,
            "pts_time": "2.080000",
            "pkt_dts": 26624,
            "pkt_dts_time": "2.080000",
            "best_effort_timestamp": 26624,
            "best_effort_timestamp_time": "2.080000",
            "duration": 512,
            "duration_time": "0.040000",
            "pkt_pos": "5442680",
            "pkt_size": "18719",
            "width": 1920,
            "height": 1080,
            "crop_top": 0,
            "crop_bottom": 0,
            "crop_left": 0,
            "crop_right": 0,
            "pix_fmt": "yuv420p",
            "pict_type": "P",
            "interlaced_frame": 0,
            "top_field_first": 0,
            "lossless": 0,
            "repeat_pict": 0,
            "color_range": "tv",
            "color_space": "bt709",
            "chroma_location": "left"
        },
        {
            "media_type": "video",
            "stream_index": 0,
            "key_frame": 0,
            "pts": 27136,
            "pts_time": "2.120000",
            "pkt_dts": 27136,
            "pkt_dts_time": "2.120000",
            "best_effort_timestamp": 27136,
            "best_effort_timestamp_time": "2.120000",
            "duration": 512,
            "duration_time": "0.040000",
            "pkt_pos": "5461399",
            "pkt_size": "23903",
            "width": 1920,
            "height": 1080,
            "crop_top": 0,
            "crop_bottom": 0,
            "crop_left": 0,
            "crop_right": 0,
            "pix_fmt": "yuv420p",
            "pict_type": "P",
            "interlaced_frame": 0,
            "top_field_first": 0,
            "lossless": 0,
            "repeat_pict": 0,
            "color_range": "tv",
            "color_space": "bt709",
            "chroma_location": "left"
        },
        {
            "media_type": "video",
            "stream_index": 0,
            "key_frame": 0,
            "pts": 27648,
            "pts_time": "2.160000",
            "pkt_dts": 27648,
            "pkt_dts_time": "2.160000",
            "best_effort_timestamp": 27648,
            "best_effort_timestamp_time": "2.160000",
            "duration": 512,
            "duration_time": "0.040000",
            "pkt_pos": "5485302",
            "pkt_size": "17466",
            "width": 1920,
            "height": 1080,
            "crop_top": 0,
            "crop_bottom": 0,
            "crop_left": 0,
            "crop_right": 0,
            "pix_fmt": "yuv420p",
            "pict_type": "P",
            "interlaced_frame": 0,
            "top_field_first": 0,
            "lossless": 0,
            "repeat_pict": 0,
            "color_range": "tv",
            "color_space": "bt709",
            "chroma_location": "left"
        },
        {
            "media_type": "video",
            "stream_index": 0,
            "key_frame": 0,
            "pts": 28160,
            "pts_time": "2.200000",
            "pkt_dts": 28160,
            "pkt_dts_time": "2.200000",
            "best_effort_timestamp": 28160,
            "best_effort_timestamp_time": "2.200000",
            "duration": 512,
            "duration_time": "0.040000",
            "pkt_pos": "5502768",
            "pkt_size": "16928",
            "width": 1920,
            "height": 1080,
            "crop_top": 0,
            "crop_bottom": 0,
            "crop_left": 0,
            "crop_right": 0,
            "pix_fmt": "yuv420p",
            "pict_type": "P",
            "interlaced_frame": 0,
            "top_field_first": 0,
            "lossless": 0,
            "repeat_pict": 0,
            "color_range": "tv",
            "color_space": "bt709",
            "chroma_location": "left"
        },
        {
            "media_type": "video",
            "stream_index": 0,
            "key_frame": 0,
            "pts": 28672,
            "pts_time": "2.240000",
            "pkt_dts": 28672,
            "pkt_dts_time": "2.240000",
            "best_effort_timestamp": 28672,
            "best_effort_timestamp_time": "2.240000",
            "duration": 512,
            "duration_time": "0.040000",
            "pkt_pos": "5519696",
            "pkt_size": "13521",
            "width": 1920,
            "height": 1080,
            "crop_top": 0,
            "crop_bottom": 0,
            "crop_left": 0,
            "crop_right": 0,
            "pix_fmt": "yuv420p",
            "pict_type": "P",
            "interlaced_frame": 0,
            "top_field_first": 0,
            "lossless": 0,
            "repeat_pict": 0,
            "color_range": "tv",
            "color_space": "bt709",
            "chroma_location": "left"
        },
        {
            "media_type": "video",
            "stream_index": 0,
            "key_frame": 0,
            "pts": 29184,
            "pts_time": "2.280000",
            "pkt_dts": 29184,
            "pkt_dts_time": "2.280000",
            "best_effort_timestamp": 29184,
            "best_effort_timestamp_time": "2.280000",
            "duration": 512,
            "duration_time": "0.040000",
            "pkt_pos": "5533217",
            "pkt_size": "19128",
            "width": 1920,
            "height": 1080,
            "crop_top": 0,
            "crop_bottom": 0,
            "crop_left": 0,
            "crop_right": 0,
            "pix_fmt": "yuv420p",
            "pict_type": "P",
            "interlaced_frame": 0,
            "top_field_first": 0,
            "lossless": 0,
            "repeat_pict": 0,
            "color_range": "tv",
            "color_space": "bt709",
            "chroma_location": "left"
        },
        {
            "media_type": "video",
            "stream_index": 0,
            "key_frame": 0,
            "pts": 29696,
            "pts_time": "2.320000",
            "pkt_dts": 29696,
            "pkt_dts_time": "2.320000",
            "best_effort_timestamp": 29696,
            "best_effort_timestamp_time": "2.320000",
            "duration": 512,
            "duration_time": "0.040000",
            "pkt_pos": "5552345",
            "pkt_size": "13322",
            "width": 1920,
            "height": 1080,
            "crop_top": 0,
            "crop_bottom": 0,
            "crop_left": 0,
            "crop_right": 0,
            "pix_fmt": "yuv420p",
            "pict_type": "P",
            "interlaced_frame": 0,
            "top_field_first": 0,
            "lossless": 0,
            "repeat_pict": 0,
            "color_range": "tv",
            "color_space": "bt709",
            "chroma_location": "left"
        },
        {
            "media_type": "video",
            "stream_index": 0,
            "key_frame": 0,
            "pts": 30208,
            "pts_time": "2.360000",
            "pkt_dts": 30208,
            "pkt_dts_time": "2.360000",
            "best_effort_timestamp": 30208,
            "best_effort_timestamp_time": "2.360000",
            "duration": 512,
            "duration_time": "0.040000",
            "pkt_pos": "5565667",
            "pkt_size": "14295",
            "width": 1920,
            "height": 1080,
            "crop_top": 0,
            "crop_bottom": 0,
            "crop_left": 0,
            "crop_right": 0,
            "pix_fmt": "yuv420p",
            "pict_type": "P",
            "interlaced_frame": 0,
            "top_field_first": 0,
            "lossless": 0,
            "repeat_pict": 0,
            "color_range": "tv",
            "color_space": "bt709",
            "chroma_location": "left"
        },
        {
            "media_type": "video",
            "stream_index": 0,
            "key_frame": 1,
            "pts": 30720,
            "pts_time": "2.400000",
            "pkt_dts": 30720,
            "pkt_dts_time": "2.400000",
            "best_effort_timestamp": 30720,
            "best_effort_timestamp_time": "2.400000",
            "duration": 512,
            "duration_time": "0.040000",
            "pkt_pos": "5579962",
            "pkt_size": "526453",
            "width": 1920,
            "height": 1080,
            "crop_top": 0,
            "crop_bottom": 0,
            "crop_left": 0,
            "crop_right": 0,
            "pix_fmt": "yuv420p",
            "pict_type": "I",
            "interlaced_frame": 0,
            "top_field_first": 0,
            "lossless": 0,
            "repeat_pict": 0,
            "color_range": "tv",
            "color_space": "bt709",
            "chroma_location": "left",
            "side_data_list": [
                {
                    "side_data_type": "H.26[45] User Data Unregistered SEI message"
                }
            ]
        },
        {
            "media_type": "video",
            "stream_index": 0,
            "key_frame": 0,
            "pts": 31232,
            "pts_time": "2.440000",
            "pkt_dts": 31232,
            "pkt_dts_time": "2.440000",
            "best_effort_timestamp": 31232,
            "best_effort_timestamp_time": "2.440000",
            "duration": 512,
            "duration_time": "0.040000",
            "pkt_pos": "6106415",
            "pkt_size": "34456",
            "width": 1920,
            "height": 1080,
            "crop_top": 0,
            "crop_bottom": 0,
            "crop_left": 0,
            "crop_right": 0,
            "pix_fmt": "yuv420p",
            "pict_type": "P",
            "interlaced_frame": 0,
            "top_field_first": 0,
            "lossless": 0,
            "repeat_pict": 0,
            "color_range": "tv",
            "color_space": "bt709",
            "chroma_location": "left"
        },
        {
            "media_type": "video",
            "stream_index": 0,
            "key_frame": 0,
            "pts": 31744,
            "pts_time": "2.480000",
            "pkt_dts": 31744,
            "pkt_dts_time": "2.480000",
            "best_effort_timestamp": 31744,
            "best_effort_timestamp_time": "2.480000",
            "duration": 512,
            "duration_time": "0.040000",
            "pkt_pos": "6140871",
            "pkt_size": "18777",
            "width": 1920,
            "height": 1080,
            "crop_top": 0,
            "crop_bottom": 0,
            "crop_left": 0,
            "crop_right": 0,
            "pix_fmt": "yuv420p",
            "pict_type": "P",
            "interlaced_frame": 0,
            "top_field_first": 0,
            "lossless": 0,
            "repeat_pict": 0,
            "color_range": "tv",
            "color_space": "bt709",
            "chroma_location": "left"
        },
        {
            "media_type": "video",
            "stream_index": 0,
            "key_frame": 0,
            "pts": 32256,
            "pts_time": "2.520000",
            "pkt_dts": 32256,
            "pkt_dts_time": "2.520000",
            "best_effort_timestamp": 32256,
            "best_effort_timestamp_time": "2.520000",
            "duration": 512,
            "duration_time": "0.040000",
            "pkt_pos": "6159648",
            "pkt_size": "39488",
            "width": 1920,
            "height": 1080,
            "crop_top": 0,
            "crop_bottom": 0,
            "crop_left": 0,
            "crop_right": 0,
            "pix_fmt": "yuv420p",
            "pict_type": "P",
            "interlaced_frame": 0,
            "top_field_first": 0,
            "lossless": 0,
            "repeat_pict": 0,
            "color_range": "tv",
            "color_space": "bt709",
            "chroma_location": "left"
        },
        {
            "media_type": "video",
            "stream_index": 0,
            "key_frame": 0,
            "pts": 32768,
            "pts_time": "2.560000",
            "pkt_dts": 32768,
            "pkt_dts_time": "2.560000",
            "best_effort_timestamp": 32768,
            "best_effort_timestamp_time": "2.560000",
            "duration": 512,
            "duration_time": "0.040000",
            "pkt_pos": "6199136",
            "pkt_size": "24024",
            "width": 1920,
            "height": 1080,
            "crop_top": 0,
            "crop_bottom": 0,
            "crop_left": 0,
            "crop_right": 0,
            "pix_fmt": "yuv420p",
            "pict_type": "P",
            "interlaced_frame": 0,
            "top_field_first": 0,
            "lossless": 0,
            "repeat_pict": 0,
            "color_range": "tv",
            "color_space": "bt709",
            "chroma_location": "left"
        },
        {
            "media_type": "video",
            "stream_index": 0,
            "key_frame": 0,
            "pts": 33280,
            "pts_time": "2.600000",
            "pkt_dts": 33280,
            "pkt_dts_time": "2.600000",
            "best_effort_timestamp": 33280,
            "best_effort_timestamp_time": "2.600000",
            "duration": 512,
            "duration_time": "0.040000",
            "pkt_pos": "6223160",
            "pkt_size": "26008",
            "width": 1920,
            "height": 1080,
            "crop_top": 0,
            "crop_bottom": 0,
            "crop_left": 0,
            "crop_right": 0,
            "pix_fmt": "yuv420p",
            "pict_type": "P",
            "interlaced_frame": 0,
            "top_field_first": 0,
            "lossless": 0,
            "repeat_pict": 0,
            "color_range": "tv",
            "color_space": "bt709",
            "chroma_location": "left"
        },
        {
            "media_type": "video",
            "stream_index": 0,
            "key_frame": 0,
            "pts": 33792,
            "pts_time": "2.640000",
            "pkt_dts": 33792,
            "pkt_dts_time": "2.640000",
            "best_effort_timestamp": 33792,
            "best_effort_timestamp_time": "2.640000",
            "duration": 512,
            "duration_time": "0.040000",
            "pkt_pos": "6249168",
            "pkt_size": "17442",
            "width": 1920,
            "height": 1080,
            "crop_top": 0,
            "crop_bottom": 0,
            "crop_left": 0,
            "crop_right": 0,
            "pix_fmt": "yuv420p",
            "pict_type": "P",
            "interlaced_frame": 0,
            "top_field_first": 0,
            "lossless": 0,
            "repeat_pict": 0,
            "color_range": "tv",
            "color_space": "bt709",
            "chroma_location": "left"
        },
        {
            "media_type": "video",
            "stream_index": 0,
            "key_frame": 0,
            "pts": 34304,
            "pts_time": "2.680000",
            "pkt_dts": 34304,
            "pkt_dts_time": "2.680000",
            "best_effort_timestamp": 34304,
            "best_effort_timestamp_time": "2.680000",
            "duration": 512,
            "duration_time": "0.040000",
            "pkt_pos": "6266610",
            "pkt_size": "17127",
            "width": 1920,
            "height": 1080,
            "crop_top": 0,
            "crop_bottom": 0,
            "crop_left": 0,
            "crop_right": 0,
            "pix_fmt": "yuv420p",
            "pict_type": "P",
            "interlaced_frame": 0,
            "top_field_first": 0,
            "lossless": 0,
            "repeat_pict": 0,
            "color_range": "tv",
            "color_space": "bt709",
            "chroma_location": "left"
        },
        {
            "media_type": "video",
            "stream_index": 0,
            "key_frame": 0,
            "pts": 34816,
            "pts_time": "2.720000",
            "pkt_dts": 34816,
            "pkt_dts_time": "2.720000",
            "best_effort_timestamp": 34816,
            "best_effort_timestamp_time": "2.720000",
            "duration": 512,
            "duration_time": "0.040000",
            "pkt_pos": "6283737",
            "pkt_size": "23237",
            "width": 1920,
            "height": 1080,
            "crop_top": 0,
            "crop_bottom": 0,
            "crop_left": 0,
            "crop_right": 0,
            "pix_fmt": "yuv420p",
            "pict_type": "P",
            "interlaced_frame": 0,
            "top_field_first": 0,
            "lossless": 0,
            "repeat_pict": 0,
            "color_range": "tv",
            "color_space": "bt709",
            "chroma_location": "left"
        },
        {
            "media_type": "video",
            "stream_index": 0,
            "key_frame": 0,
            "pts": 35328,
            "pts_time": "2.760000",
            "pkt_dts": 35328,
            "pkt_dts_time": "2.760000",
            "best_effort_timestamp": 35328,
            "best_effort_timestamp_time": "2.760000",
            "duration": 512,
            "duration_time": "0.040000",
            "pkt_pos": "6306974",
            "pkt_size": "18320",
            "width": 1920,
            "height": 1080,
            "crop_top": 0,
            "crop_bottom": 0,
            "crop_left": 0,
            "crop_right": 0,
            "pix_fmt": "yuv420p",
            "pict_type": "P",
            "interlaced_frame": 0,
            "top_field_first": 0,
            "lossless": 0,
            "repeat_pict": 0,
            "color_range": "tv",
            "color_space": "bt709",
            "chroma_location": "left"
        },
        {
            "media_type": "video",
            "stream_index": 0,
            "key_frame": 0,
            "pts": 35840,
            "pts_time": "2.800000",
            "pkt_dts": 35840,
            "pkt_dts_time": "2.800000",
            "best_effort_timestamp": 35840,
            "best_effort_timestamp_time": "2.800000",
            "duration": 512,
            "duration_time": "0.040000",
            "pkt_pos": "6325294",
            "pkt_size": "24379",
            "width": 1920,
            "height": 1080,
            "crop_top": 0,
            "crop_bottom": 0,
            "crop_left": 0,
            "crop_right": 0,
            "pix_fmt": "yuv420p",
            "pict_type": "P",
            "interlaced_frame": 0,
            "top_field_first": 0,
            "lossless": 0,
            "repeat_pict": 0,
            "color_range": "tv",
            "color_space": "bt709",
            "chroma_location": "left"
        },
        {
            "media_type": "video",
            "stream_index": 0,
            "key_frame": 0,
            "pts": 36352,
            "pts_time": "2.840000",
            "pkt_dts": 36352,
            "pkt_dts_time": "2.840000",
            "best_effort_timestamp": 36352,
            "best_effort_timestamp_time": "2.840000",
            "duration": 512,
            "duration_time": "0.040000",
            "pkt_pos": "6349673",
            "pkt_size": "18491",
            "width": 1920,
            "height": 1080,
            "crop_top": 0,
            "crop_bottom": 0,
            "crop_left": 0,
            "crop_right": 0,
            "pix_fmt": "yuv420p",
            "pict_type": "P",
            "interlaced_frame": 0,
            "top_field_first": 0,
            "lossless": 0,
            "repeat_pict": 0,
            "color_range": "tv",
            "color_space": "bt709",
            "chroma_location": "left"
        },
        {
            "media_type": "video",
            "stream_index": 0,
            "key_frame": 1,
            "pts": 36864,
            "pts_time": "2.880000",
            "pkt_dts": 36864,
            "pkt_dts_time": "2.880000",
            "best_effort_timestamp": 36864,
            "best_effort_timestamp_time": "2.880000",
            "duration": 512,
            "duration_time": "0.040000",
            "pkt_pos": "6368164",
            "pkt_size": "525039",
            "width": 1920,
            "height": 1080,
            "crop_top": 0,
            "crop_bottom": 0,
            "crop_left": 0,
            "crop_right": 0,
            "pix_fmt": "yuv420p",
            "pict_type": "I",
            "interlaced_frame": 0,
            "top_field_first": 0,
            "lossless": 0,
            "repeat_pict": 0,
            "color_range": "tv",
            "color_space": "bt709",
            "chroma_location": "left",
            "side_data_list": [
                {
                    "side_data_type": "H.26[45] User Data Unregistered SEI message"
                }
            ]
        },
        {
            "media_type": "video",
            "stream_index": 0,
            "key_frame": 0,
            "pts": 37376,
            "pts_time": "2.920000",
            "pkt_dts": 37376,
            "pkt_dts_time": "2.920000",
            "best_effort_timestamp": 37376,
            "best_effort_timestamp_time": "2.920000",
            "duration": 512,
            "duration_time": "0.040000",
            "pkt_pos": "6893203",
            "pkt_size": "41773",
            "width": 1920,
            "height": 1080,
            "crop_top": 0,
            "crop_bottom": 0,
            "crop_left": 0,
            "crop_right": 0,
            "pix_fmt": "yuv420p",
            "pict_type": "P",
            "interlaced_frame": 0,
            "top_field_first": 0,
            "lossless": 0,
            "repeat_pict": 0,
            "color_range": "tv",
            "color_space": "bt709",
            "chroma_location": "left"
        },
        {
            "media_type": "video",
            "stream_index": 0,
            "key_frame": 0,
            "pts": 37888,
            "pts_time": "2.960000",
            "pkt_dts": 37888,
            "pkt_dts_time": "2.960000",
            "best_effort_timestamp": 37888,
            "best_effort_timestamp_time": "2.960000",
            "duration": 512,
            "duration_time": "0.040000",
            "pkt_pos": "6934976",
            "pkt_size": "64628",
            "width": 1920,
            "height": 1080,
            "crop_top": 0,
            "crop_bottom": 0,
            "crop_left": 0,
            "crop_right": 0,
            "pix_fmt": "yuv420p",
            "pict_type": "P",
            "interlaced_frame": 0,
            "top_field_first": 0,
            "lossless": 0,
            "repeat_pict": 0,
            "color_range": "tv",
            "color_space": "bt709",
            "chroma_location": "left"
        },
        {
            "media_type": "video",
            "stream_index": 0,
            "key_frame": 0,
            "pts": 38400,
            "pts_time": "3.000000",
            "pkt_dts": 38400,
            "pkt_dts_time": "3.000000",
            "best_effort_timestamp": 38400,
            "best_effort_timestamp_time": "3.000000",
            "duration": 512,
            "duration_time": "0.040000",
            "pkt_pos": "6999604",
            "pkt_size": "50756",
            "width": 1920,
            "height": 1080,
            "crop_top": 0,
            "crop_bottom": 0,
            "crop_left": 0,
            "crop_right": 0,
            "pix_fmt": "yuv420p",
            "pict_type": "P",
            "interlaced_frame": 0,
            "top_field_first": 0,
            "lossless": 0,
            "repeat_pict": 0,
            "color_range": "tv",
            "color_space": "bt709",
            "chroma_location": "left"
        },
        {
            "media_type": "video",
            "stream_index": 0,
            "key_frame": 0,
            "pts": 38912,
            "pts_time": "3.040000",
            "pkt_dts": 38912,
            "pkt_dts_time": "3.040000",
            "best_effort_timestamp": 38912,
            "best_effort_timestamp_time": "3.040000",
            "duration": 512,
            "duration_time": "0.040000",
            "pkt_pos": "7050360",
            "pkt_size": "93387",
            "width": 1920,
            "height": 1080,
            "crop_top": 0,
            "crop_bottom": 0,
            "crop_left": 0,
            "crop_right": 0,
            "pix_fmt": "yuv420p",
            "pict_type": "P",
            "interlaced_frame": 0,
            "top_field_first": 0,
            "lossless": 0,
            "repeat_pict": 0,
            "color_range": "tv",
            "color_space": "bt709",
            "chroma_location": "left"
        },
        {
            "media_type": "video",
            "stream_index": 0,
            "key_frame": 0,
            "pts": 39424,
            "pts_time": "3.080000",
            "pkt_dts": 39424,
            "pkt_dts_time": "3.080000",
            "best_effort_timestamp": 39424,
            "best_effort_timestamp_time": "3.080000",
            "duration": 512,
            "duration_time": "0.040000",
            "pkt_pos": "7143747",
            "pkt_size": "81631",
            "width": 1920,
            "height": 1080,
            "crop_top": 0,
            "crop_bottom": 0,
            "crop_left": 0,
            "crop_right": 0,
            "pix_fmt": "yuv420p",
            "pict_type": "P",
            "interlaced_frame": 0,
            "top_field_first": 0,
            "lossless": 0,
            "repeat_pict": 0,
            "color_range": "tv",
            "color_space": "bt709",
            "chroma_location": "left"
        },
        {
            "media_type": "video",
            "stream_index": 0,
            "key_frame": 0,
            "pts": 39936,
            "pts_time": "3.120000",
            "pkt_dts": 39936,
            "pkt_dts_time": "3.120000",
            "best_effort_timestamp": 39936,
            "best_effort_timestamp_time": "3.120000",
            "duration": 512,
            "duration_time": "0.040000",
            "pkt_pos": "7225378",
            "pkt_size": "60591",
            "width": 1920,
            "height": 1080,
            "crop_top": 0,
            "crop_bottom": 0,
            "crop_left": 0,
            "crop_right": 0,
            "pix_fmt": "yuv420p",
            "pict_type": "P",
            "interlaced_frame": 0,
            "top_field_first": 0,
            "lossless": 0,
            "repeat_pict": 0,
            "color_range": "tv",
            "color_space": "bt709",
            "chroma_location": "left"
        },
        {
            "media_type": "video",
            "stream_index": 0,
            "key_frame": 0,
            "pts": 40448,
            "pts_time": "3.160000",
            "pkt_dts": 40448,
            "pkt_dts_time": "3.160000",
            "best_effort_timestamp": 40448,
            "best_effort_timestamp_time": "3.160000",
            "duration": 512,
            "duration_time": "0.040000",
            "pkt_pos": "7285969",
            "pkt_size": "77183",
            "width": 1920,
            "height": 1080,
            "crop_top": 0,
            "crop_bottom": 0,
            "crop_left": 0,
            "crop_right": 0,
            "pix_fmt": "yuv420p",
            "pict_type": "P",
            "interlaced_frame": 0,
            "top_field_first": 0,
            "lossless": 0,
            "repeat_pict": 0,
            "color_range": "tv",
            "color_space": "bt709",
            "chroma_location": "left"
        },
        {
            "media_type": "video",
            "stream_index": 0,
            "key_frame": 0,
            "pts": 40960,
            "pts_time": "3.200000",
            "pkt_dts": 40960,
            "pkt_dts_time": "3.200000",
            "best_effort_timestamp": 40960,
            "best_effort_timestamp_time": "3.200000",
            "duration": 512,
            "duration_time": "0.040000",
            "pkt_pos": "7363152",
            "pkt_size": "62169",
            "width": 1920,
            "height": 1080,
            "crop_top": 0,
            "crop_bottom": 0,
            "crop_left": 0,
            "crop_right": 0,
            "pix_fmt": "yuv420p",
            "pict_type": "P",
            "interlaced_frame": 0,
            "top_field_first": 0,
            "lossless": 0,
            "repeat_pict": 0,
            "color_range": "tv",
            "color_space": "bt709",
            "chroma_location": "left"
        },
        {
            "media_type": "video",
            "stream_index": 0,
            "key_frame": 0,
            "pts": 41472,
            "pts_time": "3.240000",
            "pkt_dts": 41472,
            "pkt_dts_time": "3.240000",
            "best_effort_timestamp": 41472,
            "best_effort_timestamp_time": "3.240000",
            "duration": 512,
            "duration_time": "0.040000",
            "pkt_pos": "7425321",
            "pkt_size": "78343",
            "width": 1920,
            "height": 1080,
            "crop_top": 0,
            "crop_bottom": 0,
            "crop_left": 0,
            "crop_right": 0,
            "pix_fmt": "yuv420p",
            "pict_type": "P",
            "interlaced_frame": 0,
            "top_field_first": 0,
            "lossless": 0,
            "repeat_pict": 0,
            "color_range": "tv",
            "color_space": "bt709",
            "chroma_location": "left"
        },
        {
            "media_type": "video",
            "stream_index": 0,
            "key_frame": 0,
            "pts": 41984,
            "pts_time": "3.280000",
            "pkt_dts": 41984,
            "pkt_dts_time": "3.280000",
            "best_effort_timestamp": 41984,
            "best_effort_timestamp_time": "3.280000",
            "duration": 512,
            "duration_time": "0.040000",
            "pkt_pos": "7503664",
            "pkt_size": "61611",
            "width": 1920,
            "height": 1080,
            "crop_top": 0,
            "crop_bottom": 0,
            "crop_left": 0,
            "crop_right": 0,
            "pix_fmt": "yuv420p",
            "pict_type": "P",
            "interlaced_frame": 0,
            "top_field_first": 0,
            "lossless": 0,
            "repeat_pict": 0,
            "color_range": "tv",
            "color_space": "bt709",
            "chroma_location": "left"
        },
        {
            "media_type": "video",
            "stream_index": 0,
            "key_frame": 0,
            "pts": 42496,
            "pts_time": "3.320000",
            "pkt_dts": 42496,
            "pkt_dts_time": "3.320000",
            "best_effort_timestamp": 42496,
            "best_effort_timestamp_time": "3.320000",
            "duration": 512,
            "duration_time": "0.040000",
            "pkt_pos": "7565275",
            "pkt_size": "74839",
            "width": 1920,
            "height": 1080,
            "crop_top": 0,
            "crop_bottom": 0,
            "crop_left": 0,
            "crop_right": 0,
            "pix_fmt": "yuv420p",
            "pict_type": "P",
            "interlaced_frame": 0,
            "top_field_first": 0,
            "lossless": 0,
            "repeat_pict": 0,
            "color_range": "tv",
            "color_space": "bt709",
            "chroma_location": "left"
        },
        {
            "media_type": "video",
            "stream_index": 0,
            "key_frame": 1,
            "pts": 43008,
            "pts_time": "3.360000",
            "pkt_dts": 43008,
            "pkt_dts_time": "3.360000",
            "best_effort_timestamp": 43008,
            "best_effort_timestamp_time": "3.360000",
            "duration": 512,
            "duration_time": "0.040000",
            "pkt_pos": "7640114",
            "pkt_size": "604237",
            "width": 1920,
            "height": 1080,
            "crop_top": 0,
            "crop_bottom": 0,
            "crop_left": 0,
            "crop_right": 0,
            "pix_fmt": "yuv420p",
            "pict_type": "I",
            "interlaced_frame": 0,
            "top_field_first": 0,
            "lossless": 0,
            "repeat_pict": 0,
            "color_range": "tv",
            "color_space": "bt709",
            "chroma_location": "left",
            "side_data_list": [
                {
                    "side_data_type": "H.26[45] User Data Unregistered SEI message"
                }
            ]
        },
        {
            "media_type": "video",
            "stream_index": 0,
            "key_frame": 0,
            "pts": 43520,
            "pts_time": "3.400000",
            "pkt_dts": 43520,
            "pkt_dts_time": "3.400000",
            "best_effort_timestamp": 43520,
            "best_effort_timestamp_time": "3.400000",
            "duration": 512,
            "duration_time": "0.040000",
            "pkt_pos": "8244351",
            "pkt_size": "92121",
            "width": 1920,
            "height": 1080,
            "crop_top": 0,
            "crop_bottom": 0,
            "crop_left": 0,
            "crop_right": 0,
            "pix_fmt": "yuv420p",
            "pict_type": "P",
            "interlaced_frame": 0,
            "top_field_first": 0,
            "lossless": 0,
            "repeat_pict": 0,
            "color_range": "tv",
            "color_space": "bt709",
            "chroma_location": "left"
        },
        {
            "media_type": "video",
            "stream_index": 0,
            "key_frame": 0,
            "pts": 44032,
            "pts_time": "3.440000",
            "pkt_dts": 44032,
            "pkt_dts_time": "3.440000",
            "best_effort_timestamp": 44032,
            "best_effort_timestamp_time": "3.440000",
            "duration": 512,
            "duration_time": "0.040000",
            "pkt_pos": "8336472",
            "pkt_size": "58679",
            "width": 1920,
            "height": 1080,
            "crop_top": 0,
            "crop_bottom": 0,
            "crop_left": 0,
            "crop_right": 0,
            "pix_fmt": "yuv420p",
            "pict_type": "P",
            "interlaced_frame": 0,
            "top_field_first": 0,
            "lossless": 0,
            "repeat_pict": 0,
            "color_range": "tv",
            "color_space": "bt709",
            "chroma_location": "left"
        },
        {
            "media_type": "video",
            "stream_index": 0,
            "key_frame": 0,
            "pts": 44544,
            "pts_time": "3.480000",
            "pkt_dts": 44544,
            "pkt_dts_time": "3.480000",
            "best_effort_timestamp": 44544,
            "best_effort_timestamp_time": "3.480000",
            "duration": 512,
            "duration_time": "0.040000",
            "pkt_pos": "8395151",
            "pkt_size": "56227",
            "width": 1920,
            "height": 1080,
            "crop_top": 0,
            "crop_bottom": 0,
            "crop_left": 0,
            "crop_right": 0,
            "pix_fmt": "yuv420p",
            "pict_type": "P",
            "interlaced_frame": 0,
            "top_field_first": 0,
            "lossless": 0,
            "repeat_pict": 0,
            "color_range": "tv",
            "color_space": "bt709",
            "chroma_location": "left"
        },
        {
            "media_type": "video",
            "stream_index": 0,
            "key_frame": 0,
            "pts": 45056,
            "pts_time": "3.520000",
            "pkt_dts": 45056,
            "pkt_dts_time": "3.520000",
            "best_effort_timestamp": 45056,
            "best_effort_timestamp_time": "3.520000",
            "duration": 512,
            "duration_time": "0.040000",
            "pkt_pos": "8451378",
            "pkt_size": "52589",
            "width": 1920,
            "height": 1080,
            "crop_top": 0,
            "crop_bottom": 0,
            "crop_left": 0,
            "crop_right": 0,
            "pix_fmt": "yuv420p",
            "pict_type": "P",
            "interlaced_frame": 0,
            "top_field_first": 0,
            "lossless": 0,
            "repeat_pict": 0,
            "color_range": "tv",
            "color_space": "bt709",
            "chroma_location": "left"
        },
        {
            "media_type": "video",
            "stream_index": 0,
            "key_frame": 0,
            "pts": 45568,
            "pts_time": "3.560000",
            "pkt_dts": 45568,
            "pkt_dts_time": "3.560000",
            "best_effort_timestamp": 45568,
            "best_effort_timestamp_time": "3.560000",
            "duration": 512,
            "duration_time": "0.040000",
            "pkt_pos": "8503967",
            "pkt_size": "49142",
            "width": 1920,
            "height": 1080,
            "crop_top": 0,
            "crop_bottom": 0,
            "crop_left": 0,
            "crop_right": 0,
            "pix_fmt": "yuv420p",
            "pict_type": "P",
            "interlaced_frame": 0,
            "top_field_first": 0,
            "lossless": 0,
            "repeat_pict": 0,
            "color_range": "tv",
            "color_space": "bt709",
            "chroma_location": "left"
        },
        {
            "media_type": "video",
            "stream_index": 0,
            "key_frame": 0,
            "pts": 46080,
            "pts_time": "3.600000",
            "pkt_dts": 46080,
            "pkt_dts_time": "3.600000",
            "best_effort_timestamp": 46080,
            "best_effort_timestamp_time": "3.600000",
            "duration": 512,
            "duration_time": "0.040000",
            "pkt_pos": "8553109",
            "pkt_size": "25546",
            "width": 1920,
            "height": 1080,
            "crop_top": 0,
            "crop_bottom": 0,
            "crop_left": 0,
            "crop_right": 0,
            "pix_fmt": "yuv420p",
            "pict_type": "P",
            "interlaced_frame": 0,
            "top_field_first": 0,
            "lossless": 0,
            "repeat_pict": 0,
            "color_range": "tv",
            "color_space": "bt709",
            "chroma_location": "left"
        },
        {
            "media_type": "video",
            "stream_index": 0,
            "key_frame": 0,
            "pts": 46592,
            "pts_time": "3.640000",
            "pkt_dts": 46592,
            "pkt_dts_time": "3.640000",
            "best_effort_timestamp": 46592,
            "best_effort_timestamp_time": "3.640000",
            "duration": 512,
            "duration_time": "0.040000",
            "pkt_pos": "8578655",
            "pkt_size": "37609",
            "width": 1920,
            "height": 1080,
            "crop_top": 0,
            "crop_bottom": 0,
            "crop_left": 0,
            "crop_right": 0,
            "pix_fmt": "yuv420p",
            "pict_type": "P",
            "interlaced_frame": 0,
            "top_field_first": 0,
            "lossless": 0,
            "repeat_pict": 0,
            "color_range": "tv",
            "color_space": "bt709",
            "chroma_location": "left"
        },
        {
            "media_type": "video",
            "stream_index": 0,
            "key_frame": 0,
            "pts": 47104,
            "pts_time": "3.680000",
            "pkt_dts": 47104,
            "pkt_dts_time": "3.680000",
            "best_effort_timestamp": 47104,
            "best_effort_timestamp_time": "3.680000",
            "duration": 512,
            "duration_time": "0.040000",
            "pkt_pos": "8616264",
            "pkt_size": "27611",
            "width": 1920,
            "height": 1080,
            "crop_top": 0,
            "crop_bottom": 0,
            "crop_left": 0,
            "crop_right": 0,
            "pix_fmt": "yuv420p",
            "pict_type": "P",
            "interlaced_frame": 0,
            "top_field_first": 0,
            "lossless": 0,
            "repeat_pict": 0,
            "color_range": "tv",
            "color_space": "bt709",
            "chroma_location": "left"
        },
        {
            "media_type": "video",
            "stream_index": 0,
            "key_frame": 0,
            "pts": 47616,
            "pts_time": "3.720000",
            "pkt_dts": 47616,
            "pkt_dts_time": "3.720000",
            "best_effort_timestamp": 47616,
            "best_effort_timestamp_time": "3.720000",
            "duration": 512,
            "duration_time": "0.040000",
            "pkt_pos": "8643875",
            "pkt_size": "44635",
            "width": 1920,
            "height": 1080,
            "crop_top": 0,
            "crop_bottom": 0,
            "crop_left": 0,
            "crop_right": 0,
            "pix_fmt": "yuv420p",
            "pict_type": "P",
            "interlaced_frame": 0,
            "top_field_first": 0,
            "lossless": 0,
            "repeat_pict": 0,
            "color_range": "tv",
            "color_space": "bt709",
            "chroma_location": "left"
        },
        {
            "media_type": "video",
            "stream_index": 0,
            "key_frame": 0,
            "pts": 48128,
            "pts_time": "3.760000",
            "pkt_dts": 48128,
            "pkt_dts_time": "3.760000",
            "best_effort_timestamp": 48128,
            "best_effort_timestamp_time": "3.760000",
            "duration": 512,
            "duration_time": "0.040000",
            "pkt_pos": "8688510",
            "pkt_size": "34435",
            "width": 1920,
            "height": 1080,
            "crop_top": 0,
            "crop_bottom": 0,
            "crop_left": 0,
            "crop_right": 0,
            "pix_fmt": "yuv420p",
            "pict_type": "P",
            "interlaced_frame": 0,
            "top_field_first": 0,
            "lossless": 0,
            "repeat_pict": 0,
            "color_range": "tv",
            "color_space": "bt709",
            "chroma_location": "left"
        },
        {
            "media_type": "video",
            "stream_index": 0,
            "key_frame": 0,
            "pts": 48640,
            "pts_time": "3.800000",
            "pkt_dts": 48640,
            "pkt_dts_time": "3.800000",
            "best_effort_timestamp": 48640,
            "best_effort_timestamp_time": "3.800000",
            "duration": 512,
            "duration_time": "0.040000",
            "pkt_pos": "8722945",
            "pkt_size": "53958",
            "width": 1920,
            "height": 1080,
            "crop_top": 0,
            "crop_bottom": 0,
            "crop_left": 0,
            "crop_right": 0,
            "pix_fmt": "yuv420p",
            "pict_type": "P",
            "interlaced_frame": 0,
            "top_field_first": 0,
            "lossless": 0,
            "repeat_pict": 0,
            "color_range": "tv",
            "color_space": "bt709",
            "chroma_location": "left"
        },
        {
            "media_type": "video",
            "stream_index": 0,
            "key_frame": 1,
            "pts": 49152,
            "pts_time": "3.840000",
            "pkt_dts": 49152,
            "pkt_dts_time": "3.840000",
            "best_effort_timestamp": 49152,
            "best_effort_timestamp_time": "3.840000",
            "duration": 512,
            "duration_time": "0.040000",
            "pkt_pos": "8776903",
            "pkt_size": "519558",
            "width": 1920,
            "height": 1080,
            "crop_top": 0,
            "crop_bottom": 0,
            "crop_left": 0,
            "crop_right": 0,
            "pix_fmt": "yuv420p",
            "pict_type": "I",
            "interlaced_frame": 0,
            "top_field_first": 0,
            "lossless": 0,
            "repeat_pict": 0,
            "color_range": "tv",
            "color_space": "bt709",
            "chroma_location": "left",
            "side_data_list": [
                {
                    "side_data_type": "H.26[45] User Data Unregistered SEI message"
                }
            ]
        },
        {
            "media_type": "video",
            "stream_index": 0,
            "key_frame": 0,
            "pts": 49664,
            "pts_time": "3.880000",
            "pkt_dts": 49664,
            "pkt_dts_time": "3.880000",
            "best_effort_timestamp": 49664,
            "best_effort_timestamp_time": "3.880000",
            "duration": 512,
            "duration_time": "0.040000",
            "pkt_pos": "9296461",
            "pkt_size": "94490",
            "width": 1920,
            "height": 1080,
            "crop_top": 0,
            "crop_bottom": 0,
            "crop_left": 0,
            "crop_right": 0,
            "pix_fmt": "yuv420p",
            "pict_type": "P",
            "interlaced_frame": 0,
            "top_field_first": 0,
            "lossless": 0,
            "repeat_pict": 0,
            "color_range": "tv",
            "color_space": "bt709",
            "chroma_location": "left"
        },
        {
            "media_type": "video",
            "stream_index": 0,
            "key_frame": 0,
            "pts": 50176,
            "pts_time": "3.920000",
            "pkt_dts": 50176,
            "pkt_dts_time": "3.920000",
            "best_effort_timestamp": 50176,
            "best_effort_timestamp_time": "3.920000",
            "duration": 512,
            "duration_time": "0.040000",
            "pkt_pos": "9390951",
            "pkt_size": "59715",
            "width": 1920,
            "height": 1080,
            "crop_top": 0,
            "crop_bottom": 0,
            "crop_left": 0,
            "crop_right": 0,
            "pix_fmt": "yuv420p",
            "pict_type": "P",
            "interlaced_frame": 0,
            "top_field_first": 0,
            "lossless": 0,
            "repeat_pict": 0,
            "color_range": "tv",
            "color_space": "bt709",
            "chroma_location": "left"
        },
        {
            "media_type": "video",
            "stream_index": 0,
            "key_frame": 0,
            "pts": 50688,
            "pts_time": "3.960000",
            "pkt_dts": 50688,
            "pkt_dts_time": "3.960000",
            "best_effort_timestamp": 50688,
            "best_effort_timestamp_time": "3.960000",
            "duration": 512,
            "duration_time": "0.040000",
            "pkt_pos": "9450666",
            "pkt_size": "115653",
            "width": 1920,
            "height": 1080,
            "crop_top": 0,
            "crop_bottom": 0,
            "crop_left": 0,
            "crop_right": 0,
            "pix_fmt": "yuv420p",
            "pict_type": "P",
            "interlaced_frame": 0,
            "top_field_first": 0,
            "lossless": 0,
            "repeat_pict": 0,
            "color_range": "tv",
            "color_space": "bt709",
            "chroma_location": "left"
        },
        {
            "media_type": "video",
            "stream_index": 0,
            "key_frame": 0,
            "pts": 51200,
            "pts_time": "4.000000",
            "pkt_dts": 51200,
            "pkt_dts_time": "4.000000",
            "best_effort_timestamp": 51200,
            "best_effort_timestamp_time": "4.000000",
            "duration": 512,
            "duration_time": "0.040000",
            "pkt_pos": "9566319",
            "pkt_size": "49491",
            "width": 1920,
            "height": 1080,
            "crop_top": 0,
            "crop_bottom": 0,
            "crop_left": 0,
            "crop_right": 0,
            "pix_fmt": "yuv420p",
            "pict_type": "P",
            "interlaced_frame": 0,
            "top_field_first": 0,
            "lossless": 0,
            "repeat_pict": 0,
            "color_range": "tv",
            "color_space": "bt709",
            "chroma_location": "left"
        },
        {
            "media_type": "video",
            "stream_index": 0,
            "key_frame": 0,
            "pts": 51712,
            "pts_time": "4.040000",
            "pkt_dts": 51712,
            "pkt_dts_time": "4.040000",
            "best_effort_timestamp": 51712,
            "best_effort_timestamp_time": "4.040000",
            "duration": 512,
            "duration_time": "0.040000",
            "pkt_pos": "9615810",
            "pkt_size": "66435",
            "width": 1920,
            "height": 1080,
            "crop_top": 0,
            "crop_bottom": 0,
            "crop_left": 0,
            "crop_right": 0,
            "pix_fmt": "yuv420p",
            "pict_type": "P",
            "interlaced_frame": 0,
            "top_field_first": 0,
            "lossless": 0,
            "repeat_pict": 0,
            "color_range": "tv",
            "color_space": "bt709",
            "chroma_location": "left"
        },
        {
            "media_type": "video",
            "stream_index": 0,
            "key_frame": 0,
            "pts": 52224,
            "pts_time": "4.080000",
            "pkt_dts": 52224,
            "pkt_dts_time": "4.080000",
            "best_effort_timestamp": 52224,
            "best_effort_timestamp_time": "4.080000",
            "duration": 512,
            "duration_time": "0.040000",
            "pkt_pos": "9682245",
            "pkt_size": "70764",
            "width": 1920,
            "height": 1080,
            "crop_top": 0,
            "crop_bottom": 0,
            "crop_left": 0,
            "crop_right": 0,
            "pix_fmt": "yuv420p",
            "pict_type": "P",
            "interlaced_frame": 0,
            "top_field_first": 0,
            "lossless": 0,
            "repeat_pict": 0,
            "color_range": "tv",
            "color_space": "bt709",
            "chroma_location": "left"
        },
        {
            "media_type": "video",
            "stream_index": 0,
            "key_frame": 0,
            "pts": 52736,
            "pts_time": "4.120000",
            "pkt_dts": 52736,
            "pkt_dts_time": "4.120000",
            "best_effort_timestamp": 52736,
            "best_effort_timestamp_time": "4.120000",
            "duration": 512,
            "duration_time": "0.040000",
            "pkt_pos": "9753009",
            "pkt_size": "55878",
            "width": 1920,
            "height": 1080,
            "crop_top": 0,
            "crop_bottom": 0,
            "crop_left": 0,
            "crop_right": 0,
            "pix_fmt": "yuv420p",
            "pict_type": "P",
            "interlaced_frame": 0,
            "top_field_first": 0,
            "lossless": 0,
            "repeat_pict": 0,
            "color_range": "tv",
            "color_space": "bt709",
            "chroma_location": "left"
        },
        {
            "media_type": "video",
            "stream_index": 0,
            "key_frame": 0,
            "pts": 53248,
            "pts_time": "4.160000",
            "pkt_dts": 53248,
            "pkt_dts_time": "4.160000",
            "best_effort_timestamp": 53248,
            "best_effort_timestamp_time": "4.160000",
            "duration": 512,
            "duration_time": "0.040000",
            "pkt_pos": "9808887",
            "pkt_size": "69031",
            "width": 1920,
            "height": 1080,
            "crop_top": 0,
            "crop_bottom": 0,
            "crop_left": 0,
            "crop_right": 0,
            "pix_fmt": "yuv420p",
            "pict_type": "P",
            "interlaced_frame": 0,
            "top_field_first": 0,
            "lossless": 0,
            "repeat_pict": 0,
            "color_range": "tv",
            "color_space": "bt709",
            "chroma_location": "left"
        },
        {
            "media_type": "video",
            "stream_index": 0,
            "key_frame": 0,
            "pts": 53760,
            "pts_time": "4.200000",
            "pkt_dts": 53760,
            "pkt_dts_time": "4.200000",
            "best_effort_timestamp": 53760,
            "best_effort_timestamp_time": "4.200000",
            "duration": 512,
            "duration_time": "0.040000",
            "pkt_pos": "9877918",
            "pkt_size": "52319",
            "width": 1920,
            "height": 1080,
            "crop_top": 0,
            "crop_bottom": 0,
            "crop_left": 0,
            "crop_right": 0,
            "pix_fmt": "yuv420p",
            "pict_type": "P",
            "interlaced_frame": 0,
            "top_field_first": 0,
            "lossless": 0,
            "repeat_pict": 0,
            "color_range": "tv",
            "color_space": "bt709",
            "chroma_location": "left"
        },
        {
            "media_type": "video",
            "stream_index": 0,
            "key_frame": 0,
            "pts": 54272,
            "pts_time": "4.240000",
            "pkt_dts": 54272,
            "pkt_dts_time": "4.240000",
            "best_effort_timestamp": 54272,
            "best_effort_timestamp_time": "4.240000",
            "duration": 512,
            "duration_time": "0.040000",
            "pkt_pos": "9930237",
            "pkt_size": "55367",
            "width": 1920,
            "height": 1080,
            "crop_top": 0,
            "crop_bottom": 0,
            "crop_left": 0,
            "crop_right": 0,
            "pix_fmt": "yuv420p",
            "pict_type": "P",
            "interlaced_frame": 0,
            "top_field_first": 0,
            "lossless": 0,
            "repeat_pict": 0,
            "color_range": "tv",
            "color_space": "bt709",
            "chroma_location": "left"
        },
        {
            "media_type": "video",
            "stream_index": 0,
            "key_frame": 0,
            "pts": 54784,
            "pts_time": "4.280000",
            "pkt_dts": 54784,
            "pkt_dts_time": "4.280000",
            "best_effort_timestamp": 54784,
            "best_effort_timestamp_time": "4.280000",
            "duration": 512,
            "duration_time": "0.040000",
            "pkt_pos": "9985604",
            "pkt_size": "44798",
            "width": 1920,
            "height": 1080,
            "crop_top": 0,
            "crop_bottom": 0,
            "crop_left": 0,
            "crop_right": 0,
            "pix_fmt": "yuv420p",
            "pict_type": "P",
            "interlaced_frame": 0,
            "top_field_first": 0,
            "lossless": 0,
            "repeat_pict": 0,
            "color_range": "tv",
            "color_space": "bt709",
            "chroma_location": "left"
        },
        {
            "media_type": "video",
            "stream_index": 0,
            "key_frame": 1,
            "pts": 55296,
            "pts_time": "4.320000",
            "pkt_dts": 55296,
            "pkt_dts_time": "4.320000",
            "best_effort_timestamp": 55296,
            "best_effort_timestamp_time": "4.320000",
            "duration": 512,
            "duration_time": "0.040000",
            "pkt_pos": "10030402",
            "pkt_size": "615845",
            "width": 1920,
            "height": 1080,
            "crop_top": 0,
            "crop_bottom": 0,
            "crop_left": 0,
            "crop_right": 0,
            "pix_fmt": "yuv420p",
            "pict_type": "I",
            "interlaced_frame": 0,
            "top_field_first": 0,
            "lossless": 0,
            "repeat_pict": 0,
            "color_range": "tv",
            "color_space": "bt709",
            "chroma_location": "left",
            "side_data_list": [
                {
                    "side_data_type": "H.26[45] User Data Unregistered SEI message"
                }
            ]
        },
        {
            "media_type": "video",
            "stream_index": 0,
            "key_frame": 0,
            "pts": 55808,
            "pts_time": "4.360000",
            "pkt_dts": 55808,
            "pkt_dts_time": "4.360000",
            "best_effort_timestamp": 55808,
            "best_effort_timestamp_time": "4.360000",
            "duration": 512,
            "duration_time": "0.040000",
            "pkt_pos": "10646247",
            "pkt_size": "59627",
            "width": 1920,
            "height": 1080,
            "crop_top": 0,
            "crop_bottom": 0,
            "crop_left": 0,
            "crop_right": 0,
            "pix_fmt": "yuv420p",
            "pict_type": "P",
            "interlaced_frame": 0,
            "top_field_first": 0,
            "lossless": 0,
            "repeat_pict": 0,
            "color_range": "tv",
            "color_space": "bt709",
            "chroma_location": "left"
        },
        {
            "media_type": "video",
            "stream_index": 0,
            "key_frame": 0,
            "pts": 56320,
            "pts_time": "4.400000",
            "pkt_dts": 56320,
            "pkt_dts_time": "4.400000",
            "best_effort_timestamp": 56320,
            "best_effort_timestamp_time": "4.400000",
            "duration": 512,
            "duration_time": "0.040000",
            "pkt_pos": "10705874",
            "pkt_size": "57121",
            "width": 1920,
            "height": 1080,
            "crop_top": 0,
            "crop_bottom": 0,
            "crop_left": 0,
            "crop_right": 0,
            "pix_fmt": "yuv420p",
            "pict_type": "P",
            "interlaced_frame": 0,
            "top_field_first": 0,
            "lossless": 0,
            "repeat_pict": 0,
            "color_range": "tv",
            "color_space": "bt709",
            "chroma_location": "left"
        },
        {
            "media_type": "video",
            "stream_index": 0,
            "key_frame": 0,
            "pts": 56832,
            "pts_time": "4.440000",
            "pkt_dts": 56832,
            "pkt_dts_time": "4.440000",
            "best_effort_timestamp": 56832,
            "best_effort_timestamp_time": "4.440000",
            "duration": 512,
            "duration_time": "0.040000",
            "pkt_pos": "10762995",
            "pkt_size": "51689",
            "width": 1920,
            "height": 1080,
            "crop_top": 0,
            "crop_bottom": 0,
            "crop_left": 0,
            "crop_right": 0,
            "pix_fmt": "yuv420p",
            "pict_type": "P",
            "interlaced_frame": 0,
            "top_field_first": 0,
            "lossless": 0,
            "repeat_pict": 0,
            "color_range": "tv",
            "color_space": "bt709",
            "chroma_location": "left"
        },
        {
            "media_type": "video",
            "stream_index": 0,
            "key_frame": 0,
            "pts": 57344,
            "pts_time": "4.480000",
            "pkt_dts": 57344,
            "pkt_dts_time": "4.480000",
            "best_effort_timestamp": 57344,
            "best_effort_timestamp_time": "4.480000",
            "duration": 512,
            "duration_time": "0.040000",
            "pkt_pos": "10814684",
            "pkt_size": "74825",
            "width": 1920,
            "height": 1080,
            "crop_top": 0,
            "crop_bottom": 0,
            "crop_left": 0,
            "crop_right": 0,
            "pix_fmt": "yuv420p",
            "pict_type": "P",
            "interlaced_frame": 0,
            "top_field_first": 0,
            "lossless": 0,
            "repeat_pict": 0,
            "color_range": "tv",
            "color_space": "bt709",
            "chroma_location": "left"
        },
        {
            "media_type": "video",
            "stream_index": 0,
            "key_frame": 0,
            "pts": 57856,
            "pts_time": "4.520000",
            "pkt_dts": 57856,
            "pkt_dts_time": "4.520000",
            "best_effort_timestamp": 57856,
            "best_effort_timestamp_time": "4.520000",
            "duration": 512,
            "duration_time": "0.040000",
            "pkt_pos": "10889509",
            "pkt_size": "56748",
            "width": 1920,
            "height": 1080,
            "crop_top": 0,
            "crop_bottom": 0,
            "crop_left": 0,
            "crop_right": 0,
            "pix_fmt": "yuv420p",
            "pict_type": "P",
            "interlaced_frame": 0,
            "top_field_first": 0,
            "lossless": 0,
            "repeat_pict": 0,
            "color_range": "tv",
            "color_space": "bt709",
            "chroma_location": "left"
        },
        {
            "media_type": "video",
            "stream_index": 0,
            "key_frame": 0,
            "pts": 58368,
            "pts_time": "4.560000",
            "pkt_dts": 58368,
            "pkt_dts_time": "4.560000",
            "best_effort_timestamp": 58368,
            "best_effort_timestamp_time": "4.560000",
            "duration": 512,
            "duration_time": "0.040000",
            "pkt_pos": "10946257",
            "pkt_size": "66545",
            "width": 1920,
            "height": 1080,
            "crop_top": 0,
            "crop_bottom": 0,
            "crop_left": 0,
            "crop_right": 0,
            "pix_fmt": "yuv420p",
            "pict_type": "P",
            "interlaced_frame": 0,
            "top_field_first": 0,
            "lossless": 0,
            "repeat_pict": 0,
            "color_range": "tv",
            "color_space": "bt709",
            "chroma_location": "left"
        },
        {
            "media_type": "video",
            "stream_index": 0,
            "key_frame": 0,
            "pts": 58880,
            "pts_time": "4.600000",
            "pkt_dts": 58880,
            "pkt_dts_time": "4.600000",
            "best_effort_timestamp": 58880,
            "best_effort_timestamp_time": "4.600000",
            "duration": 512,
            "duration_time": "0.040000",
            "pkt_pos": "11012802",
            "pkt_size": "47288",
            "width": 1920,
            "height": 1080,
            "crop_top": 0,
            "crop_bottom": 0,
            "crop_left": 0,
            "crop_right": 0,
            "pix_fmt": "yuv420p",
            "pict_type": "P",
            "interlaced_frame": 0,
            "top_field_first": 0,
            "lossless": 0,
            "repeat_pict": 0,
            "color_range": "tv",
            "color_space": "bt709",
            "chroma_location": "left"
        },
        {
            "media_type": "video",
            "stream_index": 0,
            "key_frame": 0,
            "pts": 59392,
            "pts_time": "4.640000",
            "pkt_dts": 59392,
            "pkt_dts_time": "4.640000",
            "best_effort_timestamp": 59392,
            "best_effort_timestamp_time": "4.640000",
            "duration": 512,
            "duration_time": "0.040000",
            "pkt_pos": "11060090",
            "pkt_size": "48664",
            "width": 1920,
            "height": 1080,
            "crop_top": 0,
            "crop_bottom": 0,
            "crop_left": 0,
            "crop_right": 0,
            "pix_fmt": "yuv420p",
            "pict_type": "P",
            "interlaced_frame": 0,
            "top_field_first": 0,
            "lossless": 0,
            "repeat_pict": 0,
            "color_range": "tv",
            "color_space": "bt709",
            "chroma_location": "left"
        },
        {
            "media_type": "video",
            "stream_index": 0,
            "key_frame": 0,
            "pts": 59904,
            "pts_time": "4.680000",
            "pkt_dts": 59904,
            "pkt_dts_time": "4.680000",
            "best_effort_timestamp": 59904,
            "best_effort_timestamp_time": "4.680000",
            "duration": 512,
            "duration_time": "0.040000",
            "pkt_pos": "11108754",
            "pkt_size": "30193",
            "width": 1920,
            "height": 1080,
            "crop_top": 0,
            "crop_bottom": 0,
            "crop_left": 0,
            "crop_right": 0,
            "pix_fmt": "yuv420p",
            "pict_type": "P",
            "interlaced_frame": 0,
            "top_field_first": 0,
            "lossless": 0,
            "repeat_pict": 0,
            "color_range": "tv",
            "color_space": "bt709",
            "chroma_location": "left"
        },
        {
            "media_type": "video",
            "stream_index": 0,
            "key_frame": 0,
            "pts": 60416,
            "pts_time": "4.720000",
            "pkt_dts": 60416,
            "pkt_dts_time": "4.720000",
            "best_effort_timestamp": 60416,
            "best_effort_timestamp_time": "4.720000",
            "duration": 512,
            "duration_time": "0.040000",
            "pkt_pos": "11138947",
            "pkt_size": "41296",
            "width": 1920,
            "height": 1080,
            "crop_top": 0,
            "crop_bottom": 0,
            "crop_left": 0,
            "crop_right": 0,
            "pix_fmt": "yuv420p",
            "pict_type": "P",
            "interlaced_frame": 0,
            "top_field_first": 0,
            "lossless": 0,
            "repeat_pict": 0,
            "color_range": "tv",
            "color_space": "bt709",
            "chroma_location": "left"
        },
        {
            "media_type": "video",
            "stream_index": 0,
            "key_frame": 0,
            "pts": 60928,
            "pts_time": "4.760000",
            "pkt_dts": 60928,
            "pkt_dts_time": "4.760000",
            "best_effort_timestamp": 60928,
            "best_effort_timestamp_time": "4.760000",
            "duration": 512,
            "duration_time": "0.040000",
            "pkt_pos": "11180243",
            "pkt_size": "26970",
            "width": 1920,
            "height": 1080,
            "crop_top": 0,
            "crop_bottom": 0,
            "crop_left": 0,
            "crop_right": 0,
            "pix_fmt": "yuv420p",
            "pict_type": "P",
            "interlaced_frame": 0,
            "top_field_first": 0,
            "lossless": 0,
            "repeat_pict": 0,
            "color_range": "tv",
            "color_space": "bt709",
            "chroma_location": "left"
        },
        {
            "media_type": "video",
            "stream_index": 0,
            "key_frame": 1,
            "pts": 61440,
            "pts_time": "4.800000",
            "pkt_dts": 61440,
            "pkt_dts_time": "4.800000",
            "best_effort_timestamp": 61440,
            "best_effort_timestamp_time": "4.800000",
            "duration": 512,
            "duration_time": "0.040000",
            "pkt_pos": "11207213",
            "pkt_size": "527751",
            "width": 1920,
            "height": 1080,
            "crop_top": 0,
            "crop_bottom": 0,
            "crop_left": 0,
            "crop_right": 0,
            "pix_fmt": "yuv420p",
            "pict_type": "I",
            "interlaced_frame": 0,
            "top_field_first": 0,
            "lossless": 0,
            "repeat_pict": 0,
            "color_range": "tv",
            "color_space": "bt709",
            "chroma_location": "left",
            "side_data_list": [
                {
                    "side_data_type": "H.26[45] User Data Unregistered SEI message"
                }
            ]
        },
        {
            "media_type": "video",
            "stream_index": 0,
            "key_frame": 0,
            "pts": 61952,
            "pts_time": "4.840000",
            "pkt_dts": 61952,
            "pkt_dts_time": "4.840000",
            "best_effort_timestamp": 61952,
            "best_effort_timestamp_time": "4.840000",
            "duration": 512,
            "duration_time": "0.040000",
            "pkt_pos": "11734964",
            "pkt_size": "41156",
            "width": 1920,
            "height": 1080,
            "crop_top": 0,
            "crop_bottom": 0,
            "crop_left": 0,
            "crop_right": 0,
            "pix_fmt": "yuv420p",
            "pict_type": "P",
            "interlaced_frame": 0,
            "top_field_first": 0,
            "lossless": 0,
            "repeat_pict": 0,
            "color_range": "tv",
            "color_space": "bt709",
            "chroma_location": "left"
        },
        {
            "media_type": "video",
            "stream_index": 0,
            "key_frame": 0,
            "pts": 62464,
            "pts_time": "4.880000",
            "pkt_dts": 62464,
            "pkt_dts_time": "4.880000",
            "best_effort_timestamp": 62464,
            "best_effort_timestamp_time": "4.880000",
            "duration": 512,
            "duration_time": "0.040000",
            "pkt_pos": "11776120",
            "pkt_size": "60141",
            "width": 1920,
            "height": 1080,
            "crop_top": 0,
            "crop_bottom": 0,
            "crop_left": 0,
            "crop_right": 0,
            "pix_fmt": "yuv420p",
            "pict_type": "P",
            "interlaced_frame": 0,
            "top_field_first": 0,
            "lossless": 0,
            "repeat_pict": 0,
            "color_range": "tv",
            "color_space": "bt709",
            "chroma_location": "left"
        },
        {
            "media_type": "video",
            "stream_index": 0,
            "key_frame": 0,
            "pts": 62976,
            "pts_time": "4.920000",
            "pkt_dts": 62976,
            "pkt_dts_time": "4.920000",
            "best_effort_timestamp": 62976,
            "best_effort_timestamp_time": "4.920000",
            "duration": 512,
            "duration_time": "0.040000",
            "pkt_pos": "11836261",
            "pkt_size": "29552",
            "width": 1920,
            "height": 1080,
            "crop_top": 0,
            "crop_bottom": 0,
            "crop_left": 0,
            "crop_right": 0,
            "pix_fmt": "yuv420p",
            "pict_type": "P",
            "interlaced_frame": 0,
            "top_field_first": 0,
            "lossless": 0,
            "repeat_pict": 0,
            "color_range": "tv",
            "color_space": "bt709",
            "chroma_location": "left"
        },
        {
            "media_type": "video",
            "stream_index": 0,
            "key_frame": 0,
            "pts": 63488,
            "pts_time": "4.960000",
            "pkt_dts": 63488,
            "pkt_dts_time": "4.960000",
            "best_effort_timestamp": 63488,
            "best_effort_timestamp_time": "4.960000",
            "duration": 512,
            "duration_time": "0.040000",
            "pkt_pos": "11865813",
            "pkt_size": "23536",
            "width": 1920,
            "height": 1080,
            "crop_top": 0,
            "crop_bottom": 0,
            "crop_left": 0,
            "crop_right": 0,
            "pix_fmt": "yuv420p",
            "pict_type": "P",
            "interlaced_frame": 0,
            "top_field_first": 0,
            "lossless": 0,
            "repeat_pict": 0,
            "color_range": "tv",
            "color_space": "bt709",
            "chroma_location": "left"
        },
        {
            "media_type": "video",
            "stream_index": 0,
            "key_frame": 0,
            "pts": 64000,
            "pts_time": "5.000000",
            "pkt_dts": 64000,
            "pkt_dts_time": "5.000000",
            "best_effort_timestamp": 64000,
            "best_effort_timestamp_time": "5.000000",
            "duration": 512,
            "duration_time": "0.040000",
            "pkt_pos": "11889349",
            "pkt_size": "18542",
            "width": 1920,
            "height": 1080,
            "crop_top": 0,
            "crop_bottom": 0,
            "crop_left": 0,
            "crop_right": 0,
            "pix_fmt": "yuv420p",
            "pict_type": "P",
            "interlaced_frame": 0,
            "top_field_first": 0,
            "lossless": 0,
            "repeat_pict": 0,
            "color_range": "tv",
            "color_space": "bt709",
            "chroma_location": "left"
        },
        {
            "media_type": "video",
            "stream_index": 0,
            "key_frame": 0,
            "pts": 64512,
            "pts_time": "5.040000",
            "pkt_dts": 64512,
            "pkt_dts_time": "5.040000",
            "best_effort_timestamp": 64512,
            "best_effort_timestamp_time": "5.040000",
            "duration": 512,
            "duration_time": "0.040000",
            "pkt_pos": "11907891",
            "pkt_size": "15025",
            "width": 1920,
            "height": 1080,
            "crop_top": 0,
            "crop_bottom": 0,
            "crop_left": 0,
            "crop_right": 0,
            "pix_fmt": "yuv420p",
            "pict_type": "P",
            "interlaced_frame": 0,
            "top_field_first": 0,
            "lossless": 0,
            "repeat_pict": 0,
            "color_range": "tv",
            "color_space": "bt709",
            "chroma_location": "left"
        },
        {
            "media_type": "video",
            "stream_index": 0,
            "key_frame": 0,
            "pts": 65024,
            "pts_time": "5.080000",
            "pkt_dts": 65024,
            "pkt_dts_time": "5.080000",
            "best_effort_timestamp": 65024,
            "best_effort_timestamp_time": "5.080000",
            "duration": 512,
            "duration_time": "0.040000",
            "pkt_pos": "11922916",
            "pkt_size": "15153",
            "width": 1920,
            "height": 1080,
            "crop_top": 0,
            "crop_bottom": 0,
            "crop_left": 0,
            "crop_right": 0,
            "pix_fmt": "yuv420p",
            "pict_type": "P",
            "interlaced_frame": 0,
            "top_field_first": 0,
            "lossless": 0,
            "repeat_pict": 0,
            "color_range": "tv",
            "color_space": "bt709",
            "chroma_location": "left"
        },
        {
            "media_type": "video",
            "stream_index": 0,
            "key_frame": 0,
            "pts": 65536,
            "pts_time": "5.120000",
            "pkt_dts": 65536,
            "pkt_dts_time": "5.120000",
            "best_effort_timestamp": 65536,
            "best_effort_timestamp_time": "5.120000",
            "duration": 512,
            "duration_time": "0.040000",
            "pkt_pos": "11938069",
            "pkt_size": "17271",
            "width": 1920,
            "height": 1080,
            "crop_top": 0,
            "crop_bottom": 0,
            "crop_left": 0,
            "crop_right": 0,
            "pix_fmt": "yuv420p",
            "pict_type": "P",
            "interlaced_frame": 0,
            "top_field_first": 0,
            "lossless": 0,
            "repeat_pict": 0,
            "color_range": "tv",
            "color_space": "bt709",
            "chroma_location": "left"
        }
    ],
    "streams": [
        {
            "index": 0,
            "codec_name": "h264",
            "codec_long_name": "H.264 / AVC / MPEG-4 AVC / MPEG-4 part 10",
            "profile": "High",
            "codec_type": "video",
            "codec_tag_string": "avc1",
            "codec_tag": "0x31637661",
            "mime_codec_string": "avc1.640028",
            "width": 1920,
            "height": 1080,
            "coded_width": 1920,
            "coded_height": 1088,
            "has_b_frames": 0,
            "pix_fmt": "yuv420p",
            "level": 40,
            "color_range": "tv",
            "color_space": "bt709",
            "chroma_location": "left",
            "field_order": "progressive",
            "refs": 1,
            "is_avc": "true",
            "nal_length_size": "4",
            "id": "0x1",
            "r_frame_rate": "25/1",
            "avg_frame_rate": "25/1",
            "time_base": "1/12800",
            "start_pts": 0,
            "start_time": "0.000000",
            "duration_ts": 66048,
            "duration": "5.160000",
            "bit_rate": "18532962",
            "bits_per_raw_sample": "8",
            "nb_frames": "129",
            "nb_read_frames": "129",
            "extradata_size": 35,
            "disposition": {
                "default": 1,
                "dub": 0,
                "original": 0,
                "comment": 0,
                "lyrics": 0,
                "karaoke": 0,
                "forced": 0,
                "hearing_impaired": 0,
                "visual_impaired": 0,
                "clean_effects": 0,
                "attached_pic": 0,
                "timed_thumbnails": 0,
                "non_diegetic": 0,
                "captions": 0,
                "descriptions": 0,
                "metadata": 0,
                "dependent": 0,
                "still_image": 0,
                "multilayer": 0
            },
            "tags": {
                "language": "und",
                "handler_name": "VideoHandler",
                "encoder": "Lavc63.1.101 h264_videotoolbox"
            }
        }
    ],
    "format": {
        "filename": "/Users/marcoandreose/DEV/lab/melotrail/docs/pictures/video/evidence/VG2-24/edge-stability-20261002T154352Z/review/drink/tabi-drink-stable-edges-comfy-1080p.mp4",
        "nb_streams": 1,
        "nb_programs": 0,
        "nb_stream_groups": 0,
        "format_name": "mov,mp4,m4a,3gp,3g2,mj2",
        "format_long_name": "QuickTime / MOV",
        "start_time": "0.000000",
        "duration": "5.160000",
        "size": "11955340",
        "bit_rate": "18535410",
        "probe_score": 100,
        "tags": {
            "major_brand": "isom",
            "minor_version": "512",
            "compatible_brands": "isomiso2avc1mp41",
            "encoder": "Lavf63.1.101"
        }
    }
}
OWNED_MEDIA_ELAPSED=PT0.774531875S
