{
    "frames": [
        {
            "media_type": "video",
            "stream_index": 0,
            "key_frame": 1,
            "pts": 0,
            "pts_time": "0.000000",
            "pkt_dts": 0,
            "pkt_dts_time": "0.000000",
            "best_effort_timestamp": 0,
            "best_effort_timestamp_time": "0.000000",
            "duration": 512,
            "duration_time": "0.040000",
            "pkt_pos": "1579",
            "pkt_size": "224422",
            "width": 1920,
            "height": 1080,
            "crop_top": 0,
            "crop_bottom": 0,
            "crop_left": 0,
            "crop_right": 0,
            "pix_fmt": "yuv420p",
            "pict_type": "I",
            "interlaced_frame": 0,
            "top_field_first": 0,
            "lossless": 0,
            "repeat_pict": 0,
            "color_range": "tv",
            "color_space": "bt709",
            "chroma_location": "left",
            "side_data_list": [
                {
                    "side_data_type": "H.26[45] User Data Unregistered SEI message"
                }
            ]
        },
        {
            "media_type": "video",
            "stream_index": 0,
            "key_frame": 0,
            "pts": 512,
            "pts_time": "0.040000",
            "pkt_dts": 512,
            "pkt_dts_time": "0.040000",
            "best_effort_timestamp": 512,
            "best_effort_timestamp_time": "0.040000",
            "duration": 512,
            "duration_time": "0.040000",
            "pkt_pos": "226001",
            "pkt_size": "104101",
            "width": 1920,
            "height": 1080,
            "crop_top": 0,
            "crop_bottom": 0,
            "crop_left": 0,
            "crop_right": 0,
            "pix_fmt": "yuv420p",
            "pict_type": "P",
            "interlaced_frame": 0,
            "top_field_first": 0,
            "lossless": 0,
            "repeat_pict": 0,
            "color_range": "tv",
            "color_space": "bt709",
            "chroma_location": "left"
        },
        {
            "media_type": "video",
            "stream_index": 0,
            "key_frame": 0,
            "pts": 1024,
            "pts_time": "0.080000",
            "pkt_dts": 1024,
            "pkt_dts_time": "0.080000",
            "best_effort_timestamp": 1024,
            "best_effort_timestamp_time": "0.080000",
            "duration": 512,
            "duration_time": "0.040000",
            "pkt_pos": "330102",
            "pkt_size": "36510",
            "width": 1920,
            "height": 1080,
            "crop_top": 0,
            "crop_bottom": 0,
            "crop_left": 0,
            "crop_right": 0,
            "pix_fmt": "yuv420p",
            "pict_type": "P",
            "interlaced_frame": 0,
            "top_field_first": 0,
            "lossless": 0,
            "repeat_pict": 0,
            "color_range": "tv",
            "color_space": "bt709",
            "chroma_location": "left"
        },
        {
            "media_type": "video",
            "stream_index": 0,
            "key_frame": 0,
            "pts": 1536,
            "pts_time": "0.120000",
            "pkt_dts": 1536,
            "pkt_dts_time": "0.120000",
            "best_effort_timestamp": 1536,
            "best_effort_timestamp_time": "0.120000",
            "duration": 512,
            "duration_time": "0.040000",
            "pkt_pos": "366612",
            "pkt_size": "50758",
            "width": 1920,
            "height": 1080,
            "crop_top": 0,
            "crop_bottom": 0,
            "crop_left": 0,
            "crop_right": 0,
            "pix_fmt": "yuv420p",
            "pict_type": "P",
            "interlaced_frame": 0,
            "top_field_first": 0,
            "lossless": 0,
            "repeat_pict": 0,
            "color_range": "tv",
            "color_space": "bt709",
            "chroma_location": "left"
        },
        {
            "media_type": "video",
            "stream_index": 0,
            "key_frame": 0,
            "pts": 2048,
            "pts_time": "0.160000",
            "pkt_dts": 2048,
            "pkt_dts_time": "0.160000",
            "best_effort_timestamp": 2048,
            "best_effort_timestamp_time": "0.160000",
            "duration": 512,
            "duration_time": "0.040000",
            "pkt_pos": "417370",
            "pkt_size": "59774",
            "width": 1920,
            "height": 1080,
            "crop_top": 0,
            "crop_bottom": 0,
            "crop_left": 0,
            "crop_right": 0,
            "pix_fmt": "yuv420p",
            "pict_type": "P",
            "interlaced_frame": 0,
            "top_field_first": 0,
            "lossless": 0,
            "repeat_pict": 0,
            "color_range": "tv",
            "color_space": "bt709",
            "chroma_location": "left"
        },
        {
            "media_type": "video",
            "stream_index": 0,
            "key_frame": 0,
            "pts": 2560,
            "pts_time": "0.200000",
            "pkt_dts": 2560,
            "pkt_dts_time": "0.200000",
            "best_effort_timestamp": 2560,
            "best_effort_timestamp_time": "0.200000",
            "duration": 512,
            "duration_time": "0.040000",
            "pkt_pos": "477144",
            "pkt_size": "73655",
            "width": 1920,
            "height": 1080,
            "crop_top": 0,
            "crop_bottom": 0,
            "crop_left": 0,
            "crop_right": 0,
            "pix_fmt": "yuv420p",
            "pict_type": "P",
            "interlaced_frame": 0,
            "top_field_first": 0,
            "lossless": 0,
            "repeat_pict": 0,
            "color_range": "tv",
            "color_space": "bt709",
            "chroma_location": "left"
        },
        {
            "media_type": "video",
            "stream_index": 0,
            "key_frame": 0,
            "pts": 3072,
            "pts_time": "0.240000",
            "pkt_dts": 3072,
            "pkt_dts_time": "0.240000",
            "best_effort_timestamp": 3072,
            "best_effort_timestamp_time": "0.240000",
            "duration": 512,
            "duration_time": "0.040000",
            "pkt_pos": "550799",
            "pkt_size": "72872",
            "width": 1920,
            "height": 1080,
            "crop_top": 0,
            "crop_bottom": 0,
            "crop_left": 0,
            "crop_right": 0,
            "pix_fmt": "yuv420p",
            "pict_type": "P",
            "interlaced_frame": 0,
            "top_field_first": 0,
            "lossless": 0,
            "repeat_pict": 0,
            "color_range": "tv",
            "color_space": "bt709",
            "chroma_location": "left"
        },
        {
            "media_type": "video",
            "stream_index": 0,
            "key_frame": 0,
            "pts": 3584,
            "pts_time": "0.280000",
            "pkt_dts": 3584,
            "pkt_dts_time": "0.280000",
            "best_effort_timestamp": 3584,
            "best_effort_timestamp_time": "0.280000",
            "duration": 512,
            "duration_time": "0.040000",
            "pkt_pos": "623671",
            "pkt_size": "95813",
            "width": 1920,
            "height": 1080,
            "crop_top": 0,
            "crop_bottom": 0,
            "crop_left": 0,
            "crop_right": 0,
            "pix_fmt": "yuv420p",
            "pict_type": "P",
            "interlaced_frame": 0,
            "top_field_first": 0,
            "lossless": 0,
            "repeat_pict": 0,
            "color_range": "tv",
            "color_space": "bt709",
            "chroma_location": "left"
        },
        {
            "media_type": "video",
            "stream_index": 0,
            "key_frame": 0,
            "pts": 4096,
            "pts_time": "0.320000",
            "pkt_dts": 4096,
            "pkt_dts_time": "0.320000",
            "best_effort_timestamp": 4096,
            "best_effort_timestamp_time": "0.320000",
            "duration": 512,
            "duration_time": "0.040000",
            "pkt_pos": "719484",
            "pkt_size": "129000",
            "width": 1920,
            "height": 1080,
            "crop_top": 0,
            "crop_bottom": 0,
            "crop_left": 0,
            "crop_right": 0,
            "pix_fmt": "yuv420p",
            "pict_type": "P",
            "interlaced_frame": 0,
            "top_field_first": 0,
            "lossless": 0,
            "repeat_pict": 0,
            "color_range": "tv",
            "color_space": "bt709",
            "chroma_location": "left"
        },
        {
            "media_type": "video",
            "stream_index": 0,
            "key_frame": 0,
            "pts": 4608,
            "pts_time": "0.360000",
            "pkt_dts": 4608,
            "pkt_dts_time": "0.360000",
            "best_effort_timestamp": 4608,
            "best_effort_timestamp_time": "0.360000",
            "duration": 512,
            "duration_time": "0.040000",
            "pkt_pos": "848484",
            "pkt_size": "126997",
            "width": 1920,
            "height": 1080,
            "crop_top": 0,
            "crop_bottom": 0,
            "crop_left": 0,
            "crop_right": 0,
            "pix_fmt": "yuv420p",
            "pict_type": "P",
            "interlaced_frame": 0,
            "top_field_first": 0,
            "lossless": 0,
            "repeat_pict": 0,
            "color_range": "tv",
            "color_space": "bt709",
            "chroma_location": "left"
        },
        {
            "media_type": "video",
            "stream_index": 0,
            "key_frame": 0,
            "pts": 5120,
            "pts_time": "0.400000",
            "pkt_dts": 5120,
            "pkt_dts_time": "0.400000",
            "best_effort_timestamp": 5120,
            "best_effort_timestamp_time": "0.400000",
            "duration": 512,
            "duration_time": "0.040000",
            "pkt_pos": "975481",
            "pkt_size": "94211",
            "width": 1920,
            "height": 1080,
            "crop_top": 0,
            "crop_bottom": 0,
            "crop_left": 0,
            "crop_right": 0,
            "pix_fmt": "yuv420p",
            "pict_type": "P",
            "interlaced_frame": 0,
            "top_field_first": 0,
            "lossless": 0,
            "repeat_pict": 0,
            "color_range": "tv",
            "color_space": "bt709",
            "chroma_location": "left"
        },
        {
            "media_type": "video",
            "stream_index": 0,
            "key_frame": 0,
            "pts": 5632,
            "pts_time": "0.440000",
            "pkt_dts": 5632,
            "pkt_dts_time": "0.440000",
            "best_effort_timestamp": 5632,
            "best_effort_timestamp_time": "0.440000",
            "duration": 512,
            "duration_time": "0.040000",
            "pkt_pos": "1069692",
            "pkt_size": "127311",
            "width": 1920,
            "height": 1080,
            "crop_top": 0,
            "crop_bottom": 0,
            "crop_left": 0,
            "crop_right": 0,
            "pix_fmt": "yuv420p",
            "pict_type": "P",
            "interlaced_frame": 0,
            "top_field_first": 0,
            "lossless": 0,
            "repeat_pict": 0,
            "color_range": "tv",
            "color_space": "bt709",
            "chroma_location": "left"
        },
        {
            "media_type": "video",
            "stream_index": 0,
            "key_frame": 1,
            "pts": 6144,
            "pts_time": "0.480000",
            "pkt_dts": 6144,
            "pkt_dts_time": "0.480000",
            "best_effort_timestamp": 6144,
            "best_effort_timestamp_time": "0.480000",
            "duration": 512,
            "duration_time": "0.040000",
            "pkt_pos": "1197003",
            "pkt_size": "669083",
            "width": 1920,
            "height": 1080,
            "crop_top": 0,
            "crop_bottom": 0,
            "crop_left": 0,
            "crop_right": 0,
            "pix_fmt": "yuv420p",
            "pict_type": "I",
            "interlaced_frame": 0,
            "top_field_first": 0,
            "lossless": 0,
            "repeat_pict": 0,
            "color_range": "tv",
            "color_space": "bt709",
            "chroma_location": "left",
            "side_data_list": [
                {
                    "side_data_type": "H.26[45] User Data Unregistered SEI message"
                }
            ]
        },
        {
            "media_type": "video",
            "stream_index": 0,
            "key_frame": 0,
            "pts": 6656,
            "pts_time": "0.520000",
            "pkt_dts": 6656,
            "pkt_dts_time": "0.520000",
            "best_effort_timestamp": 6656,
            "best_effort_timestamp_time": "0.520000",
            "duration": 512,
            "duration_time": "0.040000",
            "pkt_pos": "1866086",
            "pkt_size": "51059",
            "width": 1920,
            "height": 1080,
            "crop_top": 0,
            "crop_bottom": 0,
            "crop_left": 0,
            "crop_right": 0,
            "pix_fmt": "yuv420p",
            "pict_type": "P",
            "interlaced_frame": 0,
            "top_field_first": 0,
            "lossless": 0,
            "repeat_pict": 0,
            "color_range": "tv",
            "color_space": "bt709",
            "chroma_location": "left"
        },
        {
            "media_type": "video",
            "stream_index": 0,
            "key_frame": 0,
            "pts": 7168,
            "pts_time": "0.560000",
            "pkt_dts": 7168,
            "pkt_dts_time": "0.560000",
            "best_effort_timestamp": 7168,
            "best_effort_timestamp_time": "0.560000",
            "duration": 512,
            "duration_time": "0.040000",
            "pkt_pos": "1917145",
            "pkt_size": "64278",
            "width": 1920,
            "height": 1080,
            "crop_top": 0,
            "crop_bottom": 0,
            "crop_left": 0,
            "crop_right": 0,
            "pix_fmt": "yuv420p",
            "pict_type": "P",
            "interlaced_frame": 0,
            "top_field_first": 0,
            "lossless": 0,
            "repeat_pict": 0,
            "color_range": "tv",
            "color_space": "bt709",
            "chroma_location": "left"
        },
        {
            "media_type": "video",
            "stream_index": 0,
            "key_frame": 0,
            "pts": 7680,
            "pts_time": "0.600000",
            "pkt_dts": 7680,
            "pkt_dts_time": "0.600000",
            "best_effort_timestamp": 7680,
            "best_effort_timestamp_time": "0.600000",
            "duration": 512,
            "duration_time": "0.040000",
            "pkt_pos": "1981423",
            "pkt_size": "50183",
            "width": 1920,
            "height": 1080,
            "crop_top": 0,
            "crop_bottom": 0,
            "crop_left": 0,
            "crop_right": 0,
            "pix_fmt": "yuv420p",
            "pict_type": "P",
            "interlaced_frame": 0,
            "top_field_first": 0,
            "lossless": 0,
            "repeat_pict": 0,
            "color_range": "tv",
            "color_space": "bt709",
            "chroma_location": "left"
        },
        {
            "media_type": "video",
            "stream_index": 0,
            "key_frame": 0,
            "pts": 8192,
            "pts_time": "0.640000",
            "pkt_dts": 8192,
            "pkt_dts_time": "0.640000",
            "best_effort_timestamp": 8192,
            "best_effort_timestamp_time": "0.640000",
            "duration": 512,
            "duration_time": "0.040000",
            "pkt_pos": "2031606",
            "pkt_size": "83990",
            "width": 1920,
            "height": 1080,
            "crop_top": 0,
            "crop_bottom": 0,
            "crop_left": 0,
            "crop_right": 0,
            "pix_fmt": "yuv420p",
            "pict_type": "P",
            "interlaced_frame": 0,
            "top_field_first": 0,
            "lossless": 0,
            "repeat_pict": 0,
            "color_range": "tv",
            "color_space": "bt709",
            "chroma_location": "left"
        },
        {
            "media_type": "video",
            "stream_index": 0,
            "key_frame": 0,
            "pts": 8704,
            "pts_time": "0.680000",
            "pkt_dts": 8704,
            "pkt_dts_time": "0.680000",
            "best_effort_timestamp": 8704,
            "best_effort_timestamp_time": "0.680000",
            "duration": 512,
            "duration_time": "0.040000",
            "pkt_pos": "2115596",
            "pkt_size": "62941",
            "width": 1920,
            "height": 1080,
            "crop_top": 0,
            "crop_bottom": 0,
            "crop_left": 0,
            "crop_right": 0,
            "pix_fmt": "yuv420p",
            "pict_type": "P",
            "interlaced_frame": 0,
            "top_field_first": 0,
            "lossless": 0,
            "repeat_pict": 0,
            "color_range": "tv",
            "color_space": "bt709",
            "chroma_location": "left"
        },
        {
            "media_type": "video",
            "stream_index": 0,
            "key_frame": 0,
            "pts": 9216,
            "pts_time": "0.720000",
            "pkt_dts": 9216,
            "pkt_dts_time": "0.720000",
            "best_effort_timestamp": 9216,
            "best_effort_timestamp_time": "0.720000",
            "duration": 512,
            "duration_time": "0.040000",
            "pkt_pos": "2178537",
            "pkt_size": "69006",
            "width": 1920,
            "height": 1080,
            "crop_top": 0,
            "crop_bottom": 0,
            "crop_left": 0,
            "crop_right": 0,
            "pix_fmt": "yuv420p",
            "pict_type": "P",
            "interlaced_frame": 0,
            "top_field_first": 0,
            "lossless": 0,
            "repeat_pict": 0,
            "color_range": "tv",
            "color_space": "bt709",
            "chroma_location": "left"
        },
        {
            "media_type": "video",
            "stream_index": 0,
            "key_frame": 0,
            "pts": 9728,
            "pts_time": "0.760000",
            "pkt_dts": 9728,
            "pkt_dts_time": "0.760000",
            "best_effort_timestamp": 9728,
            "best_effort_timestamp_time": "0.760000",
            "duration": 512,
            "duration_time": "0.040000",
            "pkt_pos": "2247543",
            "pkt_size": "39778",
            "width": 1920,
            "height": 1080,
            "crop_top": 0,
            "crop_bottom": 0,
            "crop_left": 0,
            "crop_right": 0,
            "pix_fmt": "yuv420p",
            "pict_type": "P",
            "interlaced_frame": 0,
            "top_field_first": 0,
            "lossless": 0,
            "repeat_pict": 0,
            "color_range": "tv",
            "color_space": "bt709",
            "chroma_location": "left"
        },
        {
            "media_type": "video",
            "stream_index": 0,
            "key_frame": 0,
            "pts": 10240,
            "pts_time": "0.800000",
            "pkt_dts": 10240,
            "pkt_dts_time": "0.800000",
            "best_effort_timestamp": 10240,
            "best_effort_timestamp_time": "0.800000",
            "duration": 512,
            "duration_time": "0.040000",
            "pkt_pos": "2287321",
            "pkt_size": "55387",
            "width": 1920,
            "height": 1080,
            "crop_top": 0,
            "crop_bottom": 0,
            "crop_left": 0,
            "crop_right": 0,
            "pix_fmt": "yuv420p",
            "pict_type": "P",
            "interlaced_frame": 0,
            "top_field_first": 0,
            "lossless": 0,
            "repeat_pict": 0,
            "color_range": "tv",
            "color_space": "bt709",
            "chroma_location": "left"
        },
        {
            "media_type": "video",
            "stream_index": 0,
            "key_frame": 0,
            "pts": 10752,
            "pts_time": "0.840000",
            "pkt_dts": 10752,
            "pkt_dts_time": "0.840000",
            "best_effort_timestamp": 10752,
            "best_effort_timestamp_time": "0.840000",
            "duration": 512,
            "duration_time": "0.040000",
            "pkt_pos": "2342708",
            "pkt_size": "38053",
            "width": 1920,
            "height": 1080,
            "crop_top": 0,
            "crop_bottom": 0,
            "crop_left": 0,
            "crop_right": 0,
            "pix_fmt": "yuv420p",
            "pict_type": "P",
            "interlaced_frame": 0,
            "top_field_first": 0,
            "lossless": 0,
            "repeat_pict": 0,
            "color_range": "tv",
            "color_space": "bt709",
            "chroma_location": "left"
        },
        {
            "media_type": "video",
            "stream_index": 0,
            "key_frame": 0,
            "pts": 11264,
            "pts_time": "0.880000",
            "pkt_dts": 11264,
            "pkt_dts_time": "0.880000",
            "best_effort_timestamp": 11264,
            "best_effort_timestamp_time": "0.880000",
            "duration": 512,
            "duration_time": "0.040000",
            "pkt_pos": "2380761",
            "pkt_size": "49147",
            "width": 1920,
            "height": 1080,
            "crop_top": 0,
            "crop_bottom": 0,
            "crop_left": 0,
            "crop_right": 0,
            "pix_fmt": "yuv420p",
            "pict_type": "P",
            "interlaced_frame": 0,
            "top_field_first": 0,
            "lossless": 0,
            "repeat_pict": 0,
            "color_range": "tv",
            "color_space": "bt709",
            "chroma_location": "left"
        },
        {
            "media_type": "video",
            "stream_index": 0,
            "key_frame": 0,
            "pts": 11776,
            "pts_time": "0.920000",
            "pkt_dts": 11776,
            "pkt_dts_time": "0.920000",
            "best_effort_timestamp": 11776,
            "best_effort_timestamp_time": "0.920000",
            "duration": 512,
            "duration_time": "0.040000",
            "pkt_pos": "2429908",
            "pkt_size": "22514",
            "width": 1920,
            "height": 1080,
            "crop_top": 0,
            "crop_bottom": 0,
            "crop_left": 0,
            "crop_right": 0,
            "pix_fmt": "yuv420p",
            "pict_type": "P",
            "interlaced_frame": 0,
            "top_field_first": 0,
            "lossless": 0,
            "repeat_pict": 0,
            "color_range": "tv",
            "color_space": "bt709",
            "chroma_location": "left"
        },
        {
            "media_type": "video",
            "stream_index": 0,
            "key_frame": 1,
            "pts": 12288,
            "pts_time": "0.960000",
            "pkt_dts": 12288,
            "pkt_dts_time": "0.960000",
            "best_effort_timestamp": 12288,
            "best_effort_timestamp_time": "0.960000",
            "duration": 512,
            "duration_time": "0.040000",
            "pkt_pos": "2452422",
            "pkt_size": "517202",
            "width": 1920,
            "height": 1080,
            "crop_top": 0,
            "crop_bottom": 0,
            "crop_left": 0,
            "crop_right": 0,
            "pix_fmt": "yuv420p",
            "pict_type": "I",
            "interlaced_frame": 0,
            "top_field_first": 0,
            "lossless": 0,
            "repeat_pict": 0,
            "color_range": "tv",
            "color_space": "bt709",
            "chroma_location": "left",
            "side_data_list": [
                {
                    "side_data_type": "H.26[45] User Data Unregistered SEI message"
                }
            ]
        },
        {
            "media_type": "video",
            "stream_index": 0,
            "key_frame": 0,
            "pts": 12800,
            "pts_time": "1.000000",
            "pkt_dts": 12800,
            "pkt_dts_time": "1.000000",
            "best_effort_timestamp": 12800,
            "best_effort_timestamp_time": "1.000000",
            "duration": 512,
            "duration_time": "0.040000",
            "pkt_pos": "2969624",
            "pkt_size": "49185",
            "width": 1920,
            "height": 1080,
            "crop_top": 0,
            "crop_bottom": 0,
            "crop_left": 0,
            "crop_right": 0,
            "pix_fmt": "yuv420p",
            "pict_type": "P",
            "interlaced_frame": 0,
            "top_field_first": 0,
            "lossless": 0,
            "repeat_pict": 0,
            "color_range": "tv",
            "color_space": "bt709",
            "chroma_location": "left"
        },
        {
            "media_type": "video",
            "stream_index": 0,
            "key_frame": 0,
            "pts": 13312,
            "pts_time": "1.040000",
            "pkt_dts": 13312,
            "pkt_dts_time": "1.040000",
            "best_effort_timestamp": 13312,
            "best_effort_timestamp_time": "1.040000",
            "duration": 512,
            "duration_time": "0.040000",
            "pkt_pos": "3018809",
            "pkt_size": "85601",
            "width": 1920,
            "height": 1080,
            "crop_top": 0,
            "crop_bottom": 0,
            "crop_left": 0,
            "crop_right": 0,
            "pix_fmt": "yuv420p",
            "pict_type": "P",
            "interlaced_frame": 0,
            "top_field_first": 0,
            "lossless": 0,
            "repeat_pict": 0,
            "color_range": "tv",
            "color_space": "bt709",
            "chroma_location": "left"
        },
        {
            "media_type": "video",
            "stream_index": 0,
            "key_frame": 0,
            "pts": 13824,
            "pts_time": "1.080000",
            "pkt_dts": 13824,
            "pkt_dts_time": "1.080000",
            "best_effort_timestamp": 13824,
            "best_effort_timestamp_time": "1.080000",
            "duration": 512,
            "duration_time": "0.040000",
            "pkt_pos": "3104410",
            "pkt_size": "52418",
            "width": 1920,
            "height": 1080,
            "crop_top": 0,
            "crop_bottom": 0,
            "crop_left": 0,
            "crop_right": 0,
            "pix_fmt": "yuv420p",
            "pict_type": "P",
            "interlaced_frame": 0,
            "top_field_first": 0,
            "lossless": 0,
            "repeat_pict": 0,
            "color_range": "tv",
            "color_space": "bt709",
            "chroma_location": "left"
        },
        {
            "media_type": "video",
            "stream_index": 0,
            "key_frame": 0,
            "pts": 14336,
            "pts_time": "1.120000",
            "pkt_dts": 14336,
            "pkt_dts_time": "1.120000",
            "best_effort_timestamp": 14336,
            "best_effort_timestamp_time": "1.120000",
            "duration": 512,
            "duration_time": "0.040000",
            "pkt_pos": "3156828",
            "pkt_size": "65888",
            "width": 1920,
            "height": 1080,
            "crop_top": 0,
            "crop_bottom": 0,
            "crop_left": 0,
            "crop_right": 0,
            "pix_fmt": "yuv420p",
            "pict_type": "P",
            "interlaced_frame": 0,
            "top_field_first": 0,
            "lossless": 0,
            "repeat_pict": 0,
            "color_range": "tv",
            "color_space": "bt709",
            "chroma_location": "left"
        },
        {
            "media_type": "video",
            "stream_index": 0,
            "key_frame": 0,
            "pts": 14848,
            "pts_time": "1.160000",
            "pkt_dts": 14848,
            "pkt_dts_time": "1.160000",
            "best_effort_timestamp": 14848,
            "best_effort_timestamp_time": "1.160000",
            "duration": 512,
            "duration_time": "0.040000",
            "pkt_pos": "3222716",
            "pkt_size": "46179",
            "width": 1920,
            "height": 1080,
            "crop_top": 0,
            "crop_bottom": 0,
            "crop_left": 0,
            "crop_right": 0,
            "pix_fmt": "yuv420p",
            "pict_type": "P",
            "interlaced_frame": 0,
            "top_field_first": 0,
            "lossless": 0,
            "repeat_pict": 0,
            "color_range": "tv",
            "color_space": "bt709",
            "chroma_location": "left"
        },
        {
            "media_type": "video",
            "stream_index": 0,
            "key_frame": 0,
            "pts": 15360,
            "pts_time": "1.200000",
            "pkt_dts": 15360,
            "pkt_dts_time": "1.200000",
            "best_effort_timestamp": 15360,
            "best_effort_timestamp_time": "1.200000",
            "duration": 512,
            "duration_time": "0.040000",
            "pkt_pos": "3268895",
            "pkt_size": "113864",
            "width": 1920,
            "height": 1080,
            "crop_top": 0,
            "crop_bottom": 0,
            "crop_left": 0,
            "crop_right": 0,
            "pix_fmt": "yuv420p",
            "pict_type": "P",
            "interlaced_frame": 0,
            "top_field_first": 0,
            "lossless": 0,
            "repeat_pict": 0,
            "color_range": "tv",
            "color_space": "bt709",
            "chroma_location": "left"
        },
        {
            "media_type": "video",
            "stream_index": 0,
            "key_frame": 0,
            "pts": 15872,
            "pts_time": "1.240000",
            "pkt_dts": 15872,
            "pkt_dts_time": "1.240000",
            "best_effort_timestamp": 15872,
            "best_effort_timestamp_time": "1.240000",
            "duration": 512,
            "duration_time": "0.040000",
            "pkt_pos": "3382759",
            "pkt_size": "52416",
            "width": 1920,
            "height": 1080,
            "crop_top": 0,
            "crop_bottom": 0,
            "crop_left": 0,
            "crop_right": 0,
            "pix_fmt": "yuv420p",
            "pict_type": "P",
            "interlaced_frame": 0,
            "top_field_first": 0,
            "lossless": 0,
            "repeat_pict": 0,
            "color_range": "tv",
            "color_space": "bt709",
            "chroma_location": "left"
        },
        {
            "media_type": "video",
            "stream_index": 0,
            "key_frame": 0,
            "pts": 16384,
            "pts_time": "1.280000",
            "pkt_dts": 16384,
            "pkt_dts_time": "1.280000",
            "best_effort_timestamp": 16384,
            "best_effort_timestamp_time": "1.280000",
            "duration": 512,
            "duration_time": "0.040000",
            "pkt_pos": "3435175",
            "pkt_size": "67967",
            "width": 1920,
            "height": 1080,
            "crop_top": 0,
            "crop_bottom": 0,
            "crop_left": 0,
            "crop_right": 0,
            "pix_fmt": "yuv420p",
            "pict_type": "P",
            "interlaced_frame": 0,
            "top_field_first": 0,
            "lossless": 0,
            "repeat_pict": 0,
            "color_range": "tv",
            "color_space": "bt709",
            "chroma_location": "left"
        },
        {
            "media_type": "video",
            "stream_index": 0,
            "key_frame": 0,
            "pts": 16896,
            "pts_time": "1.320000",
            "pkt_dts": 16896,
            "pkt_dts_time": "1.320000",
            "best_effort_timestamp": 16896,
            "best_effort_timestamp_time": "1.320000",
            "duration": 512,
            "duration_time": "0.040000",
            "pkt_pos": "3503142",
            "pkt_size": "51400",
            "width": 1920,
            "height": 1080,
            "crop_top": 0,
            "crop_bottom": 0,
            "crop_left": 0,
            "crop_right": 0,
            "pix_fmt": "yuv420p",
            "pict_type": "P",
            "interlaced_frame": 0,
            "top_field_first": 0,
            "lossless": 0,
            "repeat_pict": 0,
            "color_range": "tv",
            "color_space": "bt709",
            "chroma_location": "left"
        },
        {
            "media_type": "video",
            "stream_index": 0,
            "key_frame": 0,
            "pts": 17408,
            "pts_time": "1.360000",
            "pkt_dts": 17408,
            "pkt_dts_time": "1.360000",
            "best_effort_timestamp": 17408,
            "best_effort_timestamp_time": "1.360000",
            "duration": 512,
            "duration_time": "0.040000",
            "pkt_pos": "3554542",
            "pkt_size": "92469",
            "width": 1920,
            "height": 1080,
            "crop_top": 0,
            "crop_bottom": 0,
            "crop_left": 0,
            "crop_right": 0,
            "pix_fmt": "yuv420p",
            "pict_type": "P",
            "interlaced_frame": 0,
            "top_field_first": 0,
            "lossless": 0,
            "repeat_pict": 0,
            "color_range": "tv",
            "color_space": "bt709",
            "chroma_location": "left"
        },
        {
            "media_type": "video",
            "stream_index": 0,
            "key_frame": 0,
            "pts": 17920,
            "pts_time": "1.400000",
            "pkt_dts": 17920,
            "pkt_dts_time": "1.400000",
            "best_effort_timestamp": 17920,
            "best_effort_timestamp_time": "1.400000",
            "duration": 512,
            "duration_time": "0.040000",
            "pkt_pos": "3647011",
            "pkt_size": "47477",
            "width": 1920,
            "height": 1080,
            "crop_top": 0,
            "crop_bottom": 0,
            "crop_left": 0,
            "crop_right": 0,
            "pix_fmt": "yuv420p",
            "pict_type": "P",
            "interlaced_frame": 0,
            "top_field_first": 0,
            "lossless": 0,
            "repeat_pict": 0,
            "color_range": "tv",
            "color_space": "bt709",
            "chroma_location": "left"
        },
        {
            "media_type": "video",
            "stream_index": 0,
            "key_frame": 1,
            "pts": 18432,
            "pts_time": "1.440000",
            "pkt_dts": 18432,
            "pkt_dts_time": "1.440000",
            "best_effort_timestamp": 18432,
            "best_effort_timestamp_time": "1.440000",
            "duration": 512,
            "duration_time": "0.040000",
            "pkt_pos": "3694488",
            "pkt_size": "606991",
            "width": 1920,
            "height": 1080,
            "crop_top": 0,
            "crop_bottom": 0,
            "crop_left": 0,
            "crop_right": 0,
            "pix_fmt": "yuv420p",
            "pict_type": "I",
            "interlaced_frame": 0,
            "top_field_first": 0,
            "lossless": 0,
            "repeat_pict": 0,
            "color_range": "tv",
            "color_space": "bt709",
            "chroma_location": "left",
            "side_data_list": [
                {
                    "side_data_type": "H.26[45] User Data Unregistered SEI message"
                }
            ]
        },
        {
            "media_type": "video",
            "stream_index": 0,
            "key_frame": 0,
            "pts": 18944,
            "pts_time": "1.480000",
            "pkt_dts": 18944,
            "pkt_dts_time": "1.480000",
            "best_effort_timestamp": 18944,
            "best_effort_timestamp_time": "1.480000",
            "duration": 512,
            "duration_time": "0.040000",
            "pkt_pos": "4301479",
            "pkt_size": "42346",
            "width": 1920,
            "height": 1080,
            "crop_top": 0,
            "crop_bottom": 0,
            "crop_left": 0,
            "crop_right": 0,
            "pix_fmt": "yuv420p",
            "pict_type": "P",
            "interlaced_frame": 0,
            "top_field_first": 0,
            "lossless": 0,
            "repeat_pict": 0,
            "color_range": "tv",
            "color_space": "bt709",
            "chroma_location": "left"
        },
        {
            "media_type": "video",
            "stream_index": 0,
            "key_frame": 0,
            "pts": 19456,
            "pts_time": "1.520000",
            "pkt_dts": 19456,
            "pkt_dts_time": "1.520000",
            "best_effort_timestamp": 19456,
            "best_effort_timestamp_time": "1.520000",
            "duration": 512,
            "duration_time": "0.040000",
            "pkt_pos": "4343825",
            "pkt_size": "57296",
            "width": 1920,
            "height": 1080,
            "crop_top": 0,
            "crop_bottom": 0,
            "crop_left": 0,
            "crop_right": 0,
            "pix_fmt": "yuv420p",
            "pict_type": "P",
            "interlaced_frame": 0,
            "top_field_first": 0,
            "lossless": 0,
            "repeat_pict": 0,
            "color_range": "tv",
            "color_space": "bt709",
            "chroma_location": "left"
        },
        {
            "media_type": "video",
            "stream_index": 0,
            "key_frame": 0,
            "pts": 19968,
            "pts_time": "1.560000",
            "pkt_dts": 19968,
            "pkt_dts_time": "1.560000",
            "best_effort_timestamp": 19968,
            "best_effort_timestamp_time": "1.560000",
            "duration": 512,
            "duration_time": "0.040000",
            "pkt_pos": "4401121",
            "pkt_size": "56495",
            "width": 1920,
            "height": 1080,
            "crop_top": 0,
            "crop_bottom": 0,
            "crop_left": 0,
            "crop_right": 0,
            "pix_fmt": "yuv420p",
            "pict_type": "P",
            "interlaced_frame": 0,
            "top_field_first": 0,
            "lossless": 0,
            "repeat_pict": 0,
            "color_range": "tv",
            "color_space": "bt709",
            "chroma_location": "left"
        },
        {
            "media_type": "video",
            "stream_index": 0,
            "key_frame": 0,
            "pts": 20480,
            "pts_time": "1.600000",
            "pkt_dts": 20480,
            "pkt_dts_time": "1.600000",
            "best_effort_timestamp": 20480,
            "best_effort_timestamp_time": "1.600000",
            "duration": 512,
            "duration_time": "0.040000",
            "pkt_pos": "4457616",
            "pkt_size": "67233",
            "width": 1920,
            "height": 1080,
            "crop_top": 0,
            "crop_bottom": 0,
            "crop_left": 0,
            "crop_right": 0,
            "pix_fmt": "yuv420p",
            "pict_type": "P",
            "interlaced_frame": 0,
            "top_field_first": 0,
            "lossless": 0,
            "repeat_pict": 0,
            "color_range": "tv",
            "color_space": "bt709",
            "chroma_location": "left"
        },
        {
            "media_type": "video",
            "stream_index": 0,
            "key_frame": 0,
            "pts": 20992,
            "pts_time": "1.640000",
            "pkt_dts": 20992,
            "pkt_dts_time": "1.640000",
            "best_effort_timestamp": 20992,
            "best_effort_timestamp_time": "1.640000",
            "duration": 512,
            "duration_time": "0.040000",
            "pkt_pos": "4524849",
            "pkt_size": "50014",
            "width": 1920,
            "height": 1080,
            "crop_top": 0,
            "crop_bottom": 0,
            "crop_left": 0,
            "crop_right": 0,
            "pix_fmt": "yuv420p",
            "pict_type": "P",
            "interlaced_frame": 0,
            "top_field_first": 0,
            "lossless": 0,
            "repeat_pict": 0,
            "color_range": "tv",
            "color_space": "bt709",
            "chroma_location": "left"
        },
        {
            "media_type": "video",
            "stream_index": 0,
            "key_frame": 0,
            "pts": 21504,
            "pts_time": "1.680000",
            "pkt_dts": 21504,
            "pkt_dts_time": "1.680000",
            "best_effort_timestamp": 21504,
            "best_effort_timestamp_time": "1.680000",
            "duration": 512,
            "duration_time": "0.040000",
            "pkt_pos": "4574863",
            "pkt_size": "58983",
            "width": 1920,
            "height": 1080,
            "crop_top": 0,
            "crop_bottom": 0,
            "crop_left": 0,
            "crop_right": 0,
            "pix_fmt": "yuv420p",
            "pict_type": "P",
            "interlaced_frame": 0,
            "top_field_first": 0,
            "lossless": 0,
            "repeat_pict": 0,
            "color_range": "tv",
            "color_space": "bt709",
            "chroma_location": "left"
        },
        {
            "media_type": "video",
            "stream_index": 0,
            "key_frame": 0,
            "pts": 22016,
            "pts_time": "1.720000",
            "pkt_dts": 22016,
            "pkt_dts_time": "1.720000",
            "best_effort_timestamp": 22016,
            "best_effort_timestamp_time": "1.720000",
            "duration": 512,
            "duration_time": "0.040000",
            "pkt_pos": "4633846",
            "pkt_size": "36413",
            "width": 1920,
            "height": 1080,
            "crop_top": 0,
            "crop_bottom": 0,
            "crop_left": 0,
            "crop_right": 0,
            "pix_fmt": "yuv420p",
            "pict_type": "P",
            "interlaced_frame": 0,
            "top_field_first": 0,
            "lossless": 0,
            "repeat_pict": 0,
            "color_range": "tv",
            "color_space": "bt709",
            "chroma_location": "left"
        },
        {
            "media_type": "video",
            "stream_index": 0,
            "key_frame": 0,
            "pts": 22528,
            "pts_time": "1.760000",
            "pkt_dts": 22528,
            "pkt_dts_time": "1.760000",
            "best_effort_timestamp": 22528,
            "best_effort_timestamp_time": "1.760000",
            "duration": 512,
            "duration_time": "0.040000",
            "pkt_pos": "4670259",
            "pkt_size": "54301",
            "width": 1920,
            "height": 1080,
            "crop_top": 0,
            "crop_bottom": 0,
            "crop_left": 0,
            "crop_right": 0,
            "pix_fmt": "yuv420p",
            "pict_type": "P",
            "interlaced_frame": 0,
            "top_field_first": 0,
            "lossless": 0,
            "repeat_pict": 0,
            "color_range": "tv",
            "color_space": "bt709",
            "chroma_location": "left"
        },
        {
            "media_type": "video",
            "stream_index": 0,
            "key_frame": 0,
            "pts": 23040,
            "pts_time": "1.800000",
            "pkt_dts": 23040,
            "pkt_dts_time": "1.800000",
            "best_effort_timestamp": 23040,
            "best_effort_timestamp_time": "1.800000",
            "duration": 512,
            "duration_time": "0.040000",
            "pkt_pos": "4724560",
            "pkt_size": "30362",
            "width": 1920,
            "height": 1080,
            "crop_top": 0,
            "crop_bottom": 0,
            "crop_left": 0,
            "crop_right": 0,
            "pix_fmt": "yuv420p",
            "pict_type": "P",
            "interlaced_frame": 0,
            "top_field_first": 0,
            "lossless": 0,
            "repeat_pict": 0,
            "color_range": "tv",
            "color_space": "bt709",
            "chroma_location": "left"
        },
        {
            "media_type": "video",
            "stream_index": 0,
            "key_frame": 0,
            "pts": 23552,
            "pts_time": "1.840000",
            "pkt_dts": 23552,
            "pkt_dts_time": "1.840000",
            "best_effort_timestamp": 23552,
            "best_effort_timestamp_time": "1.840000",
            "duration": 512,
            "duration_time": "0.040000",
            "pkt_pos": "4754922",
            "pkt_size": "46153",
            "width": 1920,
            "height": 1080,
            "crop_top": 0,
            "crop_bottom": 0,
            "crop_left": 0,
            "crop_right": 0,
            "pix_fmt": "yuv420p",
            "pict_type": "P",
            "interlaced_frame": 0,
            "top_field_first": 0,
            "lossless": 0,
            "repeat_pict": 0,
            "color_range": "tv",
            "color_space": "bt709",
            "chroma_location": "left"
        },
        {
            "media_type": "video",
            "stream_index": 0,
            "key_frame": 0,
            "pts": 24064,
            "pts_time": "1.880000",
            "pkt_dts": 24064,
            "pkt_dts_time": "1.880000",
            "best_effort_timestamp": 24064,
            "best_effort_timestamp_time": "1.880000",
            "duration": 512,
            "duration_time": "0.040000",
            "pkt_pos": "4801075",
            "pkt_size": "26556",
            "width": 1920,
            "height": 1080,
            "crop_top": 0,
            "crop_bottom": 0,
            "crop_left": 0,
            "crop_right": 0,
            "pix_fmt": "yuv420p",
            "pict_type": "P",
            "interlaced_frame": 0,
            "top_field_first": 0,
            "lossless": 0,
            "repeat_pict": 0,
            "color_range": "tv",
            "color_space": "bt709",
            "chroma_location": "left"
        },
        {
            "media_type": "video",
            "stream_index": 0,
            "key_frame": 1,
            "pts": 24576,
            "pts_time": "1.920000",
            "pkt_dts": 24576,
            "pkt_dts_time": "1.920000",
            "best_effort_timestamp": 24576,
            "best_effort_timestamp_time": "1.920000",
            "duration": 512,
            "duration_time": "0.040000",
            "pkt_pos": "4827631",
            "pkt_size": "526940",
            "width": 1920,
            "height": 1080,
            "crop_top": 0,
            "crop_bottom": 0,
            "crop_left": 0,
            "crop_right": 0,
            "pix_fmt": "yuv420p",
            "pict_type": "I",
            "interlaced_frame": 0,
            "top_field_first": 0,
            "lossless": 0,
            "repeat_pict": 0,
            "color_range": "tv",
            "color_space": "bt709",
            "chroma_location": "left",
            "side_data_list": [
                {
                    "side_data_type": "H.26[45] User Data Unregistered SEI message"
                }
            ]
        },
        {
            "media_type": "video",
            "stream_index": 0,
            "key_frame": 0,
            "pts": 25088,
            "pts_time": "1.960000",
            "pkt_dts": 25088,
            "pkt_dts_time": "1.960000",
            "best_effort_timestamp": 25088,
            "best_effort_timestamp_time": "1.960000",
            "duration": 512,
            "duration_time": "0.040000",
            "pkt_pos": "5354571",
            "pkt_size": "39197",
            "width": 1920,
            "height": 1080,
            "crop_top": 0,
            "crop_bottom": 0,
            "crop_left": 0,
            "crop_right": 0,
            "pix_fmt": "yuv420p",
            "pict_type": "P",
            "interlaced_frame": 0,
            "top_field_first": 0,
            "lossless": 0,
            "repeat_pict": 0,
            "color_range": "tv",
            "color_space": "bt709",
            "chroma_location": "left"
        },
        {
            "media_type": "video",
            "stream_index": 0,
            "key_frame": 0,
            "pts": 25600,
            "pts_time": "2.000000",
            "pkt_dts": 25600,
            "pkt_dts_time": "2.000000",
            "best_effort_timestamp": 25600,
            "best_effort_timestamp_time": "2.000000",
            "duration": 512,
            "duration_time": "0.040000",
            "pkt_pos": "5393768",
            "pkt_size": "47431",
            "width": 1920,
            "height": 1080,
            "crop_top": 0,
            "crop_bottom": 0,
            "crop_left": 0,
            "crop_right": 0,
            "pix_fmt": "yuv420p",
            "pict_type": "P",
            "interlaced_frame": 0,
            "top_field_first": 0,
            "lossless": 0,
            "repeat_pict": 0,
            "color_range": "tv",
            "color_space": "bt709",
            "chroma_location": "left"
        },
        {
            "media_type": "video",
            "stream_index": 0,
            "key_frame": 0,
            "pts": 26112,
            "pts_time": "2.040000",
            "pkt_dts": 26112,
            "pkt_dts_time": "2.040000",
            "best_effort_timestamp": 26112,
            "best_effort_timestamp_time": "2.040000",
            "duration": 512,
            "duration_time": "0.040000",
            "pkt_pos": "5441199",
            "pkt_size": "27075",
            "width": 1920,
            "height": 1080,
            "crop_top": 0,
            "crop_bottom": 0,
            "crop_left": 0,
            "crop_right": 0,
            "pix_fmt": "yuv420p",
            "pict_type": "P",
            "interlaced_frame": 0,
            "top_field_first": 0,
            "lossless": 0,
            "repeat_pict": 0,
            "color_range": "tv",
            "color_space": "bt709",
            "chroma_location": "left"
        },
        {
            "media_type": "video",
            "stream_index": 0,
            "key_frame": 0,
            "pts": 26624,
            "pts_time": "2.080000",
            "pkt_dts": 26624,
            "pkt_dts_time": "2.080000",
            "best_effort_timestamp": 26624,
            "best_effort_timestamp_time": "2.080000",
            "duration": 512,
            "duration_time": "0.040000",
            "pkt_pos": "5468274",
            "pkt_size": "19021",
            "width": 1920,
            "height": 1080,
            "crop_top": 0,
            "crop_bottom": 0,
            "crop_left": 0,
            "crop_right": 0,
            "pix_fmt": "yuv420p",
            "pict_type": "P",
            "interlaced_frame": 0,
            "top_field_first": 0,
            "lossless": 0,
            "repeat_pict": 0,
            "color_range": "tv",
            "color_space": "bt709",
            "chroma_location": "left"
        },
        {
            "media_type": "video",
            "stream_index": 0,
            "key_frame": 0,
            "pts": 27136,
            "pts_time": "2.120000",
            "pkt_dts": 27136,
            "pkt_dts_time": "2.120000",
            "best_effort_timestamp": 27136,
            "best_effort_timestamp_time": "2.120000",
            "duration": 512,
            "duration_time": "0.040000",
            "pkt_pos": "5487295",
            "pkt_size": "25361",
            "width": 1920,
            "height": 1080,
            "crop_top": 0,
            "crop_bottom": 0,
            "crop_left": 0,
            "crop_right": 0,
            "pix_fmt": "yuv420p",
            "pict_type": "P",
            "interlaced_frame": 0,
            "top_field_first": 0,
            "lossless": 0,
            "repeat_pict": 0,
            "color_range": "tv",
            "color_space": "bt709",
            "chroma_location": "left"
        },
        {
            "media_type": "video",
            "stream_index": 0,
            "key_frame": 0,
            "pts": 27648,
            "pts_time": "2.160000",
            "pkt_dts": 27648,
            "pkt_dts_time": "2.160000",
            "best_effort_timestamp": 27648,
            "best_effort_timestamp_time": "2.160000",
            "duration": 512,
            "duration_time": "0.040000",
            "pkt_pos": "5512656",
            "pkt_size": "17654",
            "width": 1920,
            "height": 1080,
            "crop_top": 0,
            "crop_bottom": 0,
            "crop_left": 0,
            "crop_right": 0,
            "pix_fmt": "yuv420p",
            "pict_type": "P",
            "interlaced_frame": 0,
            "top_field_first": 0,
            "lossless": 0,
            "repeat_pict": 0,
            "color_range": "tv",
            "color_space": "bt709",
            "chroma_location": "left"
        },
        {
            "media_type": "video",
            "stream_index": 0,
            "key_frame": 0,
            "pts": 28160,
            "pts_time": "2.200000",
            "pkt_dts": 28160,
            "pkt_dts_time": "2.200000",
            "best_effort_timestamp": 28160,
            "best_effort_timestamp_time": "2.200000",
            "duration": 512,
            "duration_time": "0.040000",
            "pkt_pos": "5530310",
            "pkt_size": "17351",
            "width": 1920,
            "height": 1080,
            "crop_top": 0,
            "crop_bottom": 0,
            "crop_left": 0,
            "crop_right": 0,
            "pix_fmt": "yuv420p",
            "pict_type": "P",
            "interlaced_frame": 0,
            "top_field_first": 0,
            "lossless": 0,
            "repeat_pict": 0,
            "color_range": "tv",
            "color_space": "bt709",
            "chroma_location": "left"
        },
        {
            "media_type": "video",
            "stream_index": 0,
            "key_frame": 0,
            "pts": 28672,
            "pts_time": "2.240000",
            "pkt_dts": 28672,
            "pkt_dts_time": "2.240000",
            "best_effort_timestamp": 28672,
            "best_effort_timestamp_time": "2.240000",
            "duration": 512,
            "duration_time": "0.040000",
            "pkt_pos": "5547661",
            "pkt_size": "16686",
            "width": 1920,
            "height": 1080,
            "crop_top": 0,
            "crop_bottom": 0,
            "crop_left": 0,
            "crop_right": 0,
            "pix_fmt": "yuv420p",
            "pict_type": "P",
            "interlaced_frame": 0,
            "top_field_first": 0,
            "lossless": 0,
            "repeat_pict": 0,
            "color_range": "tv",
            "color_space": "bt709",
            "chroma_location": "left"
        },
        {
            "media_type": "video",
            "stream_index": 0,
            "key_frame": 0,
            "pts": 29184,
            "pts_time": "2.280000",
            "pkt_dts": 29184,
            "pkt_dts_time": "2.280000",
            "best_effort_timestamp": 29184,
            "best_effort_timestamp_time": "2.280000",
            "duration": 512,
            "duration_time": "0.040000",
            "pkt_pos": "5564347",
            "pkt_size": "20623",
            "width": 1920,
            "height": 1080,
            "crop_top": 0,
            "crop_bottom": 0,
            "crop_left": 0,
            "crop_right": 0,
            "pix_fmt": "yuv420p",
            "pict_type": "P",
            "interlaced_frame": 0,
            "top_field_first": 0,
            "lossless": 0,
            "repeat_pict": 0,
            "color_range": "tv",
            "color_space": "bt709",
            "chroma_location": "left"
        },
        {
            "media_type": "video",
            "stream_index": 0,
            "key_frame": 0,
            "pts": 29696,
            "pts_time": "2.320000",
            "pkt_dts": 29696,
            "pkt_dts_time": "2.320000",
            "best_effort_timestamp": 29696,
            "best_effort_timestamp_time": "2.320000",
            "duration": 512,
            "duration_time": "0.040000",
            "pkt_pos": "5584970",
            "pkt_size": "13711",
            "width": 1920,
            "height": 1080,
            "crop_top": 0,
            "crop_bottom": 0,
            "crop_left": 0,
            "crop_right": 0,
            "pix_fmt": "yuv420p",
            "pict_type": "P",
            "interlaced_frame": 0,
            "top_field_first": 0,
            "lossless": 0,
            "repeat_pict": 0,
            "color_range": "tv",
            "color_space": "bt709",
            "chroma_location": "left"
        },
        {
            "media_type": "video",
            "stream_index": 0,
            "key_frame": 0,
            "pts": 30208,
            "pts_time": "2.360000",
            "pkt_dts": 30208,
            "pkt_dts_time": "2.360000",
            "best_effort_timestamp": 30208,
            "best_effort_timestamp_time": "2.360000",
            "duration": 512,
            "duration_time": "0.040000",
            "pkt_pos": "5598681",
            "pkt_size": "14821",
            "width": 1920,
            "height": 1080,
            "crop_top": 0,
            "crop_bottom": 0,
            "crop_left": 0,
            "crop_right": 0,
            "pix_fmt": "yuv420p",
            "pict_type": "P",
            "interlaced_frame": 0,
            "top_field_first": 0,
            "lossless": 0,
            "repeat_pict": 0,
            "color_range": "tv",
            "color_space": "bt709",
            "chroma_location": "left"
        },
        {
            "media_type": "video",
            "stream_index": 0,
            "key_frame": 1,
            "pts": 30720,
            "pts_time": "2.400000",
            "pkt_dts": 30720,
            "pkt_dts_time": "2.400000",
            "best_effort_timestamp": 30720,
            "best_effort_timestamp_time": "2.400000",
            "duration": 512,
            "duration_time": "0.040000",
            "pkt_pos": "5613502",
            "pkt_size": "527426",
            "width": 1920,
            "height": 1080,
            "crop_top": 0,
            "crop_bottom": 0,
            "crop_left": 0,
            "crop_right": 0,
            "pix_fmt": "yuv420p",
            "pict_type": "I",
            "interlaced_frame": 0,
            "top_field_first": 0,
            "lossless": 0,
            "repeat_pict": 0,
            "color_range": "tv",
            "color_space": "bt709",
            "chroma_location": "left",
            "side_data_list": [
                {
                    "side_data_type": "H.26[45] User Data Unregistered SEI message"
                }
            ]
        },
        {
            "media_type": "video",
            "stream_index": 0,
            "key_frame": 0,
            "pts": 31232,
            "pts_time": "2.440000",
            "pkt_dts": 31232,
            "pkt_dts_time": "2.440000",
            "best_effort_timestamp": 31232,
            "best_effort_timestamp_time": "2.440000",
            "duration": 512,
            "duration_time": "0.040000",
            "pkt_pos": "6140928",
            "pkt_size": "35955",
            "width": 1920,
            "height": 1080,
            "crop_top": 0,
            "crop_bottom": 0,
            "crop_left": 0,
            "crop_right": 0,
            "pix_fmt": "yuv420p",
            "pict_type": "P",
            "interlaced_frame": 0,
            "top_field_first": 0,
            "lossless": 0,
            "repeat_pict": 0,
            "color_range": "tv",
            "color_space": "bt709",
            "chroma_location": "left"
        },
        {
            "media_type": "video",
            "stream_index": 0,
            "key_frame": 0,
            "pts": 31744,
            "pts_time": "2.480000",
            "pkt_dts": 31744,
            "pkt_dts_time": "2.480000",
            "best_effort_timestamp": 31744,
            "best_effort_timestamp_time": "2.480000",
            "duration": 512,
            "duration_time": "0.040000",
            "pkt_pos": "6176883",
            "pkt_size": "18610",
            "width": 1920,
            "height": 1080,
            "crop_top": 0,
            "crop_bottom": 0,
            "crop_left": 0,
            "crop_right": 0,
            "pix_fmt": "yuv420p",
            "pict_type": "P",
            "interlaced_frame": 0,
            "top_field_first": 0,
            "lossless": 0,
            "repeat_pict": 0,
            "color_range": "tv",
            "color_space": "bt709",
            "chroma_location": "left"
        },
        {
            "media_type": "video",
            "stream_index": 0,
            "key_frame": 0,
            "pts": 32256,
            "pts_time": "2.520000",
            "pkt_dts": 32256,
            "pkt_dts_time": "2.520000",
            "best_effort_timestamp": 32256,
            "best_effort_timestamp_time": "2.520000",
            "duration": 512,
            "duration_time": "0.040000",
            "pkt_pos": "6195493",
            "pkt_size": "40096",
            "width": 1920,
            "height": 1080,
            "crop_top": 0,
            "crop_bottom": 0,
            "crop_left": 0,
            "crop_right": 0,
            "pix_fmt": "yuv420p",
            "pict_type": "P",
            "interlaced_frame": 0,
            "top_field_first": 0,
            "lossless": 0,
            "repeat_pict": 0,
            "color_range": "tv",
            "color_space": "bt709",
            "chroma_location": "left"
        },
        {
            "media_type": "video",
            "stream_index": 0,
            "key_frame": 0,
            "pts": 32768,
            "pts_time": "2.560000",
            "pkt_dts": 32768,
            "pkt_dts_time": "2.560000",
            "best_effort_timestamp": 32768,
            "best_effort_timestamp_time": "2.560000",
            "duration": 512,
            "duration_time": "0.040000",
            "pkt_pos": "6235589",
            "pkt_size": "23889",
            "width": 1920,
            "height": 1080,
            "crop_top": 0,
            "crop_bottom": 0,
            "crop_left": 0,
            "crop_right": 0,
            "pix_fmt": "yuv420p",
            "pict_type": "P",
            "interlaced_frame": 0,
            "top_field_first": 0,
            "lossless": 0,
            "repeat_pict": 0,
            "color_range": "tv",
            "color_space": "bt709",
            "chroma_location": "left"
        },
        {
            "media_type": "video",
            "stream_index": 0,
            "key_frame": 0,
            "pts": 33280,
            "pts_time": "2.600000",
            "pkt_dts": 33280,
            "pkt_dts_time": "2.600000",
            "best_effort_timestamp": 33280,
            "best_effort_timestamp_time": "2.600000",
            "duration": 512,
            "duration_time": "0.040000",
            "pkt_pos": "6259478",
            "pkt_size": "27653",
            "width": 1920,
            "height": 1080,
            "crop_top": 0,
            "crop_bottom": 0,
            "crop_left": 0,
            "crop_right": 0,
            "pix_fmt": "yuv420p",
            "pict_type": "P",
            "interlaced_frame": 0,
            "top_field_first": 0,
            "lossless": 0,
            "repeat_pict": 0,
            "color_range": "tv",
            "color_space": "bt709",
            "chroma_location": "left"
        },
        {
            "media_type": "video",
            "stream_index": 0,
            "key_frame": 0,
            "pts": 33792,
            "pts_time": "2.640000",
            "pkt_dts": 33792,
            "pkt_dts_time": "2.640000",
            "best_effort_timestamp": 33792,
            "best_effort_timestamp_time": "2.640000",
            "duration": 512,
            "duration_time": "0.040000",
            "pkt_pos": "6287131",
            "pkt_size": "18330",
            "width": 1920,
            "height": 1080,
            "crop_top": 0,
            "crop_bottom": 0,
            "crop_left": 0,
            "crop_right": 0,
            "pix_fmt": "yuv420p",
            "pict_type": "P",
            "interlaced_frame": 0,
            "top_field_first": 0,
            "lossless": 0,
            "repeat_pict": 0,
            "color_range": "tv",
            "color_space": "bt709",
            "chroma_location": "left"
        },
        {
            "media_type": "video",
            "stream_index": 0,
            "key_frame": 0,
            "pts": 34304,
            "pts_time": "2.680000",
            "pkt_dts": 34304,
            "pkt_dts_time": "2.680000",
            "best_effort_timestamp": 34304,
            "best_effort_timestamp_time": "2.680000",
            "duration": 512,
            "duration_time": "0.040000",
            "pkt_pos": "6305461",
            "pkt_size": "18434",
            "width": 1920,
            "height": 1080,
            "crop_top": 0,
            "crop_bottom": 0,
            "crop_left": 0,
            "crop_right": 0,
            "pix_fmt": "yuv420p",
            "pict_type": "P",
            "interlaced_frame": 0,
            "top_field_first": 0,
            "lossless": 0,
            "repeat_pict": 0,
            "color_range": "tv",
            "color_space": "bt709",
            "chroma_location": "left"
        },
        {
            "media_type": "video",
            "stream_index": 0,
            "key_frame": 0,
            "pts": 34816,
            "pts_time": "2.720000",
            "pkt_dts": 34816,
            "pkt_dts_time": "2.720000",
            "best_effort_timestamp": 34816,
            "best_effort_timestamp_time": "2.720000",
            "duration": 512,
            "duration_time": "0.040000",
            "pkt_pos": "6323895",
            "pkt_size": "24201",
            "width": 1920,
            "height": 1080,
            "crop_top": 0,
            "crop_bottom": 0,
            "crop_left": 0,
            "crop_right": 0,
            "pix_fmt": "yuv420p",
            "pict_type": "P",
            "interlaced_frame": 0,
            "top_field_first": 0,
            "lossless": 0,
            "repeat_pict": 0,
            "color_range": "tv",
            "color_space": "bt709",
            "chroma_location": "left"
        },
        {
            "media_type": "video",
            "stream_index": 0,
            "key_frame": 0,
            "pts": 35328,
            "pts_time": "2.760000",
            "pkt_dts": 35328,
            "pkt_dts_time": "2.760000",
            "best_effort_timestamp": 35328,
            "best_effort_timestamp_time": "2.760000",
            "duration": 512,
            "duration_time": "0.040000",
            "pkt_pos": "6348096",
            "pkt_size": "24268",
            "width": 1920,
            "height": 1080,
            "crop_top": 0,
            "crop_bottom": 0,
            "crop_left": 0,
            "crop_right": 0,
            "pix_fmt": "yuv420p",
            "pict_type": "P",
            "interlaced_frame": 0,
            "top_field_first": 0,
            "lossless": 0,
            "repeat_pict": 0,
            "color_range": "tv",
            "color_space": "bt709",
            "chroma_location": "left"
        },
        {
            "media_type": "video",
            "stream_index": 0,
            "key_frame": 0,
            "pts": 35840,
            "pts_time": "2.800000",
            "pkt_dts": 35840,
            "pkt_dts_time": "2.800000",
            "best_effort_timestamp": 35840,
            "best_effort_timestamp_time": "2.800000",
            "duration": 512,
            "duration_time": "0.040000",
            "pkt_pos": "6372364",
            "pkt_size": "25682",
            "width": 1920,
            "height": 1080,
            "crop_top": 0,
            "crop_bottom": 0,
            "crop_left": 0,
            "crop_right": 0,
            "pix_fmt": "yuv420p",
            "pict_type": "P",
            "interlaced_frame": 0,
            "top_field_first": 0,
            "lossless": 0,
            "repeat_pict": 0,
            "color_range": "tv",
            "color_space": "bt709",
            "chroma_location": "left"
        },
        {
            "media_type": "video",
            "stream_index": 0,
            "key_frame": 0,
            "pts": 36352,
            "pts_time": "2.840000",
            "pkt_dts": 36352,
            "pkt_dts_time": "2.840000",
            "best_effort_timestamp": 36352,
            "best_effort_timestamp_time": "2.840000",
            "duration": 512,
            "duration_time": "0.040000",
            "pkt_pos": "6398046",
            "pkt_size": "18047",
            "width": 1920,
            "height": 1080,
            "crop_top": 0,
            "crop_bottom": 0,
            "crop_left": 0,
            "crop_right": 0,
            "pix_fmt": "yuv420p",
            "pict_type": "P",
            "interlaced_frame": 0,
            "top_field_first": 0,
            "lossless": 0,
            "repeat_pict": 0,
            "color_range": "tv",
            "color_space": "bt709",
            "chroma_location": "left"
        },
        {
            "media_type": "video",
            "stream_index": 0,
            "key_frame": 1,
            "pts": 36864,
            "pts_time": "2.880000",
            "pkt_dts": 36864,
            "pkt_dts_time": "2.880000",
            "best_effort_timestamp": 36864,
            "best_effort_timestamp_time": "2.880000",
            "duration": 512,
            "duration_time": "0.040000",
            "pkt_pos": "6416093",
            "pkt_size": "526300",
            "width": 1920,
            "height": 1080,
            "crop_top": 0,
            "crop_bottom": 0,
            "crop_left": 0,
            "crop_right": 0,
            "pix_fmt": "yuv420p",
            "pict_type": "I",
            "interlaced_frame": 0,
            "top_field_first": 0,
            "lossless": 0,
            "repeat_pict": 0,
            "color_range": "tv",
            "color_space": "bt709",
            "chroma_location": "left",
            "side_data_list": [
                {
                    "side_data_type": "H.26[45] User Data Unregistered SEI message"
                }
            ]
        },
        {
            "media_type": "video",
            "stream_index": 0,
            "key_frame": 0,
            "pts": 37376,
            "pts_time": "2.920000",
            "pkt_dts": 37376,
            "pkt_dts_time": "2.920000",
            "best_effort_timestamp": 37376,
            "best_effort_timestamp_time": "2.920000",
            "duration": 512,
            "duration_time": "0.040000",
            "pkt_pos": "6942393",
            "pkt_size": "42892",
            "width": 1920,
            "height": 1080,
            "crop_top": 0,
            "crop_bottom": 0,
            "crop_left": 0,
            "crop_right": 0,
            "pix_fmt": "yuv420p",
            "pict_type": "P",
            "interlaced_frame": 0,
            "top_field_first": 0,
            "lossless": 0,
            "repeat_pict": 0,
            "color_range": "tv",
            "color_space": "bt709",
            "chroma_location": "left"
        },
        {
            "media_type": "video",
            "stream_index": 0,
            "key_frame": 0,
            "pts": 37888,
            "pts_time": "2.960000",
            "pkt_dts": 37888,
            "pkt_dts_time": "2.960000",
            "best_effort_timestamp": 37888,
            "best_effort_timestamp_time": "2.960000",
            "duration": 512,
            "duration_time": "0.040000",
            "pkt_pos": "6985285",
            "pkt_size": "65719",
            "width": 1920,
            "height": 1080,
            "crop_top": 0,
            "crop_bottom": 0,
            "crop_left": 0,
            "crop_right": 0,
            "pix_fmt": "yuv420p",
            "pict_type": "P",
            "interlaced_frame": 0,
            "top_field_first": 0,
            "lossless": 0,
            "repeat_pict": 0,
            "color_range": "tv",
            "color_space": "bt709",
            "chroma_location": "left"
        },
        {
            "media_type": "video",
            "stream_index": 0,
            "key_frame": 0,
            "pts": 38400,
            "pts_time": "3.000000",
            "pkt_dts": 38400,
            "pkt_dts_time": "3.000000",
            "best_effort_timestamp": 38400,
            "best_effort_timestamp_time": "3.000000",
            "duration": 512,
            "duration_time": "0.040000",
            "pkt_pos": "7051004",
            "pkt_size": "52336",
            "width": 1920,
            "height": 1080,
            "crop_top": 0,
            "crop_bottom": 0,
            "crop_left": 0,
            "crop_right": 0,
            "pix_fmt": "yuv420p",
            "pict_type": "P",
            "interlaced_frame": 0,
            "top_field_first": 0,
            "lossless": 0,
            "repeat_pict": 0,
            "color_range": "tv",
            "color_space": "bt709",
            "chroma_location": "left"
        },
        {
            "media_type": "video",
            "stream_index": 0,
            "key_frame": 0,
            "pts": 38912,
            "pts_time": "3.040000",
            "pkt_dts": 38912,
            "pkt_dts_time": "3.040000",
            "best_effort_timestamp": 38912,
            "best_effort_timestamp_time": "3.040000",
            "duration": 512,
            "duration_time": "0.040000",
            "pkt_pos": "7103340",
            "pkt_size": "95421",
            "width": 1920,
            "height": 1080,
            "crop_top": 0,
            "crop_bottom": 0,
            "crop_left": 0,
            "crop_right": 0,
            "pix_fmt": "yuv420p",
            "pict_type": "P",
            "interlaced_frame": 0,
            "top_field_first": 0,
            "lossless": 0,
            "repeat_pict": 0,
            "color_range": "tv",
            "color_space": "bt709",
            "chroma_location": "left"
        },
        {
            "media_type": "video",
            "stream_index": 0,
            "key_frame": 0,
            "pts": 39424,
            "pts_time": "3.080000",
            "pkt_dts": 39424,
            "pkt_dts_time": "3.080000",
            "best_effort_timestamp": 39424,
            "best_effort_timestamp_time": "3.080000",
            "duration": 512,
            "duration_time": "0.040000",
            "pkt_pos": "7198761",
            "pkt_size": "83142",
            "width": 1920,
            "height": 1080,
            "crop_top": 0,
            "crop_bottom": 0,
            "crop_left": 0,
            "crop_right": 0,
            "pix_fmt": "yuv420p",
            "pict_type": "P",
            "interlaced_frame": 0,
            "top_field_first": 0,
            "lossless": 0,
            "repeat_pict": 0,
            "color_range": "tv",
            "color_space": "bt709",
            "chroma_location": "left"
        },
        {
            "media_type": "video",
            "stream_index": 0,
            "key_frame": 0,
            "pts": 39936,
            "pts_time": "3.120000",
            "pkt_dts": 39936,
            "pkt_dts_time": "3.120000",
            "best_effort_timestamp": 39936,
            "best_effort_timestamp_time": "3.120000",
            "duration": 512,
            "duration_time": "0.040000",
            "pkt_pos": "7281903",
            "pkt_size": "62546",
            "width": 1920,
            "height": 1080,
            "crop_top": 0,
            "crop_bottom": 0,
            "crop_left": 0,
            "crop_right": 0,
            "pix_fmt": "yuv420p",
            "pict_type": "P",
            "interlaced_frame": 0,
            "top_field_first": 0,
            "lossless": 0,
            "repeat_pict": 0,
            "color_range": "tv",
            "color_space": "bt709",
            "chroma_location": "left"
        },
        {
            "media_type": "video",
            "stream_index": 0,
            "key_frame": 0,
            "pts": 40448,
            "pts_time": "3.160000",
            "pkt_dts": 40448,
            "pkt_dts_time": "3.160000",
            "best_effort_timestamp": 40448,
            "best_effort_timestamp_time": "3.160000",
            "duration": 512,
            "duration_time": "0.040000",
            "pkt_pos": "7344449",
            "pkt_size": "79395",
            "width": 1920,
            "height": 1080,
            "crop_top": 0,
            "crop_bottom": 0,
            "crop_left": 0,
            "crop_right": 0,
            "pix_fmt": "yuv420p",
            "pict_type": "P",
            "interlaced_frame": 0,
            "top_field_first": 0,
            "lossless": 0,
            "repeat_pict": 0,
            "color_range": "tv",
            "color_space": "bt709",
            "chroma_location": "left"
        },
        {
            "media_type": "video",
            "stream_index": 0,
            "key_frame": 0,
            "pts": 40960,
            "pts_time": "3.200000",
            "pkt_dts": 40960,
            "pkt_dts_time": "3.200000",
            "best_effort_timestamp": 40960,
            "best_effort_timestamp_time": "3.200000",
            "duration": 512,
            "duration_time": "0.040000",
            "pkt_pos": "7423844",
            "pkt_size": "63626",
            "width": 1920,
            "height": 1080,
            "crop_top": 0,
            "crop_bottom": 0,
            "crop_left": 0,
            "crop_right": 0,
            "pix_fmt": "yuv420p",
            "pict_type": "P",
            "interlaced_frame": 0,
            "top_field_first": 0,
            "lossless": 0,
            "repeat_pict": 0,
            "color_range": "tv",
            "color_space": "bt709",
            "chroma_location": "left"
        },
        {
            "media_type": "video",
            "stream_index": 0,
            "key_frame": 0,
            "pts": 41472,
            "pts_time": "3.240000",
            "pkt_dts": 41472,
            "pkt_dts_time": "3.240000",
            "best_effort_timestamp": 41472,
            "best_effort_timestamp_time": "3.240000",
            "duration": 512,
            "duration_time": "0.040000",
            "pkt_pos": "7487470",
            "pkt_size": "79736",
            "width": 1920,
            "height": 1080,
            "crop_top": 0,
            "crop_bottom": 0,
            "crop_left": 0,
            "crop_right": 0,
            "pix_fmt": "yuv420p",
            "pict_type": "P",
            "interlaced_frame": 0,
            "top_field_first": 0,
            "lossless": 0,
            "repeat_pict": 0,
            "color_range": "tv",
            "color_space": "bt709",
            "chroma_location": "left"
        },
        {
            "media_type": "video",
            "stream_index": 0,
            "key_frame": 0,
            "pts": 41984,
            "pts_time": "3.280000",
            "pkt_dts": 41984,
            "pkt_dts_time": "3.280000",
            "best_effort_timestamp": 41984,
            "best_effort_timestamp_time": "3.280000",
            "duration": 512,
            "duration_time": "0.040000",
            "pkt_pos": "7567206",
            "pkt_size": "62383",
            "width": 1920,
            "height": 1080,
            "crop_top": 0,
            "crop_bottom": 0,
            "crop_left": 0,
            "crop_right": 0,
            "pix_fmt": "yuv420p",
            "pict_type": "P",
            "interlaced_frame": 0,
            "top_field_first": 0,
            "lossless": 0,
            "repeat_pict": 0,
            "color_range": "tv",
            "color_space": "bt709",
            "chroma_location": "left"
        },
        {
            "media_type": "video",
            "stream_index": 0,
            "key_frame": 0,
            "pts": 42496,
            "pts_time": "3.320000",
            "pkt_dts": 42496,
            "pkt_dts_time": "3.320000",
            "best_effort_timestamp": 42496,
            "best_effort_timestamp_time": "3.320000",
            "duration": 512,
            "duration_time": "0.040000",
            "pkt_pos": "7629589",
            "pkt_size": "75882",
            "width": 1920,
            "height": 1080,
            "crop_top": 0,
            "crop_bottom": 0,
            "crop_left": 0,
            "crop_right": 0,
            "pix_fmt": "yuv420p",
            "pict_type": "P",
            "interlaced_frame": 0,
            "top_field_first": 0,
            "lossless": 0,
            "repeat_pict": 0,
            "color_range": "tv",
            "color_space": "bt709",
            "chroma_location": "left"
        },
        {
            "media_type": "video",
            "stream_index": 0,
            "key_frame": 1,
            "pts": 43008,
            "pts_time": "3.360000",
            "pkt_dts": 43008,
            "pkt_dts_time": "3.360000",
            "best_effort_timestamp": 43008,
            "best_effort_timestamp_time": "3.360000",
            "duration": 512,
            "duration_time": "0.040000",
            "pkt_pos": "7705471",
            "pkt_size": "605437",
            "width": 1920,
            "height": 1080,
            "crop_top": 0,
            "crop_bottom": 0,
            "crop_left": 0,
            "crop_right": 0,
            "pix_fmt": "yuv420p",
            "pict_type": "I",
            "interlaced_frame": 0,
            "top_field_first": 0,
            "lossless": 0,
            "repeat_pict": 0,
            "color_range": "tv",
            "color_space": "bt709",
            "chroma_location": "left",
            "side_data_list": [
                {
                    "side_data_type": "H.26[45] User Data Unregistered SEI message"
                }
            ]
        },
        {
            "media_type": "video",
            "stream_index": 0,
            "key_frame": 0,
            "pts": 43520,
            "pts_time": "3.400000",
            "pkt_dts": 43520,
            "pkt_dts_time": "3.400000",
            "best_effort_timestamp": 43520,
            "best_effort_timestamp_time": "3.400000",
            "duration": 512,
            "duration_time": "0.040000",
            "pkt_pos": "8310908",
            "pkt_size": "94186",
            "width": 1920,
            "height": 1080,
            "crop_top": 0,
            "crop_bottom": 0,
            "crop_left": 0,
            "crop_right": 0,
            "pix_fmt": "yuv420p",
            "pict_type": "P",
            "interlaced_frame": 0,
            "top_field_first": 0,
            "lossless": 0,
            "repeat_pict": 0,
            "color_range": "tv",
            "color_space": "bt709",
            "chroma_location": "left"
        },
        {
            "media_type": "video",
            "stream_index": 0,
            "key_frame": 0,
            "pts": 44032,
            "pts_time": "3.440000",
            "pkt_dts": 44032,
            "pkt_dts_time": "3.440000",
            "best_effort_timestamp": 44032,
            "best_effort_timestamp_time": "3.440000",
            "duration": 512,
            "duration_time": "0.040000",
            "pkt_pos": "8405094",
            "pkt_size": "44893",
            "width": 1920,
            "height": 1080,
            "crop_top": 0,
            "crop_bottom": 0,
            "crop_left": 0,
            "crop_right": 0,
            "pix_fmt": "yuv420p",
            "pict_type": "P",
            "interlaced_frame": 0,
            "top_field_first": 0,
            "lossless": 0,
            "repeat_pict": 0,
            "color_range": "tv",
            "color_space": "bt709",
            "chroma_location": "left"
        },
        {
            "media_type": "video",
            "stream_index": 0,
            "key_frame": 0,
            "pts": 44544,
            "pts_time": "3.480000",
            "pkt_dts": 44544,
            "pkt_dts_time": "3.480000",
            "best_effort_timestamp": 44544,
            "best_effort_timestamp_time": "3.480000",
            "duration": 512,
            "duration_time": "0.040000",
            "pkt_pos": "8449987",
            "pkt_size": "74514",
            "width": 1920,
            "height": 1080,
            "crop_top": 0,
            "crop_bottom": 0,
            "crop_left": 0,
            "crop_right": 0,
            "pix_fmt": "yuv420p",
            "pict_type": "P",
            "interlaced_frame": 0,
            "top_field_first": 0,
            "lossless": 0,
            "repeat_pict": 0,
            "color_range": "tv",
            "color_space": "bt709",
            "chroma_location": "left"
        },
        {
            "media_type": "video",
            "stream_index": 0,
            "key_frame": 0,
            "pts": 45056,
            "pts_time": "3.520000",
            "pkt_dts": 45056,
            "pkt_dts_time": "3.520000",
            "best_effort_timestamp": 45056,
            "best_effort_timestamp_time": "3.520000",
            "duration": 512,
            "duration_time": "0.040000",
            "pkt_pos": "8524501",
            "pkt_size": "50253",
            "width": 1920,
            "height": 1080,
            "crop_top": 0,
            "crop_bottom": 0,
            "crop_left": 0,
            "crop_right": 0,
            "pix_fmt": "yuv420p",
            "pict_type": "P",
            "interlaced_frame": 0,
            "top_field_first": 0,
            "lossless": 0,
            "repeat_pict": 0,
            "color_range": "tv",
            "color_space": "bt709",
            "chroma_location": "left"
        },
        {
            "media_type": "video",
            "stream_index": 0,
            "key_frame": 0,
            "pts": 45568,
            "pts_time": "3.560000",
            "pkt_dts": 45568,
            "pkt_dts_time": "3.560000",
            "best_effort_timestamp": 45568,
            "best_effort_timestamp_time": "3.560000",
            "duration": 512,
            "duration_time": "0.040000",
            "pkt_pos": "8574754",
            "pkt_size": "50224",
            "width": 1920,
            "height": 1080,
            "crop_top": 0,
            "crop_bottom": 0,
            "crop_left": 0,
            "crop_right": 0,
            "pix_fmt": "yuv420p",
            "pict_type": "P",
            "interlaced_frame": 0,
            "top_field_first": 0,
            "lossless": 0,
            "repeat_pict": 0,
            "color_range": "tv",
            "color_space": "bt709",
            "chroma_location": "left"
        },
        {
            "media_type": "video",
            "stream_index": 0,
            "key_frame": 0,
            "pts": 46080,
            "pts_time": "3.600000",
            "pkt_dts": 46080,
            "pkt_dts_time": "3.600000",
            "best_effort_timestamp": 46080,
            "best_effort_timestamp_time": "3.600000",
            "duration": 512,
            "duration_time": "0.040000",
            "pkt_pos": "8624978",
            "pkt_size": "38528",
            "width": 1920,
            "height": 1080,
            "crop_top": 0,
            "crop_bottom": 0,
            "crop_left": 0,
            "crop_right": 0,
            "pix_fmt": "yuv420p",
            "pict_type": "P",
            "interlaced_frame": 0,
            "top_field_first": 0,
            "lossless": 0,
            "repeat_pict": 0,
            "color_range": "tv",
            "color_space": "bt709",
            "chroma_location": "left"
        },
        {
            "media_type": "video",
            "stream_index": 0,
            "key_frame": 0,
            "pts": 46592,
            "pts_time": "3.640000",
            "pkt_dts": 46592,
            "pkt_dts_time": "3.640000",
            "best_effort_timestamp": 46592,
            "best_effort_timestamp_time": "3.640000",
            "duration": 512,
            "duration_time": "0.040000",
            "pkt_pos": "8663506",
            "pkt_size": "38688",
            "width": 1920,
            "height": 1080,
            "crop_top": 0,
            "crop_bottom": 0,
            "crop_left": 0,
            "crop_right": 0,
            "pix_fmt": "yuv420p",
            "pict_type": "P",
            "interlaced_frame": 0,
            "top_field_first": 0,
            "lossless": 0,
            "repeat_pict": 0,
            "color_range": "tv",
            "color_space": "bt709",
            "chroma_location": "left"
        },
        {
            "media_type": "video",
            "stream_index": 0,
            "key_frame": 0,
            "pts": 47104,
            "pts_time": "3.680000",
            "pkt_dts": 47104,
            "pkt_dts_time": "3.680000",
            "best_effort_timestamp": 47104,
            "best_effort_timestamp_time": "3.680000",
            "duration": 512,
            "duration_time": "0.040000",
            "pkt_pos": "8702194",
            "pkt_size": "28333",
            "width": 1920,
            "height": 1080,
            "crop_top": 0,
            "crop_bottom": 0,
            "crop_left": 0,
            "crop_right": 0,
            "pix_fmt": "yuv420p",
            "pict_type": "P",
            "interlaced_frame": 0,
            "top_field_first": 0,
            "lossless": 0,
            "repeat_pict": 0,
            "color_range": "tv",
            "color_space": "bt709",
            "chroma_location": "left"
        },
        {
            "media_type": "video",
            "stream_index": 0,
            "key_frame": 0,
            "pts": 47616,
            "pts_time": "3.720000",
            "pkt_dts": 47616,
            "pkt_dts_time": "3.720000",
            "best_effort_timestamp": 47616,
            "best_effort_timestamp_time": "3.720000",
            "duration": 512,
            "duration_time": "0.040000",
            "pkt_pos": "8730527",
            "pkt_size": "51323",
            "width": 1920,
            "height": 1080,
            "crop_top": 0,
            "crop_bottom": 0,
            "crop_left": 0,
            "crop_right": 0,
            "pix_fmt": "yuv420p",
            "pict_type": "P",
            "interlaced_frame": 0,
            "top_field_first": 0,
            "lossless": 0,
            "repeat_pict": 0,
            "color_range": "tv",
            "color_space": "bt709",
            "chroma_location": "left"
        },
        {
            "media_type": "video",
            "stream_index": 0,
            "key_frame": 0,
            "pts": 48128,
            "pts_time": "3.760000",
            "pkt_dts": 48128,
            "pkt_dts_time": "3.760000",
            "best_effort_timestamp": 48128,
            "best_effort_timestamp_time": "3.760000",
            "duration": 512,
            "duration_time": "0.040000",
            "pkt_pos": "8781850",
            "pkt_size": "40707",
            "width": 1920,
            "height": 1080,
            "crop_top": 0,
            "crop_bottom": 0,
            "crop_left": 0,
            "crop_right": 0,
            "pix_fmt": "yuv420p",
            "pict_type": "P",
            "interlaced_frame": 0,
            "top_field_first": 0,
            "lossless": 0,
            "repeat_pict": 0,
            "color_range": "tv",
            "color_space": "bt709",
            "chroma_location": "left"
        },
        {
            "media_type": "video",
            "stream_index": 0,
            "key_frame": 0,
            "pts": 48640,
            "pts_time": "3.800000",
            "pkt_dts": 48640,
            "pkt_dts_time": "3.800000",
            "best_effort_timestamp": 48640,
            "best_effort_timestamp_time": "3.800000",
            "duration": 512,
            "duration_time": "0.040000",
            "pkt_pos": "8822557",
            "pkt_size": "60766",
            "width": 1920,
            "height": 1080,
            "crop_top": 0,
            "crop_bottom": 0,
            "crop_left": 0,
            "crop_right": 0,
            "pix_fmt": "yuv420p",
            "pict_type": "P",
            "interlaced_frame": 0,
            "top_field_first": 0,
            "lossless": 0,
            "repeat_pict": 0,
            "color_range": "tv",
            "color_space": "bt709",
            "chroma_location": "left"
        },
        {
            "media_type": "video",
            "stream_index": 0,
            "key_frame": 1,
            "pts": 49152,
            "pts_time": "3.840000",
            "pkt_dts": 49152,
            "pkt_dts_time": "3.840000",
            "best_effort_timestamp": 49152,
            "best_effort_timestamp_time": "3.840000",
            "duration": 512,
            "duration_time": "0.040000",
            "pkt_pos": "8883323",
            "pkt_size": "565054",
            "width": 1920,
            "height": 1080,
            "crop_top": 0,
            "crop_bottom": 0,
            "crop_left": 0,
            "crop_right": 0,
            "pix_fmt": "yuv420p",
            "pict_type": "I",
            "interlaced_frame": 0,
            "top_field_first": 0,
            "lossless": 0,
            "repeat_pict": 0,
            "color_range": "tv",
            "color_space": "bt709",
            "chroma_location": "left",
            "side_data_list": [
                {
                    "side_data_type": "H.26[45] User Data Unregistered SEI message"
                }
            ]
        },
        {
            "media_type": "video",
            "stream_index": 0,
            "key_frame": 0,
            "pts": 49664,
            "pts_time": "3.880000",
            "pkt_dts": 49664,
            "pkt_dts_time": "3.880000",
            "best_effort_timestamp": 49664,
            "best_effort_timestamp_time": "3.880000",
            "duration": 512,
            "duration_time": "0.040000",
            "pkt_pos": "9448377",
            "pkt_size": "81566",
            "width": 1920,
            "height": 1080,
            "crop_top": 0,
            "crop_bottom": 0,
            "crop_left": 0,
            "crop_right": 0,
            "pix_fmt": "yuv420p",
            "pict_type": "P",
            "interlaced_frame": 0,
            "top_field_first": 0,
            "lossless": 0,
            "repeat_pict": 0,
            "color_range": "tv",
            "color_space": "bt709",
            "chroma_location": "left"
        },
        {
            "media_type": "video",
            "stream_index": 0,
            "key_frame": 0,
            "pts": 50176,
            "pts_time": "3.920000",
            "pkt_dts": 50176,
            "pkt_dts_time": "3.920000",
            "best_effort_timestamp": 50176,
            "best_effort_timestamp_time": "3.920000",
            "duration": 512,
            "duration_time": "0.040000",
            "pkt_pos": "9529943",
            "pkt_size": "53353",
            "width": 1920,
            "height": 1080,
            "crop_top": 0,
            "crop_bottom": 0,
            "crop_left": 0,
            "crop_right": 0,
            "pix_fmt": "yuv420p",
            "pict_type": "P",
            "interlaced_frame": 0,
            "top_field_first": 0,
            "lossless": 0,
            "repeat_pict": 0,
            "color_range": "tv",
            "color_space": "bt709",
            "chroma_location": "left"
        },
        {
            "media_type": "video",
            "stream_index": 0,
            "key_frame": 0,
            "pts": 50688,
            "pts_time": "3.960000",
            "pkt_dts": 50688,
            "pkt_dts_time": "3.960000",
            "best_effort_timestamp": 50688,
            "best_effort_timestamp_time": "3.960000",
            "duration": 512,
            "duration_time": "0.040000",
            "pkt_pos": "9583296",
            "pkt_size": "64350",
            "width": 1920,
            "height": 1080,
            "crop_top": 0,
            "crop_bottom": 0,
            "crop_left": 0,
            "crop_right": 0,
            "pix_fmt": "yuv420p",
            "pict_type": "P",
            "interlaced_frame": 0,
            "top_field_first": 0,
            "lossless": 0,
            "repeat_pict": 0,
            "color_range": "tv",
            "color_space": "bt709",
            "chroma_location": "left"
        },
        {
            "media_type": "video",
            "stream_index": 0,
            "key_frame": 0,
            "pts": 51200,
            "pts_time": "4.000000",
            "pkt_dts": 51200,
            "pkt_dts_time": "4.000000",
            "best_effort_timestamp": 51200,
            "best_effort_timestamp_time": "4.000000",
            "duration": 512,
            "duration_time": "0.040000",
            "pkt_pos": "9647646",
            "pkt_size": "83035",
            "width": 1920,
            "height": 1080,
            "crop_top": 0,
            "crop_bottom": 0,
            "crop_left": 0,
            "crop_right": 0,
            "pix_fmt": "yuv420p",
            "pict_type": "P",
            "interlaced_frame": 0,
            "top_field_first": 0,
            "lossless": 0,
            "repeat_pict": 0,
            "color_range": "tv",
            "color_space": "bt709",
            "chroma_location": "left"
        },
        {
            "media_type": "video",
            "stream_index": 0,
            "key_frame": 0,
            "pts": 51712,
            "pts_time": "4.040000",
            "pkt_dts": 51712,
            "pkt_dts_time": "4.040000",
            "best_effort_timestamp": 51712,
            "best_effort_timestamp_time": "4.040000",
            "duration": 512,
            "duration_time": "0.040000",
            "pkt_pos": "9730681",
            "pkt_size": "90599",
            "width": 1920,
            "height": 1080,
            "crop_top": 0,
            "crop_bottom": 0,
            "crop_left": 0,
            "crop_right": 0,
            "pix_fmt": "yuv420p",
            "pict_type": "P",
            "interlaced_frame": 0,
            "top_field_first": 0,
            "lossless": 0,
            "repeat_pict": 0,
            "color_range": "tv",
            "color_space": "bt709",
            "chroma_location": "left"
        },
        {
            "media_type": "video",
            "stream_index": 0,
            "key_frame": 0,
            "pts": 52224,
            "pts_time": "4.080000",
            "pkt_dts": 52224,
            "pkt_dts_time": "4.080000",
            "best_effort_timestamp": 52224,
            "best_effort_timestamp_time": "4.080000",
            "duration": 512,
            "duration_time": "0.040000",
            "pkt_pos": "9821280",
            "pkt_size": "42002",
            "width": 1920,
            "height": 1080,
            "crop_top": 0,
            "crop_bottom": 0,
            "crop_left": 0,
            "crop_right": 0,
            "pix_fmt": "yuv420p",
            "pict_type": "P",
            "interlaced_frame": 0,
            "top_field_first": 0,
            "lossless": 0,
            "repeat_pict": 0,
            "color_range": "tv",
            "color_space": "bt709",
            "chroma_location": "left"
        },
        {
            "media_type": "video",
            "stream_index": 0,
            "key_frame": 0,
            "pts": 52736,
            "pts_time": "4.120000",
            "pkt_dts": 52736,
            "pkt_dts_time": "4.120000",
            "best_effort_timestamp": 52736,
            "best_effort_timestamp_time": "4.120000",
            "duration": 512,
            "duration_time": "0.040000",
            "pkt_pos": "9863282",
            "pkt_size": "55399",
            "width": 1920,
            "height": 1080,
            "crop_top": 0,
            "crop_bottom": 0,
            "crop_left": 0,
            "crop_right": 0,
            "pix_fmt": "yuv420p",
            "pict_type": "P",
            "interlaced_frame": 0,
            "top_field_first": 0,
            "lossless": 0,
            "repeat_pict": 0,
            "color_range": "tv",
            "color_space": "bt709",
            "chroma_location": "left"
        },
        {
            "media_type": "video",
            "stream_index": 0,
            "key_frame": 0,
            "pts": 53248,
            "pts_time": "4.160000",
            "pkt_dts": 53248,
            "pkt_dts_time": "4.160000",
            "best_effort_timestamp": 53248,
            "best_effort_timestamp_time": "4.160000",
            "duration": 512,
            "duration_time": "0.040000",
            "pkt_pos": "9918681",
            "pkt_size": "67760",
            "width": 1920,
            "height": 1080,
            "crop_top": 0,
            "crop_bottom": 0,
            "crop_left": 0,
            "crop_right": 0,
            "pix_fmt": "yuv420p",
            "pict_type": "P",
            "interlaced_frame": 0,
            "top_field_first": 0,
            "lossless": 0,
            "repeat_pict": 0,
            "color_range": "tv",
            "color_space": "bt709",
            "chroma_location": "left"
        },
        {
            "media_type": "video",
            "stream_index": 0,
            "key_frame": 0,
            "pts": 53760,
            "pts_time": "4.200000",
            "pkt_dts": 53760,
            "pkt_dts_time": "4.200000",
            "best_effort_timestamp": 53760,
            "best_effort_timestamp_time": "4.200000",
            "duration": 512,
            "duration_time": "0.040000",
            "pkt_pos": "9986441",
            "pkt_size": "50911",
            "width": 1920,
            "height": 1080,
            "crop_top": 0,
            "crop_bottom": 0,
            "crop_left": 0,
            "crop_right": 0,
            "pix_fmt": "yuv420p",
            "pict_type": "P",
            "interlaced_frame": 0,
            "top_field_first": 0,
            "lossless": 0,
            "repeat_pict": 0,
            "color_range": "tv",
            "color_space": "bt709",
            "chroma_location": "left"
        },
        {
            "media_type": "video",
            "stream_index": 0,
            "key_frame": 0,
            "pts": 54272,
            "pts_time": "4.240000",
            "pkt_dts": 54272,
            "pkt_dts_time": "4.240000",
            "best_effort_timestamp": 54272,
            "best_effort_timestamp_time": "4.240000",
            "duration": 512,
            "duration_time": "0.040000",
            "pkt_pos": "10037352",
            "pkt_size": "55014",
            "width": 1920,
            "height": 1080,
            "crop_top": 0,
            "crop_bottom": 0,
            "crop_left": 0,
            "crop_right": 0,
            "pix_fmt": "yuv420p",
            "pict_type": "P",
            "interlaced_frame": 0,
            "top_field_first": 0,
            "lossless": 0,
            "repeat_pict": 0,
            "color_range": "tv",
            "color_space": "bt709",
            "chroma_location": "left"
        },
        {
            "media_type": "video",
            "stream_index": 0,
            "key_frame": 0,
            "pts": 54784,
            "pts_time": "4.280000",
            "pkt_dts": 54784,
            "pkt_dts_time": "4.280000",
            "best_effort_timestamp": 54784,
            "best_effort_timestamp_time": "4.280000",
            "duration": 512,
            "duration_time": "0.040000",
            "pkt_pos": "10092366",
            "pkt_size": "43420",
            "width": 1920,
            "height": 1080,
            "crop_top": 0,
            "crop_bottom": 0,
            "crop_left": 0,
            "crop_right": 0,
            "pix_fmt": "yuv420p",
            "pict_type": "P",
            "interlaced_frame": 0,
            "top_field_first": 0,
            "lossless": 0,
            "repeat_pict": 0,
            "color_range": "tv",
            "color_space": "bt709",
            "chroma_location": "left"
        },
        {
            "media_type": "video",
            "stream_index": 0,
            "key_frame": 1,
            "pts": 55296,
            "pts_time": "4.320000",
            "pkt_dts": 55296,
            "pkt_dts_time": "4.320000",
            "best_effort_timestamp": 55296,
            "best_effort_timestamp_time": "4.320000",
            "duration": 512,
            "duration_time": "0.040000",
            "pkt_pos": "10135786",
            "pkt_size": "617259",
            "width": 1920,
            "height": 1080,
            "crop_top": 0,
            "crop_bottom": 0,
            "crop_left": 0,
            "crop_right": 0,
            "pix_fmt": "yuv420p",
            "pict_type": "I",
            "interlaced_frame": 0,
            "top_field_first": 0,
            "lossless": 0,
            "repeat_pict": 0,
            "color_range": "tv",
            "color_space": "bt709",
            "chroma_location": "left",
            "side_data_list": [
                {
                    "side_data_type": "H.26[45] User Data Unregistered SEI message"
                }
            ]
        },
        {
            "media_type": "video",
            "stream_index": 0,
            "key_frame": 0,
            "pts": 55808,
            "pts_time": "4.360000",
            "pkt_dts": 55808,
            "pkt_dts_time": "4.360000",
            "best_effort_timestamp": 55808,
            "best_effort_timestamp_time": "4.360000",
            "duration": 512,
            "duration_time": "0.040000",
            "pkt_pos": "10753045",
            "pkt_size": "60141",
            "width": 1920,
            "height": 1080,
            "crop_top": 0,
            "crop_bottom": 0,
            "crop_left": 0,
            "crop_right": 0,
            "pix_fmt": "yuv420p",
            "pict_type": "P",
            "interlaced_frame": 0,
            "top_field_first": 0,
            "lossless": 0,
            "repeat_pict": 0,
            "color_range": "tv",
            "color_space": "bt709",
            "chroma_location": "left"
        },
        {
            "media_type": "video",
            "stream_index": 0,
            "key_frame": 0,
            "pts": 56320,
            "pts_time": "4.400000",
            "pkt_dts": 56320,
            "pkt_dts_time": "4.400000",
            "best_effort_timestamp": 56320,
            "best_effort_timestamp_time": "4.400000",
            "duration": 512,
            "duration_time": "0.040000",
            "pkt_pos": "10813186",
            "pkt_size": "57974",
            "width": 1920,
            "height": 1080,
            "crop_top": 0,
            "crop_bottom": 0,
            "crop_left": 0,
            "crop_right": 0,
            "pix_fmt": "yuv420p",
            "pict_type": "P",
            "interlaced_frame": 0,
            "top_field_first": 0,
            "lossless": 0,
            "repeat_pict": 0,
            "color_range": "tv",
            "color_space": "bt709",
            "chroma_location": "left"
        },
        {
            "media_type": "video",
            "stream_index": 0,
            "key_frame": 0,
            "pts": 56832,
            "pts_time": "4.440000",
            "pkt_dts": 56832,
            "pkt_dts_time": "4.440000",
            "best_effort_timestamp": 56832,
            "best_effort_timestamp_time": "4.440000",
            "duration": 512,
            "duration_time": "0.040000",
            "pkt_pos": "10871160",
            "pkt_size": "52796",
            "width": 1920,
            "height": 1080,
            "crop_top": 0,
            "crop_bottom": 0,
            "crop_left": 0,
            "crop_right": 0,
            "pix_fmt": "yuv420p",
            "pict_type": "P",
            "interlaced_frame": 0,
            "top_field_first": 0,
            "lossless": 0,
            "repeat_pict": 0,
            "color_range": "tv",
            "color_space": "bt709",
            "chroma_location": "left"
        },
        {
            "media_type": "video",
            "stream_index": 0,
            "key_frame": 0,
            "pts": 57344,
            "pts_time": "4.480000",
            "pkt_dts": 57344,
            "pkt_dts_time": "4.480000",
            "best_effort_timestamp": 57344,
            "best_effort_timestamp_time": "4.480000",
            "duration": 512,
            "duration_time": "0.040000",
            "pkt_pos": "10923956",
            "pkt_size": "75635",
            "width": 1920,
            "height": 1080,
            "crop_top": 0,
            "crop_bottom": 0,
            "crop_left": 0,
            "crop_right": 0,
            "pix_fmt": "yuv420p",
            "pict_type": "P",
            "interlaced_frame": 0,
            "top_field_first": 0,
            "lossless": 0,
            "repeat_pict": 0,
            "color_range": "tv",
            "color_space": "bt709",
            "chroma_location": "left"
        },
        {
            "media_type": "video",
            "stream_index": 0,
            "key_frame": 0,
            "pts": 57856,
            "pts_time": "4.520000",
            "pkt_dts": 57856,
            "pkt_dts_time": "4.520000",
            "best_effort_timestamp": 57856,
            "best_effort_timestamp_time": "4.520000",
            "duration": 512,
            "duration_time": "0.040000",
            "pkt_pos": "10999591",
            "pkt_size": "58150",
            "width": 1920,
            "height": 1080,
            "crop_top": 0,
            "crop_bottom": 0,
            "crop_left": 0,
            "crop_right": 0,
            "pix_fmt": "yuv420p",
            "pict_type": "P",
            "interlaced_frame": 0,
            "top_field_first": 0,
            "lossless": 0,
            "repeat_pict": 0,
            "color_range": "tv",
            "color_space": "bt709",
            "chroma_location": "left"
        },
        {
            "media_type": "video",
            "stream_index": 0,
            "key_frame": 0,
            "pts": 58368,
            "pts_time": "4.560000",
            "pkt_dts": 58368,
            "pkt_dts_time": "4.560000",
            "best_effort_timestamp": 58368,
            "best_effort_timestamp_time": "4.560000",
            "duration": 512,
            "duration_time": "0.040000",
            "pkt_pos": "11057741",
            "pkt_size": "67083",
            "width": 1920,
            "height": 1080,
            "crop_top": 0,
            "crop_bottom": 0,
            "crop_left": 0,
            "crop_right": 0,
            "pix_fmt": "yuv420p",
            "pict_type": "P",
            "interlaced_frame": 0,
            "top_field_first": 0,
            "lossless": 0,
            "repeat_pict": 0,
            "color_range": "tv",
            "color_space": "bt709",
            "chroma_location": "left"
        },
        {
            "media_type": "video",
            "stream_index": 0,
            "key_frame": 0,
            "pts": 58880,
            "pts_time": "4.600000",
            "pkt_dts": 58880,
            "pkt_dts_time": "4.600000",
            "best_effort_timestamp": 58880,
            "best_effort_timestamp_time": "4.600000",
            "duration": 512,
            "duration_time": "0.040000",
            "pkt_pos": "11124824",
            "pkt_size": "48516",
            "width": 1920,
            "height": 1080,
            "crop_top": 0,
            "crop_bottom": 0,
            "crop_left": 0,
            "crop_right": 0,
            "pix_fmt": "yuv420p",
            "pict_type": "P",
            "interlaced_frame": 0,
            "top_field_first": 0,
            "lossless": 0,
            "repeat_pict": 0,
            "color_range": "tv",
            "color_space": "bt709",
            "chroma_location": "left"
        },
        {
            "media_type": "video",
            "stream_index": 0,
            "key_frame": 0,
            "pts": 59392,
            "pts_time": "4.640000",
            "pkt_dts": 59392,
            "pkt_dts_time": "4.640000",
            "best_effort_timestamp": 59392,
            "best_effort_timestamp_time": "4.640000",
            "duration": 512,
            "duration_time": "0.040000",
            "pkt_pos": "11173340",
            "pkt_size": "49408",
            "width": 1920,
            "height": 1080,
            "crop_top": 0,
            "crop_bottom": 0,
            "crop_left": 0,
            "crop_right": 0,
            "pix_fmt": "yuv420p",
            "pict_type": "P",
            "interlaced_frame": 0,
            "top_field_first": 0,
            "lossless": 0,
            "repeat_pict": 0,
            "color_range": "tv",
            "color_space": "bt709",
            "chroma_location": "left"
        },
        {
            "media_type": "video",
            "stream_index": 0,
            "key_frame": 0,
            "pts": 59904,
            "pts_time": "4.680000",
            "pkt_dts": 59904,
            "pkt_dts_time": "4.680000",
            "best_effort_timestamp": 59904,
            "best_effort_timestamp_time": "4.680000",
            "duration": 512,
            "duration_time": "0.040000",
            "pkt_pos": "11222748",
            "pkt_size": "31458",
            "width": 1920,
            "height": 1080,
            "crop_top": 0,
            "crop_bottom": 0,
            "crop_left": 0,
            "crop_right": 0,
            "pix_fmt": "yuv420p",
            "pict_type": "P",
            "interlaced_frame": 0,
            "top_field_first": 0,
            "lossless": 0,
            "repeat_pict": 0,
            "color_range": "tv",
            "color_space": "bt709",
            "chroma_location": "left"
        },
        {
            "media_type": "video",
            "stream_index": 0,
            "key_frame": 0,
            "pts": 60416,
            "pts_time": "4.720000",
            "pkt_dts": 60416,
            "pkt_dts_time": "4.720000",
            "best_effort_timestamp": 60416,
            "best_effort_timestamp_time": "4.720000",
            "duration": 512,
            "duration_time": "0.040000",
            "pkt_pos": "11254206",
            "pkt_size": "42139",
            "width": 1920,
            "height": 1080,
            "crop_top": 0,
            "crop_bottom": 0,
            "crop_left": 0,
            "crop_right": 0,
            "pix_fmt": "yuv420p",
            "pict_type": "P",
            "interlaced_frame": 0,
            "top_field_first": 0,
            "lossless": 0,
            "repeat_pict": 0,
            "color_range": "tv",
            "color_space": "bt709",
            "chroma_location": "left"
        },
        {
            "media_type": "video",
            "stream_index": 0,
            "key_frame": 0,
            "pts": 60928,
            "pts_time": "4.760000",
            "pkt_dts": 60928,
            "pkt_dts_time": "4.760000",
            "best_effort_timestamp": 60928,
            "best_effort_timestamp_time": "4.760000",
            "duration": 512,
            "duration_time": "0.040000",
            "pkt_pos": "11296345",
            "pkt_size": "27922",
            "width": 1920,
            "height": 1080,
            "crop_top": 0,
            "crop_bottom": 0,
            "crop_left": 0,
            "crop_right": 0,
            "pix_fmt": "yuv420p",
            "pict_type": "P",
            "interlaced_frame": 0,
            "top_field_first": 0,
            "lossless": 0,
            "repeat_pict": 0,
            "color_range": "tv",
            "color_space": "bt709",
            "chroma_location": "left"
        },
        {
            "media_type": "video",
            "stream_index": 0,
            "key_frame": 1,
            "pts": 61440,
            "pts_time": "4.800000",
            "pkt_dts": 61440,
            "pkt_dts_time": "4.800000",
            "best_effort_timestamp": 61440,
            "best_effort_timestamp_time": "4.800000",
            "duration": 512,
            "duration_time": "0.040000",
            "pkt_pos": "11324267",
            "pkt_size": "573666",
            "width": 1920,
            "height": 1080,
            "crop_top": 0,
            "crop_bottom": 0,
            "crop_left": 0,
            "crop_right": 0,
            "pix_fmt": "yuv420p",
            "pict_type": "I",
            "interlaced_frame": 0,
            "top_field_first": 0,
            "lossless": 0,
            "repeat_pict": 0,
            "color_range": "tv",
            "color_space": "bt709",
            "chroma_location": "left",
            "side_data_list": [
                {
                    "side_data_type": "H.26[45] User Data Unregistered SEI message"
                }
            ]
        },
        {
            "media_type": "video",
            "stream_index": 0,
            "key_frame": 0,
            "pts": 61952,
            "pts_time": "4.840000",
            "pkt_dts": 61952,
            "pkt_dts_time": "4.840000",
            "best_effort_timestamp": 61952,
            "best_effort_timestamp_time": "4.840000",
            "duration": 512,
            "duration_time": "0.040000",
            "pkt_pos": "11897933",
            "pkt_size": "32165",
            "width": 1920,
            "height": 1080,
            "crop_top": 0,
            "crop_bottom": 0,
            "crop_left": 0,
            "crop_right": 0,
            "pix_fmt": "yuv420p",
            "pict_type": "P",
            "interlaced_frame": 0,
            "top_field_first": 0,
            "lossless": 0,
            "repeat_pict": 0,
            "color_range": "tv",
            "color_space": "bt709",
            "chroma_location": "left"
        },
        {
            "media_type": "video",
            "stream_index": 0,
            "key_frame": 0,
            "pts": 62464,
            "pts_time": "4.880000",
            "pkt_dts": 62464,
            "pkt_dts_time": "4.880000",
            "best_effort_timestamp": 62464,
            "best_effort_timestamp_time": "4.880000",
            "duration": 512,
            "duration_time": "0.040000",
            "pkt_pos": "11930098",
            "pkt_size": "49724",
            "width": 1920,
            "height": 1080,
            "crop_top": 0,
            "crop_bottom": 0,
            "crop_left": 0,
            "crop_right": 0,
            "pix_fmt": "yuv420p",
            "pict_type": "P",
            "interlaced_frame": 0,
            "top_field_first": 0,
            "lossless": 0,
            "repeat_pict": 0,
            "color_range": "tv",
            "color_space": "bt709",
            "chroma_location": "left"
        },
        {
            "media_type": "video",
            "stream_index": 0,
            "key_frame": 0,
            "pts": 62976,
            "pts_time": "4.920000",
            "pkt_dts": 62976,
            "pkt_dts_time": "4.920000",
            "best_effort_timestamp": 62976,
            "best_effort_timestamp_time": "4.920000",
            "duration": 512,
            "duration_time": "0.040000",
            "pkt_pos": "11979822",
            "pkt_size": "23477",
            "width": 1920,
            "height": 1080,
            "crop_top": 0,
            "crop_bottom": 0,
            "crop_left": 0,
            "crop_right": 0,
            "pix_fmt": "yuv420p",
            "pict_type": "P",
            "interlaced_frame": 0,
            "top_field_first": 0,
            "lossless": 0,
            "repeat_pict": 0,
            "color_range": "tv",
            "color_space": "bt709",
            "chroma_location": "left"
        },
        {
            "media_type": "video",
            "stream_index": 0,
            "key_frame": 0,
            "pts": 63488,
            "pts_time": "4.960000",
            "pkt_dts": 63488,
            "pkt_dts_time": "4.960000",
            "best_effort_timestamp": 63488,
            "best_effort_timestamp_time": "4.960000",
            "duration": 512,
            "duration_time": "0.040000",
            "pkt_pos": "12003299",
            "pkt_size": "21380",
            "width": 1920,
            "height": 1080,
            "crop_top": 0,
            "crop_bottom": 0,
            "crop_left": 0,
            "crop_right": 0,
            "pix_fmt": "yuv420p",
            "pict_type": "P",
            "interlaced_frame": 0,
            "top_field_first": 0,
            "lossless": 0,
            "repeat_pict": 0,
            "color_range": "tv",
            "color_space": "bt709",
            "chroma_location": "left"
        },
        {
            "media_type": "video",
            "stream_index": 0,
            "key_frame": 0,
            "pts": 64000,
            "pts_time": "5.000000",
            "pkt_dts": 64000,
            "pkt_dts_time": "5.000000",
            "best_effort_timestamp": 64000,
            "best_effort_timestamp_time": "5.000000",
            "duration": 512,
            "duration_time": "0.040000",
            "pkt_pos": "12024679",
            "pkt_size": "16569",
            "width": 1920,
            "height": 1080,
            "crop_top": 0,
            "crop_bottom": 0,
            "crop_left": 0,
            "crop_right": 0,
            "pix_fmt": "yuv420p",
            "pict_type": "P",
            "interlaced_frame": 0,
            "top_field_first": 0,
            "lossless": 0,
            "repeat_pict": 0,
            "color_range": "tv",
            "color_space": "bt709",
            "chroma_location": "left"
        },
        {
            "media_type": "video",
            "stream_index": 0,
            "key_frame": 0,
            "pts": 64512,
            "pts_time": "5.040000",
            "pkt_dts": 64512,
            "pkt_dts_time": "5.040000",
            "best_effort_timestamp": 64512,
            "best_effort_timestamp_time": "5.040000",
            "duration": 512,
            "duration_time": "0.040000",
            "pkt_pos": "12041248",
            "pkt_size": "11157",
            "width": 1920,
            "height": 1080,
            "crop_top": 0,
            "crop_bottom": 0,
            "crop_left": 0,
            "crop_right": 0,
            "pix_fmt": "yuv420p",
            "pict_type": "P",
            "interlaced_frame": 0,
            "top_field_first": 0,
            "lossless": 0,
            "repeat_pict": 0,
            "color_range": "tv",
            "color_space": "bt709",
            "chroma_location": "left"
        },
        {
            "media_type": "video",
            "stream_index": 0,
            "key_frame": 0,
            "pts": 65024,
            "pts_time": "5.080000",
            "pkt_dts": 65024,
            "pkt_dts_time": "5.080000",
            "best_effort_timestamp": 65024,
            "best_effort_timestamp_time": "5.080000",
            "duration": 512,
            "duration_time": "0.040000",
            "pkt_pos": "12052405",
            "pkt_size": "12688",
            "width": 1920,
            "height": 1080,
            "crop_top": 0,
            "crop_bottom": 0,
            "crop_left": 0,
            "crop_right": 0,
            "pix_fmt": "yuv420p",
            "pict_type": "P",
            "interlaced_frame": 0,
            "top_field_first": 0,
            "lossless": 0,
            "repeat_pict": 0,
            "color_range": "tv",
            "color_space": "bt709",
            "chroma_location": "left"
        },
        {
            "media_type": "video",
            "stream_index": 0,
            "key_frame": 0,
            "pts": 65536,
            "pts_time": "5.120000",
            "pkt_dts": 65536,
            "pkt_dts_time": "5.120000",
            "best_effort_timestamp": 65536,
            "best_effort_timestamp_time": "5.120000",
            "duration": 512,
            "duration_time": "0.040000",
            "pkt_pos": "12065093",
            "pkt_size": "14356",
            "width": 1920,
            "height": 1080,
            "crop_top": 0,
            "crop_bottom": 0,
            "crop_left": 0,
            "crop_right": 0,
            "pix_fmt": "yuv420p",
            "pict_type": "P",
            "interlaced_frame": 0,
            "top_field_first": 0,
            "lossless": 0,
            "repeat_pict": 0,
            "color_range": "tv",
            "color_space": "bt709",
            "chroma_location": "left"
        }
    ],
    "streams": [
        {
            "index": 0,
            "codec_name": "h264",
            "codec_long_name": "H.264 / AVC / MPEG-4 AVC / MPEG-4 part 10",
            "profile": "High",
            "codec_type": "video",
            "codec_tag_string": "avc1",
            "codec_tag": "0x31637661",
            "mime_codec_string": "avc1.640028",
            "width": 1920,
            "height": 1080,
            "coded_width": 1920,
            "coded_height": 1088,
            "has_b_frames": 0,
            "pix_fmt": "yuv420p",
            "level": 40,
            "color_range": "tv",
            "color_space": "bt709",
            "chroma_location": "left",
            "field_order": "progressive",
            "refs": 1,
            "is_avc": "true",
            "nal_length_size": "4",
            "id": "0x1",
            "r_frame_rate": "25/1",
            "avg_frame_rate": "25/1",
            "time_base": "1/12800",
            "start_pts": 0,
            "start_time": "0.000000",
            "duration_ts": 66048,
            "duration": "5.160000",
            "bit_rate": "18725379",
            "bits_per_raw_sample": "8",
            "nb_frames": "129",
            "nb_read_frames": "129",
            "extradata_size": 35,
            "disposition": {
                "default": 1,
                "dub": 0,
                "original": 0,
                "comment": 0,
                "lyrics": 0,
                "karaoke": 0,
                "forced": 0,
                "hearing_impaired": 0,
                "visual_impaired": 0,
                "clean_effects": 0,
                "attached_pic": 0,
                "timed_thumbnails": 0,
                "non_diegetic": 0,
                "captions": 0,
                "descriptions": 0,
                "metadata": 0,
                "dependent": 0,
                "still_image": 0,
                "multilayer": 0
            },
            "tags": {
                "language": "und",
                "handler_name": "VideoHandler",
                "encoder": "Lavc63.1.101 h264_videotoolbox"
            }
        }
    ],
    "format": {
        "filename": "/Users/marcoandreose/DEV/lab/melotrail/docs/pictures/video/evidence/VG2-24/breath-outlines-20261002T130040Z/fixed-cabin-recovery/review/tabi-drink-fixed-cabin-comfy-1080p.mp4",
        "nb_streams": 1,
        "nb_programs": 0,
        "nb_stream_groups": 0,
        "format_name": "mov,mp4,m4a,3gp,3g2,mj2",
        "format_long_name": "QuickTime / MOV",
        "start_time": "0.000000",
        "duration": "5.160000",
        "size": "12079449",
        "bit_rate": "18727827",
        "probe_score": 100,
        "tags": {
            "major_brand": "isom",
            "minor_version": "512",
            "compatible_brands": "isomiso2avc1mp41",
            "encoder": "Lavf63.1.101"
        }
    }
}
OWNED_MEDIA_ELAPSED=PT0.729258458S
