{
    "frames": [
        {
            "media_type": "video",
            "stream_index": 0,
            "key_frame": 1,
            "pts": 0,
            "pts_time": "0.000000",
            "pkt_dts": 0,
            "pkt_dts_time": "0.000000",
            "best_effort_timestamp": 0,
            "best_effort_timestamp_time": "0.000000",
            "duration": 512,
            "duration_time": "0.040000",
            "pkt_pos": "3030",
            "pkt_size": "413564",
            "width": 1920,
            "height": 1080,
            "crop_top": 0,
            "crop_bottom": 0,
            "crop_left": 0,
            "crop_right": 0,
            "pix_fmt": "yuv420p",
            "pict_type": "I",
            "interlaced_frame": 0,
            "top_field_first": 0,
            "lossless": 0,
            "repeat_pict": 0,
            "color_range": "tv",
            "color_space": "bt709",
            "color_primaries": "bt709",
            "color_transfer": "iec61966-2-1",
            "chroma_location": "left",
            "side_data_list": [
                {
                    "side_data_type": "H.26[45] User Data Unregistered SEI message"
                }
            ]
        },
        {
            "media_type": "video",
            "stream_index": 0,
            "key_frame": 0,
            "pts": 512,
            "pts_time": "0.040000",
            "pkt_dts": 512,
            "pkt_dts_time": "0.040000",
            "best_effort_timestamp": 512,
            "best_effort_timestamp_time": "0.040000",
            "duration": 512,
            "duration_time": "0.040000",
            "pkt_pos": "636966",
            "pkt_size": "4417",
            "width": 1920,
            "height": 1080,
            "crop_top": 0,
            "crop_bottom": 0,
            "crop_left": 0,
            "crop_right": 0,
            "pix_fmt": "yuv420p",
            "pict_type": "B",
            "interlaced_frame": 0,
            "top_field_first": 0,
            "lossless": 0,
            "repeat_pict": 0,
            "color_range": "tv",
            "color_space": "bt709",
            "color_primaries": "bt709",
            "color_transfer": "iec61966-2-1",
            "chroma_location": "left"
        },
        {
            "media_type": "video",
            "stream_index": 0,
            "key_frame": 0,
            "pts": 1024,
            "pts_time": "0.080000",
            "pkt_dts": 1024,
            "pkt_dts_time": "0.080000",
            "best_effort_timestamp": 1024,
            "best_effort_timestamp_time": "0.080000",
            "duration": 512,
            "duration_time": "0.040000",
            "pkt_pos": "606546",
            "pkt_size": "30420",
            "width": 1920,
            "height": 1080,
            "crop_top": 0,
            "crop_bottom": 0,
            "crop_left": 0,
            "crop_right": 0,
            "pix_fmt": "yuv420p",
            "pict_type": "B",
            "interlaced_frame": 0,
            "top_field_first": 0,
            "lossless": 0,
            "repeat_pict": 0,
            "color_range": "tv",
            "color_space": "bt709",
            "color_primaries": "bt709",
            "color_transfer": "iec61966-2-1",
            "chroma_location": "left"
        },
        {
            "media_type": "video",
            "stream_index": 0,
            "key_frame": 0,
            "pts": 1536,
            "pts_time": "0.120000",
            "pkt_dts": 1536,
            "pkt_dts_time": "0.120000",
            "best_effort_timestamp": 1536,
            "best_effort_timestamp_time": "0.120000",
            "duration": 512,
            "duration_time": "0.040000",
            "pkt_pos": "641383",
            "pkt_size": "5934",
            "width": 1920,
            "height": 1080,
            "crop_top": 0,
            "crop_bottom": 0,
            "crop_left": 0,
            "crop_right": 0,
            "pix_fmt": "yuv420p",
            "pict_type": "B",
            "interlaced_frame": 0,
            "top_field_first": 0,
            "lossless": 0,
            "repeat_pict": 0,
            "color_range": "tv",
            "color_space": "bt709",
            "color_primaries": "bt709",
            "color_transfer": "iec61966-2-1",
            "chroma_location": "left"
        },
        {
            "media_type": "video",
            "stream_index": 0,
            "key_frame": 0,
            "pts": 2048,
            "pts_time": "0.160000",
            "pkt_dts": 2048,
            "pkt_dts_time": "0.160000",
            "best_effort_timestamp": 2048,
            "best_effort_timestamp_time": "0.160000",
            "duration": 512,
            "duration_time": "0.040000",
            "pkt_pos": "416594",
            "pkt_size": "189952",
            "width": 1920,
            "height": 1080,
            "crop_top": 0,
            "crop_bottom": 0,
            "crop_left": 0,
            "crop_right": 0,
            "pix_fmt": "yuv420p",
            "pict_type": "P",
            "interlaced_frame": 0,
            "top_field_first": 0,
            "lossless": 0,
            "repeat_pict": 0,
            "color_range": "tv",
            "color_space": "bt709",
            "color_primaries": "bt709",
            "color_transfer": "iec61966-2-1",
            "chroma_location": "left"
        },
        {
            "media_type": "video",
            "stream_index": 0,
            "key_frame": 0,
            "pts": 2560,
            "pts_time": "0.200000",
            "pkt_dts": 2560,
            "pkt_dts_time": "0.200000",
            "best_effort_timestamp": 2560,
            "best_effort_timestamp_time": "0.200000",
            "duration": 512,
            "duration_time": "0.040000",
            "pkt_pos": "782884",
            "pkt_size": "7430",
            "width": 1920,
            "height": 1080,
            "crop_top": 0,
            "crop_bottom": 0,
            "crop_left": 0,
            "crop_right": 0,
            "pix_fmt": "yuv420p",
            "pict_type": "B",
            "interlaced_frame": 0,
            "top_field_first": 0,
            "lossless": 0,
            "repeat_pict": 0,
            "color_range": "tv",
            "color_space": "bt709",
            "color_primaries": "bt709",
            "color_transfer": "iec61966-2-1",
            "chroma_location": "left"
        },
        {
            "media_type": "video",
            "stream_index": 0,
            "key_frame": 0,
            "pts": 3072,
            "pts_time": "0.240000",
            "pkt_dts": 3072,
            "pkt_dts_time": "0.240000",
            "best_effort_timestamp": 3072,
            "best_effort_timestamp_time": "0.240000",
            "duration": 512,
            "duration_time": "0.040000",
            "pkt_pos": "755164",
            "pkt_size": "27720",
            "width": 1920,
            "height": 1080,
            "crop_top": 0,
            "crop_bottom": 0,
            "crop_left": 0,
            "crop_right": 0,
            "pix_fmt": "yuv420p",
            "pict_type": "B",
            "interlaced_frame": 0,
            "top_field_first": 0,
            "lossless": 0,
            "repeat_pict": 0,
            "color_range": "tv",
            "color_space": "bt709",
            "color_primaries": "bt709",
            "color_transfer": "iec61966-2-1",
            "chroma_location": "left"
        },
        {
            "media_type": "video",
            "stream_index": 0,
            "key_frame": 0,
            "pts": 3584,
            "pts_time": "0.280000",
            "pkt_dts": 3584,
            "pkt_dts_time": "0.280000",
            "best_effort_timestamp": 3584,
            "best_effort_timestamp_time": "0.280000",
            "duration": 512,
            "duration_time": "0.040000",
            "pkt_pos": "790314",
            "pkt_size": "8761",
            "width": 1920,
            "height": 1080,
            "crop_top": 0,
            "crop_bottom": 0,
            "crop_left": 0,
            "crop_right": 0,
            "pix_fmt": "yuv420p",
            "pict_type": "B",
            "interlaced_frame": 0,
            "top_field_first": 0,
            "lossless": 0,
            "repeat_pict": 0,
            "color_range": "tv",
            "color_space": "bt709",
            "color_primaries": "bt709",
            "color_transfer": "iec61966-2-1",
            "chroma_location": "left"
        },
        {
            "media_type": "video",
            "stream_index": 0,
            "key_frame": 0,
            "pts": 4096,
            "pts_time": "0.320000",
            "pkt_dts": 4096,
            "pkt_dts_time": "0.320000",
            "best_effort_timestamp": 4096,
            "best_effort_timestamp_time": "0.320000",
            "duration": 512,
            "duration_time": "0.040000",
            "pkt_pos": "647317",
            "pkt_size": "107847",
            "width": 1920,
            "height": 1080,
            "crop_top": 0,
            "crop_bottom": 0,
            "crop_left": 0,
            "crop_right": 0,
            "pix_fmt": "yuv420p",
            "pict_type": "P",
            "interlaced_frame": 0,
            "top_field_first": 0,
            "lossless": 0,
            "repeat_pict": 0,
            "color_range": "tv",
            "color_space": "bt709",
            "color_primaries": "bt709",
            "color_transfer": "iec61966-2-1",
            "chroma_location": "left"
        },
        {
            "media_type": "video",
            "stream_index": 0,
            "key_frame": 0,
            "pts": 4608,
            "pts_time": "0.360000",
            "pkt_dts": 4608,
            "pkt_dts_time": "0.360000",
            "best_effort_timestamp": 4608,
            "best_effort_timestamp_time": "0.360000",
            "duration": 512,
            "duration_time": "0.040000",
            "pkt_pos": "915183",
            "pkt_size": "8261",
            "width": 1920,
            "height": 1080,
            "crop_top": 0,
            "crop_bottom": 0,
            "crop_left": 0,
            "crop_right": 0,
            "pix_fmt": "yuv420p",
            "pict_type": "B",
            "interlaced_frame": 0,
            "top_field_first": 0,
            "lossless": 0,
            "repeat_pict": 0,
            "color_range": "tv",
            "color_space": "bt709",
            "color_primaries": "bt709",
            "color_transfer": "iec61966-2-1",
            "chroma_location": "left"
        },
        {
            "media_type": "video",
            "stream_index": 0,
            "key_frame": 0,
            "pts": 5120,
            "pts_time": "0.400000",
            "pkt_dts": 5120,
            "pkt_dts_time": "0.400000",
            "best_effort_timestamp": 5120,
            "best_effort_timestamp_time": "0.400000",
            "duration": 512,
            "duration_time": "0.040000",
            "pkt_pos": "898101",
            "pkt_size": "17082",
            "width": 1920,
            "height": 1080,
            "crop_top": 0,
            "crop_bottom": 0,
            "crop_left": 0,
            "crop_right": 0,
            "pix_fmt": "yuv420p",
            "pict_type": "B",
            "interlaced_frame": 0,
            "top_field_first": 0,
            "lossless": 0,
            "repeat_pict": 0,
            "color_range": "tv",
            "color_space": "bt709",
            "color_primaries": "bt709",
            "color_transfer": "iec61966-2-1",
            "chroma_location": "left"
        },
        {
            "media_type": "video",
            "stream_index": 0,
            "key_frame": 0,
            "pts": 5632,
            "pts_time": "0.440000",
            "pkt_dts": 5632,
            "pkt_dts_time": "0.440000",
            "best_effort_timestamp": 5632,
            "best_effort_timestamp_time": "0.440000",
            "duration": 512,
            "duration_time": "0.040000",
            "pkt_pos": "923444",
            "pkt_size": "6835",
            "width": 1920,
            "height": 1080,
            "crop_top": 0,
            "crop_bottom": 0,
            "crop_left": 0,
            "crop_right": 0,
            "pix_fmt": "yuv420p",
            "pict_type": "B",
            "interlaced_frame": 0,
            "top_field_first": 0,
            "lossless": 0,
            "repeat_pict": 0,
            "color_range": "tv",
            "color_space": "bt709",
            "color_primaries": "bt709",
            "color_transfer": "iec61966-2-1",
            "chroma_location": "left"
        },
        {
            "media_type": "video",
            "stream_index": 0,
            "key_frame": 0,
            "pts": 6144,
            "pts_time": "0.480000",
            "pkt_dts": 6144,
            "pkt_dts_time": "0.480000",
            "best_effort_timestamp": 6144,
            "best_effort_timestamp_time": "0.480000",
            "duration": 512,
            "duration_time": "0.040000",
            "pkt_pos": "799075",
            "pkt_size": "99026",
            "width": 1920,
            "height": 1080,
            "crop_top": 0,
            "crop_bottom": 0,
            "crop_left": 0,
            "crop_right": 0,
            "pix_fmt": "yuv420p",
            "pict_type": "P",
            "interlaced_frame": 0,
            "top_field_first": 0,
            "lossless": 0,
            "repeat_pict": 0,
            "color_range": "tv",
            "color_space": "bt709",
            "color_primaries": "bt709",
            "color_transfer": "iec61966-2-1",
            "chroma_location": "left"
        },
        {
            "media_type": "video",
            "stream_index": 0,
            "key_frame": 0,
            "pts": 6656,
            "pts_time": "0.520000",
            "pkt_dts": 6656,
            "pkt_dts_time": "0.520000",
            "best_effort_timestamp": 6656,
            "best_effort_timestamp_time": "0.520000",
            "duration": 512,
            "duration_time": "0.040000",
            "pkt_pos": "1029858",
            "pkt_size": "7522",
            "width": 1920,
            "height": 1080,
            "crop_top": 0,
            "crop_bottom": 0,
            "crop_left": 0,
            "crop_right": 0,
            "pix_fmt": "yuv420p",
            "pict_type": "B",
            "interlaced_frame": 0,
            "top_field_first": 0,
            "lossless": 0,
            "repeat_pict": 0,
            "color_range": "tv",
            "color_space": "bt709",
            "color_primaries": "bt709",
            "color_transfer": "iec61966-2-1",
            "chroma_location": "left"
        },
        {
            "media_type": "video",
            "stream_index": 0,
            "key_frame": 0,
            "pts": 7168,
            "pts_time": "0.560000",
            "pkt_dts": 7168,
            "pkt_dts_time": "0.560000",
            "best_effort_timestamp": 7168,
            "best_effort_timestamp_time": "0.560000",
            "duration": 512,
            "duration_time": "0.040000",
            "pkt_pos": "1014740",
            "pkt_size": "15118",
            "width": 1920,
            "height": 1080,
            "crop_top": 0,
            "crop_bottom": 0,
            "crop_left": 0,
            "crop_right": 0,
            "pix_fmt": "yuv420p",
            "pict_type": "B",
            "interlaced_frame": 0,
            "top_field_first": 0,
            "lossless": 0,
            "repeat_pict": 0,
            "color_range": "tv",
            "color_space": "bt709",
            "color_primaries": "bt709",
            "color_transfer": "iec61966-2-1",
            "chroma_location": "left"
        },
        {
            "media_type": "video",
            "stream_index": 0,
            "key_frame": 0,
            "pts": 7680,
            "pts_time": "0.600000",
            "pkt_dts": 7680,
            "pkt_dts_time": "0.600000",
            "best_effort_timestamp": 7680,
            "best_effort_timestamp_time": "0.600000",
            "duration": 512,
            "duration_time": "0.040000",
            "pkt_pos": "1037380",
            "pkt_size": "7910",
            "width": 1920,
            "height": 1080,
            "crop_top": 0,
            "crop_bottom": 0,
            "crop_left": 0,
            "crop_right": 0,
            "pix_fmt": "yuv420p",
            "pict_type": "B",
            "interlaced_frame": 0,
            "top_field_first": 0,
            "lossless": 0,
            "repeat_pict": 0,
            "color_range": "tv",
            "color_space": "bt709",
            "color_primaries": "bt709",
            "color_transfer": "iec61966-2-1",
            "chroma_location": "left"
        },
        {
            "media_type": "video",
            "stream_index": 0,
            "key_frame": 0,
            "pts": 8192,
            "pts_time": "0.640000",
            "pkt_dts": 8192,
            "pkt_dts_time": "0.640000",
            "best_effort_timestamp": 8192,
            "best_effort_timestamp_time": "0.640000",
            "duration": 512,
            "duration_time": "0.040000",
            "pkt_pos": "930279",
            "pkt_size": "84461",
            "width": 1920,
            "height": 1080,
            "crop_top": 0,
            "crop_bottom": 0,
            "crop_left": 0,
            "crop_right": 0,
            "pix_fmt": "yuv420p",
            "pict_type": "P",
            "interlaced_frame": 0,
            "top_field_first": 0,
            "lossless": 0,
            "repeat_pict": 0,
            "color_range": "tv",
            "color_space": "bt709",
            "color_primaries": "bt709",
            "color_transfer": "iec61966-2-1",
            "chroma_location": "left"
        },
        {
            "media_type": "video",
            "stream_index": 0,
            "key_frame": 0,
            "pts": 8704,
            "pts_time": "0.680000",
            "pkt_dts": 8704,
            "pkt_dts_time": "0.680000",
            "best_effort_timestamp": 8704,
            "best_effort_timestamp_time": "0.680000",
            "duration": 512,
            "duration_time": "0.040000",
            "pkt_pos": "1144541",
            "pkt_size": "7582",
            "width": 1920,
            "height": 1080,
            "crop_top": 0,
            "crop_bottom": 0,
            "crop_left": 0,
            "crop_right": 0,
            "pix_fmt": "yuv420p",
            "pict_type": "B",
            "interlaced_frame": 0,
            "top_field_first": 0,
            "lossless": 0,
            "repeat_pict": 0,
            "color_range": "tv",
            "color_space": "bt709",
            "color_primaries": "bt709",
            "color_transfer": "iec61966-2-1",
            "chroma_location": "left"
        },
        {
            "media_type": "video",
            "stream_index": 0,
            "key_frame": 0,
            "pts": 9216,
            "pts_time": "0.720000",
            "pkt_dts": 9216,
            "pkt_dts_time": "0.720000",
            "best_effort_timestamp": 9216,
            "best_effort_timestamp_time": "0.720000",
            "duration": 512,
            "duration_time": "0.040000",
            "pkt_pos": "1130073",
            "pkt_size": "14468",
            "width": 1920,
            "height": 1080,
            "crop_top": 0,
            "crop_bottom": 0,
            "crop_left": 0,
            "crop_right": 0,
            "pix_fmt": "yuv420p",
            "pict_type": "B",
            "interlaced_frame": 0,
            "top_field_first": 0,
            "lossless": 0,
            "repeat_pict": 0,
            "color_range": "tv",
            "color_space": "bt709",
            "color_primaries": "bt709",
            "color_transfer": "iec61966-2-1",
            "chroma_location": "left"
        },
        {
            "media_type": "video",
            "stream_index": 0,
            "key_frame": 0,
            "pts": 9728,
            "pts_time": "0.760000",
            "pkt_dts": 9728,
            "pkt_dts_time": "0.760000",
            "best_effort_timestamp": 9728,
            "best_effort_timestamp_time": "0.760000",
            "duration": 512,
            "duration_time": "0.040000",
            "pkt_pos": "1152123",
            "pkt_size": "7260",
            "width": 1920,
            "height": 1080,
            "crop_top": 0,
            "crop_bottom": 0,
            "crop_left": 0,
            "crop_right": 0,
            "pix_fmt": "yuv420p",
            "pict_type": "B",
            "interlaced_frame": 0,
            "top_field_first": 0,
            "lossless": 0,
            "repeat_pict": 0,
            "color_range": "tv",
            "color_space": "bt709",
            "color_primaries": "bt709",
            "color_transfer": "iec61966-2-1",
            "chroma_location": "left"
        },
        {
            "media_type": "video",
            "stream_index": 0,
            "key_frame": 0,
            "pts": 10240,
            "pts_time": "0.800000",
            "pkt_dts": 10240,
            "pkt_dts_time": "0.800000",
            "best_effort_timestamp": 10240,
            "best_effort_timestamp_time": "0.800000",
            "duration": 512,
            "duration_time": "0.040000",
            "pkt_pos": "1045290",
            "pkt_size": "84783",
            "width": 1920,
            "height": 1080,
            "crop_top": 0,
            "crop_bottom": 0,
            "crop_left": 0,
            "crop_right": 0,
            "pix_fmt": "yuv420p",
            "pict_type": "P",
            "interlaced_frame": 0,
            "top_field_first": 0,
            "lossless": 0,
            "repeat_pict": 0,
            "color_range": "tv",
            "color_space": "bt709",
            "color_primaries": "bt709",
            "color_transfer": "iec61966-2-1",
            "chroma_location": "left"
        },
        {
            "media_type": "video",
            "stream_index": 0,
            "key_frame": 0,
            "pts": 10752,
            "pts_time": "0.840000",
            "pkt_dts": 10752,
            "pkt_dts_time": "0.840000",
            "best_effort_timestamp": 10752,
            "best_effort_timestamp_time": "0.840000",
            "duration": 512,
            "duration_time": "0.040000",
            "pkt_pos": "1355402",
            "pkt_size": "3859",
            "width": 1920,
            "height": 1080,
            "crop_top": 0,
            "crop_bottom": 0,
            "crop_left": 0,
            "crop_right": 0,
            "pix_fmt": "yuv420p",
            "pict_type": "B",
            "interlaced_frame": 0,
            "top_field_first": 0,
            "lossless": 0,
            "repeat_pict": 0,
            "color_range": "tv",
            "color_space": "bt709",
            "color_primaries": "bt709",
            "color_transfer": "iec61966-2-1",
            "chroma_location": "left"
        },
        {
            "media_type": "video",
            "stream_index": 0,
            "key_frame": 0,
            "pts": 11264,
            "pts_time": "0.880000",
            "pkt_dts": 11264,
            "pkt_dts_time": "0.880000",
            "best_effort_timestamp": 11264,
            "best_effort_timestamp_time": "0.880000",
            "duration": 512,
            "duration_time": "0.040000",
            "pkt_pos": "1333877",
            "pkt_size": "21525",
            "width": 1920,
            "height": 1080,
            "crop_top": 0,
            "crop_bottom": 0,
            "crop_left": 0,
            "crop_right": 0,
            "pix_fmt": "yuv420p",
            "pict_type": "B",
            "interlaced_frame": 0,
            "top_field_first": 0,
            "lossless": 0,
            "repeat_pict": 0,
            "color_range": "tv",
            "color_space": "bt709",
            "color_primaries": "bt709",
            "color_transfer": "iec61966-2-1",
            "chroma_location": "left"
        },
        {
            "media_type": "video",
            "stream_index": 0,
            "key_frame": 0,
            "pts": 11776,
            "pts_time": "0.920000",
            "pkt_dts": 11776,
            "pkt_dts_time": "0.920000",
            "best_effort_timestamp": 11776,
            "best_effort_timestamp_time": "0.920000",
            "duration": 512,
            "duration_time": "0.040000",
            "pkt_pos": "1359261",
            "pkt_size": "3510",
            "width": 1920,
            "height": 1080,
            "crop_top": 0,
            "crop_bottom": 0,
            "crop_left": 0,
            "crop_right": 0,
            "pix_fmt": "yuv420p",
            "pict_type": "B",
            "interlaced_frame": 0,
            "top_field_first": 0,
            "lossless": 0,
            "repeat_pict": 0,
            "color_range": "tv",
            "color_space": "bt709",
            "color_primaries": "bt709",
            "color_transfer": "iec61966-2-1",
            "chroma_location": "left"
        },
        {
            "media_type": "video",
            "stream_index": 0,
            "key_frame": 0,
            "pts": 12288,
            "pts_time": "0.960000",
            "pkt_dts": 12288,
            "pkt_dts_time": "0.960000",
            "best_effort_timestamp": 12288,
            "best_effort_timestamp_time": "0.960000",
            "duration": 512,
            "duration_time": "0.040000",
            "pkt_pos": "1159383",
            "pkt_size": "174494",
            "width": 1920,
            "height": 1080,
            "crop_top": 0,
            "crop_bottom": 0,
            "crop_left": 0,
            "crop_right": 0,
            "pix_fmt": "yuv420p",
            "pict_type": "P",
            "interlaced_frame": 0,
            "top_field_first": 0,
            "lossless": 0,
            "repeat_pict": 0,
            "color_range": "tv",
            "color_space": "bt709",
            "color_primaries": "bt709",
            "color_transfer": "iec61966-2-1",
            "chroma_location": "left"
        },
        {
            "media_type": "video",
            "stream_index": 0,
            "key_frame": 0,
            "pts": 12800,
            "pts_time": "1.000000",
            "pkt_dts": 12800,
            "pkt_dts_time": "1.000000",
            "best_effort_timestamp": 12800,
            "best_effort_timestamp_time": "1.000000",
            "duration": 512,
            "duration_time": "0.040000",
            "pkt_pos": "1665670",
            "pkt_size": "10146",
            "width": 1920,
            "height": 1080,
            "crop_top": 0,
            "crop_bottom": 0,
            "crop_left": 0,
            "crop_right": 0,
            "pix_fmt": "yuv420p",
            "pict_type": "B",
            "interlaced_frame": 0,
            "top_field_first": 0,
            "lossless": 0,
            "repeat_pict": 0,
            "color_range": "tv",
            "color_space": "bt709",
            "color_primaries": "bt709",
            "color_transfer": "iec61966-2-1",
            "chroma_location": "left"
        },
        {
            "media_type": "video",
            "stream_index": 0,
            "key_frame": 0,
            "pts": 13312,
            "pts_time": "1.040000",
            "pkt_dts": 13312,
            "pkt_dts_time": "1.040000",
            "best_effort_timestamp": 13312,
            "best_effort_timestamp_time": "1.040000",
            "duration": 512,
            "duration_time": "0.040000",
            "pkt_pos": "1592916",
            "pkt_size": "72754",
            "width": 1920,
            "height": 1080,
            "crop_top": 0,
            "crop_bottom": 0,
            "crop_left": 0,
            "crop_right": 0,
            "pix_fmt": "yuv420p",
            "pict_type": "B",
            "interlaced_frame": 0,
            "top_field_first": 0,
            "lossless": 0,
            "repeat_pict": 0,
            "color_range": "tv",
            "color_space": "bt709",
            "color_primaries": "bt709",
            "color_transfer": "iec61966-2-1",
            "chroma_location": "left"
        },
        {
            "media_type": "video",
            "stream_index": 0,
            "key_frame": 0,
            "pts": 13824,
            "pts_time": "1.080000",
            "pkt_dts": 13824,
            "pkt_dts_time": "1.080000",
            "best_effort_timestamp": 13824,
            "best_effort_timestamp_time": "1.080000",
            "duration": 512,
            "duration_time": "0.040000",
            "pkt_pos": "1675816",
            "pkt_size": "4496",
            "width": 1920,
            "height": 1080,
            "crop_top": 0,
            "crop_bottom": 0,
            "crop_left": 0,
            "crop_right": 0,
            "pix_fmt": "yuv420p",
            "pict_type": "B",
            "interlaced_frame": 0,
            "top_field_first": 0,
            "lossless": 0,
            "repeat_pict": 0,
            "color_range": "tv",
            "color_space": "bt709",
            "color_primaries": "bt709",
            "color_transfer": "iec61966-2-1",
            "chroma_location": "left"
        },
        {
            "media_type": "video",
            "stream_index": 0,
            "key_frame": 0,
            "pts": 14336,
            "pts_time": "1.120000",
            "pkt_dts": 14336,
            "pkt_dts_time": "1.120000",
            "best_effort_timestamp": 14336,
            "best_effort_timestamp_time": "1.120000",
            "duration": 512,
            "duration_time": "0.040000",
            "pkt_pos": "1362771",
            "pkt_size": "230145",
            "width": 1920,
            "height": 1080,
            "crop_top": 0,
            "crop_bottom": 0,
            "crop_left": 0,
            "crop_right": 0,
            "pix_fmt": "yuv420p",
            "pict_type": "P",
            "interlaced_frame": 0,
            "top_field_first": 0,
            "lossless": 0,
            "repeat_pict": 0,
            "color_range": "tv",
            "color_space": "bt709",
            "color_primaries": "bt709",
            "color_transfer": "iec61966-2-1",
            "chroma_location": "left"
        },
        {
            "media_type": "video",
            "stream_index": 0,
            "key_frame": 0,
            "pts": 14848,
            "pts_time": "1.160000",
            "pkt_dts": 14848,
            "pkt_dts_time": "1.160000",
            "best_effort_timestamp": 14848,
            "best_effort_timestamp_time": "1.160000",
            "duration": 512,
            "duration_time": "0.040000",
            "pkt_pos": "1874418",
            "pkt_size": "6660",
            "width": 1920,
            "height": 1080,
            "crop_top": 0,
            "crop_bottom": 0,
            "crop_left": 0,
            "crop_right": 0,
            "pix_fmt": "yuv420p",
            "pict_type": "B",
            "interlaced_frame": 0,
            "top_field_first": 0,
            "lossless": 0,
            "repeat_pict": 0,
            "color_range": "tv",
            "color_space": "bt709",
            "color_primaries": "bt709",
            "color_transfer": "iec61966-2-1",
            "chroma_location": "left"
        },
        {
            "media_type": "video",
            "stream_index": 0,
            "key_frame": 0,
            "pts": 15360,
            "pts_time": "1.200000",
            "pkt_dts": 15360,
            "pkt_dts_time": "1.200000",
            "best_effort_timestamp": 15360,
            "best_effort_timestamp_time": "1.200000",
            "duration": 512,
            "duration_time": "0.040000",
            "pkt_pos": "1853909",
            "pkt_size": "20509",
            "width": 1920,
            "height": 1080,
            "crop_top": 0,
            "crop_bottom": 0,
            "crop_left": 0,
            "crop_right": 0,
            "pix_fmt": "yuv420p",
            "pict_type": "B",
            "interlaced_frame": 0,
            "top_field_first": 0,
            "lossless": 0,
            "repeat_pict": 0,
            "color_range": "tv",
            "color_space": "bt709",
            "color_primaries": "bt709",
            "color_transfer": "iec61966-2-1",
            "chroma_location": "left"
        },
        {
            "media_type": "video",
            "stream_index": 0,
            "key_frame": 0,
            "pts": 15872,
            "pts_time": "1.240000",
            "pkt_dts": 15872,
            "pkt_dts_time": "1.240000",
            "best_effort_timestamp": 15872,
            "best_effort_timestamp_time": "1.240000",
            "duration": 512,
            "duration_time": "0.040000",
            "pkt_pos": "1881078",
            "pkt_size": "7417",
            "width": 1920,
            "height": 1080,
            "crop_top": 0,
            "crop_bottom": 0,
            "crop_left": 0,
            "crop_right": 0,
            "pix_fmt": "yuv420p",
            "pict_type": "B",
            "interlaced_frame": 0,
            "top_field_first": 0,
            "lossless": 0,
            "repeat_pict": 0,
            "color_range": "tv",
            "color_space": "bt709",
            "color_primaries": "bt709",
            "color_transfer": "iec61966-2-1",
            "chroma_location": "left"
        },
        {
            "media_type": "video",
            "stream_index": 0,
            "key_frame": 0,
            "pts": 16384,
            "pts_time": "1.280000",
            "pkt_dts": 16384,
            "pkt_dts_time": "1.280000",
            "best_effort_timestamp": 16384,
            "best_effort_timestamp_time": "1.280000",
            "duration": 512,
            "duration_time": "0.040000",
            "pkt_pos": "1680312",
            "pkt_size": "173597",
            "width": 1920,
            "height": 1080,
            "crop_top": 0,
            "crop_bottom": 0,
            "crop_left": 0,
            "crop_right": 0,
            "pix_fmt": "yuv420p",
            "pict_type": "P",
            "interlaced_frame": 0,
            "top_field_first": 0,
            "lossless": 0,
            "repeat_pict": 0,
            "color_range": "tv",
            "color_space": "bt709",
            "color_primaries": "bt709",
            "color_transfer": "iec61966-2-1",
            "chroma_location": "left"
        },
        {
            "media_type": "video",
            "stream_index": 0,
            "key_frame": 0,
            "pts": 16896,
            "pts_time": "1.320000",
            "pkt_dts": 16896,
            "pkt_dts_time": "1.320000",
            "best_effort_timestamp": 16896,
            "best_effort_timestamp_time": "1.320000",
            "duration": 512,
            "duration_time": "0.040000",
            "pkt_pos": "2025229",
            "pkt_size": "4972",
            "width": 1920,
            "height": 1080,
            "crop_top": 0,
            "crop_bottom": 0,
            "crop_left": 0,
            "crop_right": 0,
            "pix_fmt": "yuv420p",
            "pict_type": "B",
            "interlaced_frame": 0,
            "top_field_first": 0,
            "lossless": 0,
            "repeat_pict": 0,
            "color_range": "tv",
            "color_space": "bt709",
            "color_primaries": "bt709",
            "color_transfer": "iec61966-2-1",
            "chroma_location": "left"
        },
        {
            "media_type": "video",
            "stream_index": 0,
            "key_frame": 0,
            "pts": 17408,
            "pts_time": "1.360000",
            "pkt_dts": 17408,
            "pkt_dts_time": "1.360000",
            "best_effort_timestamp": 17408,
            "best_effort_timestamp_time": "1.360000",
            "duration": 512,
            "duration_time": "0.040000",
            "pkt_pos": "2007884",
            "pkt_size": "17345",
            "width": 1920,
            "height": 1080,
            "crop_top": 0,
            "crop_bottom": 0,
            "crop_left": 0,
            "crop_right": 0,
            "pix_fmt": "yuv420p",
            "pict_type": "B",
            "interlaced_frame": 0,
            "top_field_first": 0,
            "lossless": 0,
            "repeat_pict": 0,
            "color_range": "tv",
            "color_space": "bt709",
            "color_primaries": "bt709",
            "color_transfer": "iec61966-2-1",
            "chroma_location": "left"
        },
        {
            "media_type": "video",
            "stream_index": 0,
            "key_frame": 0,
            "pts": 17920,
            "pts_time": "1.400000",
            "pkt_dts": 17920,
            "pkt_dts_time": "1.400000",
            "best_effort_timestamp": 17920,
            "best_effort_timestamp_time": "1.400000",
            "duration": 512,
            "duration_time": "0.040000",
            "pkt_pos": "2030201",
            "pkt_size": "6600",
            "width": 1920,
            "height": 1080,
            "crop_top": 0,
            "crop_bottom": 0,
            "crop_left": 0,
            "crop_right": 0,
            "pix_fmt": "yuv420p",
            "pict_type": "B",
            "interlaced_frame": 0,
            "top_field_first": 0,
            "lossless": 0,
            "repeat_pict": 0,
            "color_range": "tv",
            "color_space": "bt709",
            "color_primaries": "bt709",
            "color_transfer": "iec61966-2-1",
            "chroma_location": "left"
        },
        {
            "media_type": "video",
            "stream_index": 0,
            "key_frame": 0,
            "pts": 18432,
            "pts_time": "1.440000",
            "pkt_dts": 18432,
            "pkt_dts_time": "1.440000",
            "best_effort_timestamp": 18432,
            "best_effort_timestamp_time": "1.440000",
            "duration": 512,
            "duration_time": "0.040000",
            "pkt_pos": "1888495",
            "pkt_size": "119389",
            "width": 1920,
            "height": 1080,
            "crop_top": 0,
            "crop_bottom": 0,
            "crop_left": 0,
            "crop_right": 0,
            "pix_fmt": "yuv420p",
            "pict_type": "P",
            "interlaced_frame": 0,
            "top_field_first": 0,
            "lossless": 0,
            "repeat_pict": 0,
            "color_range": "tv",
            "color_space": "bt709",
            "color_primaries": "bt709",
            "color_transfer": "iec61966-2-1",
            "chroma_location": "left"
        },
        {
            "media_type": "video",
            "stream_index": 0,
            "key_frame": 0,
            "pts": 18944,
            "pts_time": "1.480000",
            "pkt_dts": 18944,
            "pkt_dts_time": "1.480000",
            "best_effort_timestamp": 18944,
            "best_effort_timestamp_time": "1.480000",
            "duration": 512,
            "duration_time": "0.040000",
            "pkt_pos": "2185499",
            "pkt_size": "16395",
            "width": 1920,
            "height": 1080,
            "crop_top": 0,
            "crop_bottom": 0,
            "crop_left": 0,
            "crop_right": 0,
            "pix_fmt": "yuv420p",
            "pict_type": "B",
            "interlaced_frame": 0,
            "top_field_first": 0,
            "lossless": 0,
            "repeat_pict": 0,
            "color_range": "tv",
            "color_space": "bt709",
            "color_primaries": "bt709",
            "color_transfer": "iec61966-2-1",
            "chroma_location": "left"
        },
        {
            "media_type": "video",
            "stream_index": 0,
            "key_frame": 0,
            "pts": 19456,
            "pts_time": "1.520000",
            "pkt_dts": 19456,
            "pkt_dts_time": "1.520000",
            "best_effort_timestamp": 19456,
            "best_effort_timestamp_time": "1.520000",
            "duration": 512,
            "duration_time": "0.040000",
            "pkt_pos": "2157446",
            "pkt_size": "28053",
            "width": 1920,
            "height": 1080,
            "crop_top": 0,
            "crop_bottom": 0,
            "crop_left": 0,
            "crop_right": 0,
            "pix_fmt": "yuv420p",
            "pict_type": "B",
            "interlaced_frame": 0,
            "top_field_first": 0,
            "lossless": 0,
            "repeat_pict": 0,
            "color_range": "tv",
            "color_space": "bt709",
            "color_primaries": "bt709",
            "color_transfer": "iec61966-2-1",
            "chroma_location": "left"
        },
        {
            "media_type": "video",
            "stream_index": 0,
            "key_frame": 0,
            "pts": 19968,
            "pts_time": "1.560000",
            "pkt_dts": 19968,
            "pkt_dts_time": "1.560000",
            "best_effort_timestamp": 19968,
            "best_effort_timestamp_time": "1.560000",
            "duration": 512,
            "duration_time": "0.040000",
            "pkt_pos": "2201894",
            "pkt_size": "10949",
            "width": 1920,
            "height": 1080,
            "crop_top": 0,
            "crop_bottom": 0,
            "crop_left": 0,
            "crop_right": 0,
            "pix_fmt": "yuv420p",
            "pict_type": "B",
            "interlaced_frame": 0,
            "top_field_first": 0,
            "lossless": 0,
            "repeat_pict": 0,
            "color_range": "tv",
            "color_space": "bt709",
            "color_primaries": "bt709",
            "color_transfer": "iec61966-2-1",
            "chroma_location": "left"
        },
        {
            "media_type": "video",
            "stream_index": 0,
            "key_frame": 0,
            "pts": 20480,
            "pts_time": "1.600000",
            "pkt_dts": 20480,
            "pkt_dts_time": "1.600000",
            "best_effort_timestamp": 20480,
            "best_effort_timestamp_time": "1.600000",
            "duration": 512,
            "duration_time": "0.040000",
            "pkt_pos": "2036801",
            "pkt_size": "120645",
            "width": 1920,
            "height": 1080,
            "crop_top": 0,
            "crop_bottom": 0,
            "crop_left": 0,
            "crop_right": 0,
            "pix_fmt": "yuv420p",
            "pict_type": "P",
            "interlaced_frame": 0,
            "top_field_first": 0,
            "lossless": 0,
            "repeat_pict": 0,
            "color_range": "tv",
            "color_space": "bt709",
            "color_primaries": "bt709",
            "color_transfer": "iec61966-2-1",
            "chroma_location": "left"
        },
        {
            "media_type": "video",
            "stream_index": 0,
            "key_frame": 0,
            "pts": 20992,
            "pts_time": "1.640000",
            "pkt_dts": 20992,
            "pkt_dts_time": "1.640000",
            "best_effort_timestamp": 20992,
            "best_effort_timestamp_time": "1.640000",
            "duration": 512,
            "duration_time": "0.040000",
            "pkt_pos": "2379757",
            "pkt_size": "17474",
            "width": 1920,
            "height": 1080,
            "crop_top": 0,
            "crop_bottom": 0,
            "crop_left": 0,
            "crop_right": 0,
            "pix_fmt": "yuv420p",
            "pict_type": "B",
            "interlaced_frame": 0,
            "top_field_first": 0,
            "lossless": 0,
            "repeat_pict": 0,
            "color_range": "tv",
            "color_space": "bt709",
            "color_primaries": "bt709",
            "color_transfer": "iec61966-2-1",
            "chroma_location": "left"
        },
        {
            "media_type": "video",
            "stream_index": 0,
            "key_frame": 0,
            "pts": 21504,
            "pts_time": "1.680000",
            "pkt_dts": 21504,
            "pkt_dts_time": "1.680000",
            "best_effort_timestamp": 21504,
            "best_effort_timestamp_time": "1.680000",
            "duration": 512,
            "duration_time": "0.040000",
            "pkt_pos": "2339134",
            "pkt_size": "40623",
            "width": 1920,
            "height": 1080,
            "crop_top": 0,
            "crop_bottom": 0,
            "crop_left": 0,
            "crop_right": 0,
            "pix_fmt": "yuv420p",
            "pict_type": "B",
            "interlaced_frame": 0,
            "top_field_first": 0,
            "lossless": 0,
            "repeat_pict": 0,
            "color_range": "tv",
            "color_space": "bt709",
            "color_primaries": "bt709",
            "color_transfer": "iec61966-2-1",
            "chroma_location": "left"
        },
        {
            "media_type": "video",
            "stream_index": 0,
            "key_frame": 0,
            "pts": 22016,
            "pts_time": "1.720000",
            "pkt_dts": 22016,
            "pkt_dts_time": "1.720000",
            "best_effort_timestamp": 22016,
            "best_effort_timestamp_time": "1.720000",
            "duration": 512,
            "duration_time": "0.040000",
            "pkt_pos": "2397231",
            "pkt_size": "15517",
            "width": 1920,
            "height": 1080,
            "crop_top": 0,
            "crop_bottom": 0,
            "crop_left": 0,
            "crop_right": 0,
            "pix_fmt": "yuv420p",
            "pict_type": "B",
            "interlaced_frame": 0,
            "top_field_first": 0,
            "lossless": 0,
            "repeat_pict": 0,
            "color_range": "tv",
            "color_space": "bt709",
            "color_primaries": "bt709",
            "color_transfer": "iec61966-2-1",
            "chroma_location": "left"
        },
        {
            "media_type": "video",
            "stream_index": 0,
            "key_frame": 0,
            "pts": 22528,
            "pts_time": "1.760000",
            "pkt_dts": 22528,
            "pkt_dts_time": "1.760000",
            "best_effort_timestamp": 22528,
            "best_effort_timestamp_time": "1.760000",
            "duration": 512,
            "duration_time": "0.040000",
            "pkt_pos": "2212843",
            "pkt_size": "126291",
            "width": 1920,
            "height": 1080,
            "crop_top": 0,
            "crop_bottom": 0,
            "crop_left": 0,
            "crop_right": 0,
            "pix_fmt": "yuv420p",
            "pict_type": "P",
            "interlaced_frame": 0,
            "top_field_first": 0,
            "lossless": 0,
            "repeat_pict": 0,
            "color_range": "tv",
            "color_space": "bt709",
            "color_primaries": "bt709",
            "color_transfer": "iec61966-2-1",
            "chroma_location": "left"
        },
        {
            "media_type": "video",
            "stream_index": 0,
            "key_frame": 0,
            "pts": 23040,
            "pts_time": "1.800000",
            "pkt_dts": 23040,
            "pkt_dts_time": "1.800000",
            "best_effort_timestamp": 23040,
            "best_effort_timestamp_time": "1.800000",
            "duration": 512,
            "duration_time": "0.040000",
            "pkt_pos": "2656440",
            "pkt_size": "7027",
            "width": 1920,
            "height": 1080,
            "crop_top": 0,
            "crop_bottom": 0,
            "crop_left": 0,
            "crop_right": 0,
            "pix_fmt": "yuv420p",
            "pict_type": "B",
            "interlaced_frame": 0,
            "top_field_first": 0,
            "lossless": 0,
            "repeat_pict": 0,
            "color_range": "tv",
            "color_space": "bt709",
            "color_primaries": "bt709",
            "color_transfer": "iec61966-2-1",
            "chroma_location": "left"
        },
        {
            "media_type": "video",
            "stream_index": 0,
            "key_frame": 0,
            "pts": 23552,
            "pts_time": "1.840000",
            "pkt_dts": 23552,
            "pkt_dts_time": "1.840000",
            "best_effort_timestamp": 23552,
            "best_effort_timestamp_time": "1.840000",
            "duration": 512,
            "duration_time": "0.040000",
            "pkt_pos": "2620154",
            "pkt_size": "36286",
            "width": 1920,
            "height": 1080,
            "crop_top": 0,
            "crop_bottom": 0,
            "crop_left": 0,
            "crop_right": 0,
            "pix_fmt": "yuv420p",
            "pict_type": "B",
            "interlaced_frame": 0,
            "top_field_first": 0,
            "lossless": 0,
            "repeat_pict": 0,
            "color_range": "tv",
            "color_space": "bt709",
            "color_primaries": "bt709",
            "color_transfer": "iec61966-2-1",
            "chroma_location": "left"
        },
        {
            "media_type": "video",
            "stream_index": 0,
            "key_frame": 0,
            "pts": 24064,
            "pts_time": "1.880000",
            "pkt_dts": 24064,
            "pkt_dts_time": "1.880000",
            "best_effort_timestamp": 24064,
            "best_effort_timestamp_time": "1.880000",
            "duration": 512,
            "duration_time": "0.040000",
            "pkt_pos": "2663467",
            "pkt_size": "22818",
            "width": 1920,
            "height": 1080,
            "crop_top": 0,
            "crop_bottom": 0,
            "crop_left": 0,
            "crop_right": 0,
            "pix_fmt": "yuv420p",
            "pict_type": "B",
            "interlaced_frame": 0,
            "top_field_first": 0,
            "lossless": 0,
            "repeat_pict": 0,
            "color_range": "tv",
            "color_space": "bt709",
            "color_primaries": "bt709",
            "color_transfer": "iec61966-2-1",
            "chroma_location": "left"
        },
        {
            "media_type": "video",
            "stream_index": 0,
            "key_frame": 0,
            "pts": 24576,
            "pts_time": "1.920000",
            "pkt_dts": 24576,
            "pkt_dts_time": "1.920000",
            "best_effort_timestamp": 24576,
            "best_effort_timestamp_time": "1.920000",
            "duration": 512,
            "duration_time": "0.040000",
            "pkt_pos": "2412748",
            "pkt_size": "207406",
            "width": 1920,
            "height": 1080,
            "crop_top": 0,
            "crop_bottom": 0,
            "crop_left": 0,
            "crop_right": 0,
            "pix_fmt": "yuv420p",
            "pict_type": "P",
            "interlaced_frame": 0,
            "top_field_first": 0,
            "lossless": 0,
            "repeat_pict": 0,
            "color_range": "tv",
            "color_space": "bt709",
            "color_primaries": "bt709",
            "color_transfer": "iec61966-2-1",
            "chroma_location": "left"
        },
        {
            "media_type": "video",
            "stream_index": 0,
            "key_frame": 0,
            "pts": 25088,
            "pts_time": "1.960000",
            "pkt_dts": 25088,
            "pkt_dts_time": "1.960000",
            "best_effort_timestamp": 25088,
            "best_effort_timestamp_time": "1.960000",
            "duration": 512,
            "duration_time": "0.040000",
            "pkt_pos": "3005260",
            "pkt_size": "37377",
            "width": 1920,
            "height": 1080,
            "crop_top": 0,
            "crop_bottom": 0,
            "crop_left": 0,
            "crop_right": 0,
            "pix_fmt": "yuv420p",
            "pict_type": "B",
            "interlaced_frame": 0,
            "top_field_first": 0,
            "lossless": 0,
            "repeat_pict": 0,
            "color_range": "tv",
            "color_space": "bt709",
            "color_primaries": "bt709",
            "color_transfer": "iec61966-2-1",
            "chroma_location": "left"
        },
        {
            "media_type": "video",
            "stream_index": 0,
            "key_frame": 0,
            "pts": 25600,
            "pts_time": "2.000000",
            "pkt_dts": 25600,
            "pkt_dts_time": "2.000000",
            "best_effort_timestamp": 25600,
            "best_effort_timestamp_time": "2.000000",
            "duration": 512,
            "duration_time": "0.040000",
            "pkt_pos": "2953486",
            "pkt_size": "51774",
            "width": 1920,
            "height": 1080,
            "crop_top": 0,
            "crop_bottom": 0,
            "crop_left": 0,
            "crop_right": 0,
            "pix_fmt": "yuv420p",
            "pict_type": "B",
            "interlaced_frame": 0,
            "top_field_first": 0,
            "lossless": 0,
            "repeat_pict": 0,
            "color_range": "tv",
            "color_space": "bt709",
            "color_primaries": "bt709",
            "color_transfer": "iec61966-2-1",
            "chroma_location": "left"
        },
        {
            "media_type": "video",
            "stream_index": 0,
            "key_frame": 0,
            "pts": 26112,
            "pts_time": "2.040000",
            "pkt_dts": 26112,
            "pkt_dts_time": "2.040000",
            "best_effort_timestamp": 26112,
            "best_effort_timestamp_time": "2.040000",
            "duration": 512,
            "duration_time": "0.040000",
            "pkt_pos": "3042637",
            "pkt_size": "6131",
            "width": 1920,
            "height": 1080,
            "crop_top": 0,
            "crop_bottom": 0,
            "crop_left": 0,
            "crop_right": 0,
            "pix_fmt": "yuv420p",
            "pict_type": "B",
            "interlaced_frame": 0,
            "top_field_first": 0,
            "lossless": 0,
            "repeat_pict": 0,
            "color_range": "tv",
            "color_space": "bt709",
            "color_primaries": "bt709",
            "color_transfer": "iec61966-2-1",
            "chroma_location": "left"
        },
        {
            "media_type": "video",
            "stream_index": 0,
            "key_frame": 0,
            "pts": 26624,
            "pts_time": "2.080000",
            "pkt_dts": 26624,
            "pkt_dts_time": "2.080000",
            "best_effort_timestamp": 26624,
            "best_effort_timestamp_time": "2.080000",
            "duration": 512,
            "duration_time": "0.040000",
            "pkt_pos": "2686285",
            "pkt_size": "267201",
            "width": 1920,
            "height": 1080,
            "crop_top": 0,
            "crop_bottom": 0,
            "crop_left": 0,
            "crop_right": 0,
            "pix_fmt": "yuv420p",
            "pict_type": "P",
            "interlaced_frame": 0,
            "top_field_first": 0,
            "lossless": 0,
            "repeat_pict": 0,
            "color_range": "tv",
            "color_space": "bt709",
            "color_primaries": "bt709",
            "color_transfer": "iec61966-2-1",
            "chroma_location": "left"
        },
        {
            "media_type": "video",
            "stream_index": 0,
            "key_frame": 0,
            "pts": 27136,
            "pts_time": "2.120000",
            "pkt_dts": 27136,
            "pkt_dts_time": "2.120000",
            "best_effort_timestamp": 27136,
            "best_effort_timestamp_time": "2.120000",
            "duration": 512,
            "duration_time": "0.040000",
            "pkt_pos": "3316922",
            "pkt_size": "9291",
            "width": 1920,
            "height": 1080,
            "crop_top": 0,
            "crop_bottom": 0,
            "crop_left": 0,
            "crop_right": 0,
            "pix_fmt": "yuv420p",
            "pict_type": "B",
            "interlaced_frame": 0,
            "top_field_first": 0,
            "lossless": 0,
            "repeat_pict": 0,
            "color_range": "tv",
            "color_space": "bt709",
            "color_primaries": "bt709",
            "color_transfer": "iec61966-2-1",
            "chroma_location": "left"
        },
        {
            "media_type": "video",
            "stream_index": 0,
            "key_frame": 0,
            "pts": 27648,
            "pts_time": "2.160000",
            "pkt_dts": 27648,
            "pkt_dts_time": "2.160000",
            "best_effort_timestamp": 27648,
            "best_effort_timestamp_time": "2.160000",
            "duration": 512,
            "duration_time": "0.040000",
            "pkt_pos": "3258220",
            "pkt_size": "58702",
            "width": 1920,
            "height": 1080,
            "crop_top": 0,
            "crop_bottom": 0,
            "crop_left": 0,
            "crop_right": 0,
            "pix_fmt": "yuv420p",
            "pict_type": "B",
            "interlaced_frame": 0,
            "top_field_first": 0,
            "lossless": 0,
            "repeat_pict": 0,
            "color_range": "tv",
            "color_space": "bt709",
            "color_primaries": "bt709",
            "color_transfer": "iec61966-2-1",
            "chroma_location": "left"
        },
        {
            "media_type": "video",
            "stream_index": 0,
            "key_frame": 0,
            "pts": 28160,
            "pts_time": "2.200000",
            "pkt_dts": 28160,
            "pkt_dts_time": "2.200000",
            "best_effort_timestamp": 28160,
            "best_effort_timestamp_time": "2.200000",
            "duration": 512,
            "duration_time": "0.040000",
            "pkt_pos": "3326213",
            "pkt_size": "7394",
            "width": 1920,
            "height": 1080,
            "crop_top": 0,
            "crop_bottom": 0,
            "crop_left": 0,
            "crop_right": 0,
            "pix_fmt": "yuv420p",
            "pict_type": "B",
            "interlaced_frame": 0,
            "top_field_first": 0,
            "lossless": 0,
            "repeat_pict": 0,
            "color_range": "tv",
            "color_space": "bt709",
            "color_primaries": "bt709",
            "color_transfer": "iec61966-2-1",
            "chroma_location": "left"
        },
        {
            "media_type": "video",
            "stream_index": 0,
            "key_frame": 0,
            "pts": 28672,
            "pts_time": "2.240000",
            "pkt_dts": 28672,
            "pkt_dts_time": "2.240000",
            "best_effort_timestamp": 28672,
            "best_effort_timestamp_time": "2.240000",
            "duration": 512,
            "duration_time": "0.040000",
            "pkt_pos": "3048768",
            "pkt_size": "209452",
            "width": 1920,
            "height": 1080,
            "crop_top": 0,
            "crop_bottom": 0,
            "crop_left": 0,
            "crop_right": 0,
            "pix_fmt": "yuv420p",
            "pict_type": "P",
            "interlaced_frame": 0,
            "top_field_first": 0,
            "lossless": 0,
            "repeat_pict": 0,
            "color_range": "tv",
            "color_space": "bt709",
            "color_primaries": "bt709",
            "color_transfer": "iec61966-2-1",
            "chroma_location": "left"
        },
        {
            "media_type": "video",
            "stream_index": 0,
            "key_frame": 0,
            "pts": 29184,
            "pts_time": "2.280000",
            "pkt_dts": 29184,
            "pkt_dts_time": "2.280000",
            "best_effort_timestamp": 29184,
            "best_effort_timestamp_time": "2.280000",
            "duration": 512,
            "duration_time": "0.040000",
            "pkt_pos": "3552738",
            "pkt_size": "7732",
            "width": 1920,
            "height": 1080,
            "crop_top": 0,
            "crop_bottom": 0,
            "crop_left": 0,
            "crop_right": 0,
            "pix_fmt": "yuv420p",
            "pict_type": "B",
            "interlaced_frame": 0,
            "top_field_first": 0,
            "lossless": 0,
            "repeat_pict": 0,
            "color_range": "tv",
            "color_space": "bt709",
            "color_primaries": "bt709",
            "color_transfer": "iec61966-2-1",
            "chroma_location": "left"
        },
        {
            "media_type": "video",
            "stream_index": 0,
            "key_frame": 0,
            "pts": 29696,
            "pts_time": "2.320000",
            "pkt_dts": 29696,
            "pkt_dts_time": "2.320000",
            "best_effort_timestamp": 29696,
            "best_effort_timestamp_time": "2.320000",
            "duration": 512,
            "duration_time": "0.040000",
            "pkt_pos": "3510969",
            "pkt_size": "41769",
            "width": 1920,
            "height": 1080,
            "crop_top": 0,
            "crop_bottom": 0,
            "crop_left": 0,
            "crop_right": 0,
            "pix_fmt": "yuv420p",
            "pict_type": "B",
            "interlaced_frame": 0,
            "top_field_first": 0,
            "lossless": 0,
            "repeat_pict": 0,
            "color_range": "tv",
            "color_space": "bt709",
            "color_primaries": "bt709",
            "color_transfer": "iec61966-2-1",
            "chroma_location": "left"
        },
        {
            "media_type": "video",
            "stream_index": 0,
            "key_frame": 0,
            "pts": 30208,
            "pts_time": "2.360000",
            "pkt_dts": 30208,
            "pkt_dts_time": "2.360000",
            "best_effort_timestamp": 30208,
            "best_effort_timestamp_time": "2.360000",
            "duration": 512,
            "duration_time": "0.040000",
            "pkt_pos": "3560470",
            "pkt_size": "7250",
            "width": 1920,
            "height": 1080,
            "crop_top": 0,
            "crop_bottom": 0,
            "crop_left": 0,
            "crop_right": 0,
            "pix_fmt": "yuv420p",
            "pict_type": "B",
            "interlaced_frame": 0,
            "top_field_first": 0,
            "lossless": 0,
            "repeat_pict": 0,
            "color_range": "tv",
            "color_space": "bt709",
            "color_primaries": "bt709",
            "color_transfer": "iec61966-2-1",
            "chroma_location": "left"
        },
        {
            "media_type": "video",
            "stream_index": 0,
            "key_frame": 0,
            "pts": 30720,
            "pts_time": "2.400000",
            "pkt_dts": 30720,
            "pkt_dts_time": "2.400000",
            "best_effort_timestamp": 30720,
            "best_effort_timestamp_time": "2.400000",
            "duration": 512,
            "duration_time": "0.040000",
            "pkt_pos": "3333607",
            "pkt_size": "177362",
            "width": 1920,
            "height": 1080,
            "crop_top": 0,
            "crop_bottom": 0,
            "crop_left": 0,
            "crop_right": 0,
            "pix_fmt": "yuv420p",
            "pict_type": "P",
            "interlaced_frame": 0,
            "top_field_first": 0,
            "lossless": 0,
            "repeat_pict": 0,
            "color_range": "tv",
            "color_space": "bt709",
            "color_primaries": "bt709",
            "color_transfer": "iec61966-2-1",
            "chroma_location": "left"
        },
        {
            "media_type": "video",
            "stream_index": 0,
            "key_frame": 0,
            "pts": 31232,
            "pts_time": "2.440000",
            "pkt_dts": 31232,
            "pkt_dts_time": "2.440000",
            "best_effort_timestamp": 31232,
            "best_effort_timestamp_time": "2.440000",
            "duration": 512,
            "duration_time": "0.040000",
            "pkt_pos": "3774187",
            "pkt_size": "7992",
            "width": 1920,
            "height": 1080,
            "crop_top": 0,
            "crop_bottom": 0,
            "crop_left": 0,
            "crop_right": 0,
            "pix_fmt": "yuv420p",
            "pict_type": "B",
            "interlaced_frame": 0,
            "top_field_first": 0,
            "lossless": 0,
            "repeat_pict": 0,
            "color_range": "tv",
            "color_space": "bt709",
            "color_primaries": "bt709",
            "color_transfer": "iec61966-2-1",
            "chroma_location": "left"
        },
        {
            "media_type": "video",
            "stream_index": 0,
            "key_frame": 0,
            "pts": 31744,
            "pts_time": "2.480000",
            "pkt_dts": 31744,
            "pkt_dts_time": "2.480000",
            "best_effort_timestamp": 31744,
            "best_effort_timestamp_time": "2.480000",
            "duration": 512,
            "duration_time": "0.040000",
            "pkt_pos": "3736517",
            "pkt_size": "37670",
            "width": 1920,
            "height": 1080,
            "crop_top": 0,
            "crop_bottom": 0,
            "crop_left": 0,
            "crop_right": 0,
            "pix_fmt": "yuv420p",
            "pict_type": "B",
            "interlaced_frame": 0,
            "top_field_first": 0,
            "lossless": 0,
            "repeat_pict": 0,
            "color_range": "tv",
            "color_space": "bt709",
            "color_primaries": "bt709",
            "color_transfer": "iec61966-2-1",
            "chroma_location": "left"
        },
        {
            "media_type": "video",
            "stream_index": 0,
            "key_frame": 0,
            "pts": 32256,
            "pts_time": "2.520000",
            "pkt_dts": 32256,
            "pkt_dts_time": "2.520000",
            "best_effort_timestamp": 32256,
            "best_effort_timestamp_time": "2.520000",
            "duration": 512,
            "duration_time": "0.040000",
            "pkt_pos": "3782179",
            "pkt_size": "9863",
            "width": 1920,
            "height": 1080,
            "crop_top": 0,
            "crop_bottom": 0,
            "crop_left": 0,
            "crop_right": 0,
            "pix_fmt": "yuv420p",
            "pict_type": "B",
            "interlaced_frame": 0,
            "top_field_first": 0,
            "lossless": 0,
            "repeat_pict": 0,
            "color_range": "tv",
            "color_space": "bt709",
            "color_primaries": "bt709",
            "color_transfer": "iec61966-2-1",
            "chroma_location": "left"
        },
        {
            "media_type": "video",
            "stream_index": 0,
            "key_frame": 0,
            "pts": 32768,
            "pts_time": "2.560000",
            "pkt_dts": 32768,
            "pkt_dts_time": "2.560000",
            "best_effort_timestamp": 32768,
            "best_effort_timestamp_time": "2.560000",
            "duration": 512,
            "duration_time": "0.040000",
            "pkt_pos": "3567720",
            "pkt_size": "168797",
            "width": 1920,
            "height": 1080,
            "crop_top": 0,
            "crop_bottom": 0,
            "crop_left": 0,
            "crop_right": 0,
            "pix_fmt": "yuv420p",
            "pict_type": "P",
            "interlaced_frame": 0,
            "top_field_first": 0,
            "lossless": 0,
            "repeat_pict": 0,
            "color_range": "tv",
            "color_space": "bt709",
            "color_primaries": "bt709",
            "color_transfer": "iec61966-2-1",
            "chroma_location": "left"
        },
        {
            "media_type": "video",
            "stream_index": 0,
            "key_frame": 0,
            "pts": 33280,
            "pts_time": "2.600000",
            "pkt_dts": 33280,
            "pkt_dts_time": "2.600000",
            "best_effort_timestamp": 33280,
            "best_effort_timestamp_time": "2.600000",
            "duration": 512,
            "duration_time": "0.040000",
            "pkt_pos": "3992784",
            "pkt_size": "8213",
            "width": 1920,
            "height": 1080,
            "crop_top": 0,
            "crop_bottom": 0,
            "crop_left": 0,
            "crop_right": 0,
            "pix_fmt": "yuv420p",
            "pict_type": "B",
            "interlaced_frame": 0,
            "top_field_first": 0,
            "lossless": 0,
            "repeat_pict": 0,
            "color_range": "tv",
            "color_space": "bt709",
            "color_primaries": "bt709",
            "color_transfer": "iec61966-2-1",
            "chroma_location": "left"
        },
        {
            "media_type": "video",
            "stream_index": 0,
            "key_frame": 0,
            "pts": 33792,
            "pts_time": "2.640000",
            "pkt_dts": 33792,
            "pkt_dts_time": "2.640000",
            "best_effort_timestamp": 33792,
            "best_effort_timestamp_time": "2.640000",
            "duration": 512,
            "duration_time": "0.040000",
            "pkt_pos": "3954595",
            "pkt_size": "38189",
            "width": 1920,
            "height": 1080,
            "crop_top": 0,
            "crop_bottom": 0,
            "crop_left": 0,
            "crop_right": 0,
            "pix_fmt": "yuv420p",
            "pict_type": "B",
            "interlaced_frame": 0,
            "top_field_first": 0,
            "lossless": 0,
            "repeat_pict": 0,
            "color_range": "tv",
            "color_space": "bt709",
            "color_primaries": "bt709",
            "color_transfer": "iec61966-2-1",
            "chroma_location": "left"
        },
        {
            "media_type": "video",
            "stream_index": 0,
            "key_frame": 0,
            "pts": 34304,
            "pts_time": "2.680000",
            "pkt_dts": 34304,
            "pkt_dts_time": "2.680000",
            "best_effort_timestamp": 34304,
            "best_effort_timestamp_time": "2.680000",
            "duration": 512,
            "duration_time": "0.040000",
            "pkt_pos": "4000997",
            "pkt_size": "14086",
            "width": 1920,
            "height": 1080,
            "crop_top": 0,
            "crop_bottom": 0,
            "crop_left": 0,
            "crop_right": 0,
            "pix_fmt": "yuv420p",
            "pict_type": "B",
            "interlaced_frame": 0,
            "top_field_first": 0,
            "lossless": 0,
            "repeat_pict": 0,
            "color_range": "tv",
            "color_space": "bt709",
            "color_primaries": "bt709",
            "color_transfer": "iec61966-2-1",
            "chroma_location": "left"
        },
        {
            "media_type": "video",
            "stream_index": 0,
            "key_frame": 0,
            "pts": 34816,
            "pts_time": "2.720000",
            "pkt_dts": 34816,
            "pkt_dts_time": "2.720000",
            "best_effort_timestamp": 34816,
            "best_effort_timestamp_time": "2.720000",
            "duration": 512,
            "duration_time": "0.040000",
            "pkt_pos": "3792042",
            "pkt_size": "162553",
            "width": 1920,
            "height": 1080,
            "crop_top": 0,
            "crop_bottom": 0,
            "crop_left": 0,
            "crop_right": 0,
            "pix_fmt": "yuv420p",
            "pict_type": "P",
            "interlaced_frame": 0,
            "top_field_first": 0,
            "lossless": 0,
            "repeat_pict": 0,
            "color_range": "tv",
            "color_space": "bt709",
            "color_primaries": "bt709",
            "color_transfer": "iec61966-2-1",
            "chroma_location": "left"
        },
        {
            "media_type": "video",
            "stream_index": 0,
            "key_frame": 0,
            "pts": 35328,
            "pts_time": "2.760000",
            "pkt_dts": 35328,
            "pkt_dts_time": "2.760000",
            "best_effort_timestamp": 35328,
            "best_effort_timestamp_time": "2.760000",
            "duration": 512,
            "duration_time": "0.040000",
            "pkt_pos": "4274220",
            "pkt_size": "5597",
            "width": 1920,
            "height": 1080,
            "crop_top": 0,
            "crop_bottom": 0,
            "crop_left": 0,
            "crop_right": 0,
            "pix_fmt": "yuv420p",
            "pict_type": "B",
            "interlaced_frame": 0,
            "top_field_first": 0,
            "lossless": 0,
            "repeat_pict": 0,
            "color_range": "tv",
            "color_space": "bt709",
            "color_primaries": "bt709",
            "color_transfer": "iec61966-2-1",
            "chroma_location": "left"
        },
        {
            "media_type": "video",
            "stream_index": 0,
            "key_frame": 0,
            "pts": 35840,
            "pts_time": "2.800000",
            "pkt_dts": 35840,
            "pkt_dts_time": "2.800000",
            "best_effort_timestamp": 35840,
            "best_effort_timestamp_time": "2.800000",
            "duration": 512,
            "duration_time": "0.040000",
            "pkt_pos": "4217507",
            "pkt_size": "56713",
            "width": 1920,
            "height": 1080,
            "crop_top": 0,
            "crop_bottom": 0,
            "crop_left": 0,
            "crop_right": 0,
            "pix_fmt": "yuv420p",
            "pict_type": "B",
            "interlaced_frame": 0,
            "top_field_first": 0,
            "lossless": 0,
            "repeat_pict": 0,
            "color_range": "tv",
            "color_space": "bt709",
            "color_primaries": "bt709",
            "color_transfer": "iec61966-2-1",
            "chroma_location": "left"
        },
        {
            "media_type": "video",
            "stream_index": 0,
            "key_frame": 0,
            "pts": 36352,
            "pts_time": "2.840000",
            "pkt_dts": 36352,
            "pkt_dts_time": "2.840000",
            "best_effort_timestamp": 36352,
            "best_effort_timestamp_time": "2.840000",
            "duration": 512,
            "duration_time": "0.040000",
            "pkt_pos": "4279817",
            "pkt_size": "20690",
            "width": 1920,
            "height": 1080,
            "crop_top": 0,
            "crop_bottom": 0,
            "crop_left": 0,
            "crop_right": 0,
            "pix_fmt": "yuv420p",
            "pict_type": "B",
            "interlaced_frame": 0,
            "top_field_first": 0,
            "lossless": 0,
            "repeat_pict": 0,
            "color_range": "tv",
            "color_space": "bt709",
            "color_primaries": "bt709",
            "color_transfer": "iec61966-2-1",
            "chroma_location": "left"
        },
        {
            "media_type": "video",
            "stream_index": 0,
            "key_frame": 0,
            "pts": 36864,
            "pts_time": "2.880000",
            "pkt_dts": 36864,
            "pkt_dts_time": "2.880000",
            "best_effort_timestamp": 36864,
            "best_effort_timestamp_time": "2.880000",
            "duration": 512,
            "duration_time": "0.040000",
            "pkt_pos": "4015083",
            "pkt_size": "202424",
            "width": 1920,
            "height": 1080,
            "crop_top": 0,
            "crop_bottom": 0,
            "crop_left": 0,
            "crop_right": 0,
            "pix_fmt": "yuv420p",
            "pict_type": "P",
            "interlaced_frame": 0,
            "top_field_first": 0,
            "lossless": 0,
            "repeat_pict": 0,
            "color_range": "tv",
            "color_space": "bt709",
            "color_primaries": "bt709",
            "color_transfer": "iec61966-2-1",
            "chroma_location": "left"
        },
        {
            "media_type": "video",
            "stream_index": 0,
            "key_frame": 0,
            "pts": 37376,
            "pts_time": "2.920000",
            "pkt_dts": 37376,
            "pkt_dts_time": "2.920000",
            "best_effort_timestamp": 37376,
            "best_effort_timestamp_time": "2.920000",
            "duration": 512,
            "duration_time": "0.040000",
            "pkt_pos": "4599452",
            "pkt_size": "16788",
            "width": 1920,
            "height": 1080,
            "crop_top": 0,
            "crop_bottom": 0,
            "crop_left": 0,
            "crop_right": 0,
            "pix_fmt": "yuv420p",
            "pict_type": "B",
            "interlaced_frame": 0,
            "top_field_first": 0,
            "lossless": 0,
            "repeat_pict": 0,
            "color_range": "tv",
            "color_space": "bt709",
            "color_primaries": "bt709",
            "color_transfer": "iec61966-2-1",
            "chroma_location": "left"
        },
        {
            "media_type": "video",
            "stream_index": 0,
            "key_frame": 0,
            "pts": 37888,
            "pts_time": "2.960000",
            "pkt_dts": 37888,
            "pkt_dts_time": "2.960000",
            "best_effort_timestamp": 37888,
            "best_effort_timestamp_time": "2.960000",
            "duration": 512,
            "duration_time": "0.040000",
            "pkt_pos": "4537348",
            "pkt_size": "62104",
            "width": 1920,
            "height": 1080,
            "crop_top": 0,
            "crop_bottom": 0,
            "crop_left": 0,
            "crop_right": 0,
            "pix_fmt": "yuv420p",
            "pict_type": "B",
            "interlaced_frame": 0,
            "top_field_first": 0,
            "lossless": 0,
            "repeat_pict": 0,
            "color_range": "tv",
            "color_space": "bt709",
            "color_primaries": "bt709",
            "color_transfer": "iec61966-2-1",
            "chroma_location": "left"
        },
        {
            "media_type": "video",
            "stream_index": 0,
            "key_frame": 0,
            "pts": 38400,
            "pts_time": "3.000000",
            "pkt_dts": 38400,
            "pkt_dts_time": "3.000000",
            "best_effort_timestamp": 38400,
            "best_effort_timestamp_time": "3.000000",
            "duration": 512,
            "duration_time": "0.040000",
            "pkt_pos": "4616240",
            "pkt_size": "7135",
            "width": 1920,
            "height": 1080,
            "crop_top": 0,
            "crop_bottom": 0,
            "crop_left": 0,
            "crop_right": 0,
            "pix_fmt": "yuv420p",
            "pict_type": "B",
            "interlaced_frame": 0,
            "top_field_first": 0,
            "lossless": 0,
            "repeat_pict": 0,
            "color_range": "tv",
            "color_space": "bt709",
            "color_primaries": "bt709",
            "color_transfer": "iec61966-2-1",
            "chroma_location": "left"
        },
        {
            "media_type": "video",
            "stream_index": 0,
            "key_frame": 0,
            "pts": 38912,
            "pts_time": "3.040000",
            "pkt_dts": 38912,
            "pkt_dts_time": "3.040000",
            "best_effort_timestamp": 38912,
            "best_effort_timestamp_time": "3.040000",
            "duration": 512,
            "duration_time": "0.040000",
            "pkt_pos": "4300507",
            "pkt_size": "236841",
            "width": 1920,
            "height": 1080,
            "crop_top": 0,
            "crop_bottom": 0,
            "crop_left": 0,
            "crop_right": 0,
            "pix_fmt": "yuv420p",
            "pict_type": "P",
            "interlaced_frame": 0,
            "top_field_first": 0,
            "lossless": 0,
            "repeat_pict": 0,
            "color_range": "tv",
            "color_space": "bt709",
            "color_primaries": "bt709",
            "color_transfer": "iec61966-2-1",
            "chroma_location": "left"
        },
        {
            "media_type": "video",
            "stream_index": 0,
            "key_frame": 0,
            "pts": 39424,
            "pts_time": "3.080000",
            "pkt_dts": 39424,
            "pkt_dts_time": "3.080000",
            "best_effort_timestamp": 39424,
            "best_effort_timestamp_time": "3.080000",
            "duration": 512,
            "duration_time": "0.040000",
            "pkt_pos": "4841026",
            "pkt_size": "10067",
            "width": 1920,
            "height": 1080,
            "crop_top": 0,
            "crop_bottom": 0,
            "crop_left": 0,
            "crop_right": 0,
            "pix_fmt": "yuv420p",
            "pict_type": "B",
            "interlaced_frame": 0,
            "top_field_first": 0,
            "lossless": 0,
            "repeat_pict": 0,
            "color_range": "tv",
            "color_space": "bt709",
            "color_primaries": "bt709",
            "color_transfer": "iec61966-2-1",
            "chroma_location": "left"
        },
        {
            "media_type": "video",
            "stream_index": 0,
            "key_frame": 0,
            "pts": 39936,
            "pts_time": "3.120000",
            "pkt_dts": 39936,
            "pkt_dts_time": "3.120000",
            "best_effort_timestamp": 39936,
            "best_effort_timestamp_time": "3.120000",
            "duration": 512,
            "duration_time": "0.040000",
            "pkt_pos": "4797970",
            "pkt_size": "43056",
            "width": 1920,
            "height": 1080,
            "crop_top": 0,
            "crop_bottom": 0,
            "crop_left": 0,
            "crop_right": 0,
            "pix_fmt": "yuv420p",
            "pict_type": "B",
            "interlaced_frame": 0,
            "top_field_first": 0,
            "lossless": 0,
            "repeat_pict": 0,
            "color_range": "tv",
            "color_space": "bt709",
            "color_primaries": "bt709",
            "color_transfer": "iec61966-2-1",
            "chroma_location": "left"
        },
        {
            "media_type": "video",
            "stream_index": 0,
            "key_frame": 0,
            "pts": 40448,
            "pts_time": "3.160000",
            "pkt_dts": 40448,
            "pkt_dts_time": "3.160000",
            "best_effort_timestamp": 40448,
            "best_effort_timestamp_time": "3.160000",
            "duration": 512,
            "duration_time": "0.040000",
            "pkt_pos": "4851093",
            "pkt_size": "23172",
            "width": 1920,
            "height": 1080,
            "crop_top": 0,
            "crop_bottom": 0,
            "crop_left": 0,
            "crop_right": 0,
            "pix_fmt": "yuv420p",
            "pict_type": "B",
            "interlaced_frame": 0,
            "top_field_first": 0,
            "lossless": 0,
            "repeat_pict": 0,
            "color_range": "tv",
            "color_space": "bt709",
            "color_primaries": "bt709",
            "color_transfer": "iec61966-2-1",
            "chroma_location": "left"
        },
        {
            "media_type": "video",
            "stream_index": 0,
            "key_frame": 0,
            "pts": 40960,
            "pts_time": "3.200000",
            "pkt_dts": 40960,
            "pkt_dts_time": "3.200000",
            "best_effort_timestamp": 40960,
            "best_effort_timestamp_time": "3.200000",
            "duration": 512,
            "duration_time": "0.040000",
            "pkt_pos": "4623375",
            "pkt_size": "174595",
            "width": 1920,
            "height": 1080,
            "crop_top": 0,
            "crop_bottom": 0,
            "crop_left": 0,
            "crop_right": 0,
            "pix_fmt": "yuv420p",
            "pict_type": "P",
            "interlaced_frame": 0,
            "top_field_first": 0,
            "lossless": 0,
            "repeat_pict": 0,
            "color_range": "tv",
            "color_space": "bt709",
            "color_primaries": "bt709",
            "color_transfer": "iec61966-2-1",
            "chroma_location": "left"
        },
        {
            "media_type": "video",
            "stream_index": 0,
            "key_frame": 0,
            "pts": 41472,
            "pts_time": "3.240000",
            "pkt_dts": 41472,
            "pkt_dts_time": "3.240000",
            "best_effort_timestamp": 41472,
            "best_effort_timestamp_time": "3.240000",
            "duration": 512,
            "duration_time": "0.040000",
            "pkt_pos": "5104135",
            "pkt_size": "13524",
            "width": 1920,
            "height": 1080,
            "crop_top": 0,
            "crop_bottom": 0,
            "crop_left": 0,
            "crop_right": 0,
            "pix_fmt": "yuv420p",
            "pict_type": "B",
            "interlaced_frame": 0,
            "top_field_first": 0,
            "lossless": 0,
            "repeat_pict": 0,
            "color_range": "tv",
            "color_space": "bt709",
            "color_primaries": "bt709",
            "color_transfer": "iec61966-2-1",
            "chroma_location": "left"
        },
        {
            "media_type": "video",
            "stream_index": 0,
            "key_frame": 0,
            "pts": 41984,
            "pts_time": "3.280000",
            "pkt_dts": 41984,
            "pkt_dts_time": "3.280000",
            "best_effort_timestamp": 41984,
            "best_effort_timestamp_time": "3.280000",
            "duration": 512,
            "duration_time": "0.040000",
            "pkt_pos": "5050279",
            "pkt_size": "53856",
            "width": 1920,
            "height": 1080,
            "crop_top": 0,
            "crop_bottom": 0,
            "crop_left": 0,
            "crop_right": 0,
            "pix_fmt": "yuv420p",
            "pict_type": "B",
            "interlaced_frame": 0,
            "top_field_first": 0,
            "lossless": 0,
            "repeat_pict": 0,
            "color_range": "tv",
            "color_space": "bt709",
            "color_primaries": "bt709",
            "color_transfer": "iec61966-2-1",
            "chroma_location": "left"
        },
        {
            "media_type": "video",
            "stream_index": 0,
            "key_frame": 0,
            "pts": 42496,
            "pts_time": "3.320000",
            "pkt_dts": 42496,
            "pkt_dts_time": "3.320000",
            "best_effort_timestamp": 42496,
            "best_effort_timestamp_time": "3.320000",
            "duration": 512,
            "duration_time": "0.040000",
            "pkt_pos": "5117659",
            "pkt_size": "14703",
            "width": 1920,
            "height": 1080,
            "crop_top": 0,
            "crop_bottom": 0,
            "crop_left": 0,
            "crop_right": 0,
            "pix_fmt": "yuv420p",
            "pict_type": "B",
            "interlaced_frame": 0,
            "top_field_first": 0,
            "lossless": 0,
            "repeat_pict": 0,
            "color_range": "tv",
            "color_space": "bt709",
            "color_primaries": "bt709",
            "color_transfer": "iec61966-2-1",
            "chroma_location": "left"
        },
        {
            "media_type": "video",
            "stream_index": 0,
            "key_frame": 0,
            "pts": 43008,
            "pts_time": "3.360000",
            "pkt_dts": 43008,
            "pkt_dts_time": "3.360000",
            "best_effort_timestamp": 43008,
            "best_effort_timestamp_time": "3.360000",
            "duration": 512,
            "duration_time": "0.040000",
            "pkt_pos": "4874265",
            "pkt_size": "176014",
            "width": 1920,
            "height": 1080,
            "crop_top": 0,
            "crop_bottom": 0,
            "crop_left": 0,
            "crop_right": 0,
            "pix_fmt": "yuv420p",
            "pict_type": "P",
            "interlaced_frame": 0,
            "top_field_first": 0,
            "lossless": 0,
            "repeat_pict": 0,
            "color_range": "tv",
            "color_space": "bt709",
            "color_primaries": "bt709",
            "color_transfer": "iec61966-2-1",
            "chroma_location": "left"
        },
        {
            "media_type": "video",
            "stream_index": 0,
            "key_frame": 0,
            "pts": 43520,
            "pts_time": "3.400000",
            "pkt_dts": 43520,
            "pkt_dts_time": "3.400000",
            "best_effort_timestamp": 43520,
            "best_effort_timestamp_time": "3.400000",
            "duration": 512,
            "duration_time": "0.040000",
            "pkt_pos": "5308891",
            "pkt_size": "8128",
            "width": 1920,
            "height": 1080,
            "crop_top": 0,
            "crop_bottom": 0,
            "crop_left": 0,
            "crop_right": 0,
            "pix_fmt": "yuv420p",
            "pict_type": "B",
            "interlaced_frame": 0,
            "top_field_first": 0,
            "lossless": 0,
            "repeat_pict": 0,
            "color_range": "tv",
            "color_space": "bt709",
            "color_primaries": "bt709",
            "color_transfer": "iec61966-2-1",
            "chroma_location": "left"
        },
        {
            "media_type": "video",
            "stream_index": 0,
            "key_frame": 0,
            "pts": 44032,
            "pts_time": "3.440000",
            "pkt_dts": 44032,
            "pkt_dts_time": "3.440000",
            "best_effort_timestamp": 44032,
            "best_effort_timestamp_time": "3.440000",
            "duration": 512,
            "duration_time": "0.040000",
            "pkt_pos": "5269987",
            "pkt_size": "38904",
            "width": 1920,
            "height": 1080,
            "crop_top": 0,
            "crop_bottom": 0,
            "crop_left": 0,
            "crop_right": 0,
            "pix_fmt": "yuv420p",
            "pict_type": "B",
            "interlaced_frame": 0,
            "top_field_first": 0,
            "lossless": 0,
            "repeat_pict": 0,
            "color_range": "tv",
            "color_space": "bt709",
            "color_primaries": "bt709",
            "color_transfer": "iec61966-2-1",
            "chroma_location": "left"
        },
        {
            "media_type": "video",
            "stream_index": 0,
            "key_frame": 0,
            "pts": 44544,
            "pts_time": "3.480000",
            "pkt_dts": 44544,
            "pkt_dts_time": "3.480000",
            "best_effort_timestamp": 44544,
            "best_effort_timestamp_time": "3.480000",
            "duration": 512,
            "duration_time": "0.040000",
            "pkt_pos": "5317019",
            "pkt_size": "11299",
            "width": 1920,
            "height": 1080,
            "crop_top": 0,
            "crop_bottom": 0,
            "crop_left": 0,
            "crop_right": 0,
            "pix_fmt": "yuv420p",
            "pict_type": "B",
            "interlaced_frame": 0,
            "top_field_first": 0,
            "lossless": 0,
            "repeat_pict": 0,
            "color_range": "tv",
            "color_space": "bt709",
            "color_primaries": "bt709",
            "color_transfer": "iec61966-2-1",
            "chroma_location": "left"
        },
        {
            "media_type": "video",
            "stream_index": 0,
            "key_frame": 0,
            "pts": 45056,
            "pts_time": "3.520000",
            "pkt_dts": 45056,
            "pkt_dts_time": "3.520000",
            "best_effort_timestamp": 45056,
            "best_effort_timestamp_time": "3.520000",
            "duration": 512,
            "duration_time": "0.040000",
            "pkt_pos": "5132362",
            "pkt_size": "137625",
            "width": 1920,
            "height": 1080,
            "crop_top": 0,
            "crop_bottom": 0,
            "crop_left": 0,
            "crop_right": 0,
            "pix_fmt": "yuv420p",
            "pict_type": "P",
            "interlaced_frame": 0,
            "top_field_first": 0,
            "lossless": 0,
            "repeat_pict": 0,
            "color_range": "tv",
            "color_space": "bt709",
            "color_primaries": "bt709",
            "color_transfer": "iec61966-2-1",
            "chroma_location": "left"
        },
        {
            "media_type": "video",
            "stream_index": 0,
            "key_frame": 0,
            "pts": 45568,
            "pts_time": "3.560000",
            "pkt_dts": 45568,
            "pkt_dts_time": "3.560000",
            "best_effort_timestamp": 45568,
            "best_effort_timestamp_time": "3.560000",
            "duration": 512,
            "duration_time": "0.040000",
            "pkt_pos": "5445696",
            "pkt_size": "7795",
            "width": 1920,
            "height": 1080,
            "crop_top": 0,
            "crop_bottom": 0,
            "crop_left": 0,
            "crop_right": 0,
            "pix_fmt": "yuv420p",
            "pict_type": "B",
            "interlaced_frame": 0,
            "top_field_first": 0,
            "lossless": 0,
            "repeat_pict": 0,
            "color_range": "tv",
            "color_space": "bt709",
            "color_primaries": "bt709",
            "color_transfer": "iec61966-2-1",
            "chroma_location": "left"
        },
        {
            "media_type": "video",
            "stream_index": 0,
            "key_frame": 0,
            "pts": 46080,
            "pts_time": "3.600000",
            "pkt_dts": 46080,
            "pkt_dts_time": "3.600000",
            "best_effort_timestamp": 46080,
            "best_effort_timestamp_time": "3.600000",
            "duration": 512,
            "duration_time": "0.040000",
            "pkt_pos": "5420198",
            "pkt_size": "25498",
            "width": 1920,
            "height": 1080,
            "crop_top": 0,
            "crop_bottom": 0,
            "crop_left": 0,
            "crop_right": 0,
            "pix_fmt": "yuv420p",
            "pict_type": "B",
            "interlaced_frame": 0,
            "top_field_first": 0,
            "lossless": 0,
            "repeat_pict": 0,
            "color_range": "tv",
            "color_space": "bt709",
            "color_primaries": "bt709",
            "color_transfer": "iec61966-2-1",
            "chroma_location": "left"
        },
        {
            "media_type": "video",
            "stream_index": 0,
            "key_frame": 0,
            "pts": 46592,
            "pts_time": "3.640000",
            "pkt_dts": 46592,
            "pkt_dts_time": "3.640000",
            "best_effort_timestamp": 46592,
            "best_effort_timestamp_time": "3.640000",
            "duration": 512,
            "duration_time": "0.040000",
            "pkt_pos": "5453491",
            "pkt_size": "7159",
            "width": 1920,
            "height": 1080,
            "crop_top": 0,
            "crop_bottom": 0,
            "crop_left": 0,
            "crop_right": 0,
            "pix_fmt": "yuv420p",
            "pict_type": "B",
            "interlaced_frame": 0,
            "top_field_first": 0,
            "lossless": 0,
            "repeat_pict": 0,
            "color_range": "tv",
            "color_space": "bt709",
            "color_primaries": "bt709",
            "color_transfer": "iec61966-2-1",
            "chroma_location": "left"
        },
        {
            "media_type": "video",
            "stream_index": 0,
            "key_frame": 0,
            "pts": 47104,
            "pts_time": "3.680000",
            "pkt_dts": 47104,
            "pkt_dts_time": "3.680000",
            "best_effort_timestamp": 47104,
            "best_effort_timestamp_time": "3.680000",
            "duration": 512,
            "duration_time": "0.040000",
            "pkt_pos": "5328318",
            "pkt_size": "91880",
            "width": 1920,
            "height": 1080,
            "crop_top": 0,
            "crop_bottom": 0,
            "crop_left": 0,
            "crop_right": 0,
            "pix_fmt": "yuv420p",
            "pict_type": "P",
            "interlaced_frame": 0,
            "top_field_first": 0,
            "lossless": 0,
            "repeat_pict": 0,
            "color_range": "tv",
            "color_space": "bt709",
            "color_primaries": "bt709",
            "color_transfer": "iec61966-2-1",
            "chroma_location": "left"
        },
        {
            "media_type": "video",
            "stream_index": 0,
            "key_frame": 0,
            "pts": 47616,
            "pts_time": "3.720000",
            "pkt_dts": 47616,
            "pkt_dts_time": "3.720000",
            "best_effort_timestamp": 47616,
            "best_effort_timestamp_time": "3.720000",
            "duration": 512,
            "duration_time": "0.040000",
            "pkt_pos": "5515782",
            "pkt_size": "4715",
            "width": 1920,
            "height": 1080,
            "crop_top": 0,
            "crop_bottom": 0,
            "crop_left": 0,
            "crop_right": 0,
            "pix_fmt": "yuv420p",
            "pict_type": "B",
            "interlaced_frame": 0,
            "top_field_first": 0,
            "lossless": 0,
            "repeat_pict": 0,
            "color_range": "tv",
            "color_space": "bt709",
            "color_primaries": "bt709",
            "color_transfer": "iec61966-2-1",
            "chroma_location": "left"
        },
        {
            "media_type": "video",
            "stream_index": 0,
            "key_frame": 0,
            "pts": 48128,
            "pts_time": "3.760000",
            "pkt_dts": 48128,
            "pkt_dts_time": "3.760000",
            "best_effort_timestamp": 48128,
            "best_effort_timestamp_time": "3.760000",
            "duration": 512,
            "duration_time": "0.040000",
            "pkt_pos": "5493150",
            "pkt_size": "22632",
            "width": 1920,
            "height": 1080,
            "crop_top": 0,
            "crop_bottom": 0,
            "crop_left": 0,
            "crop_right": 0,
            "pix_fmt": "yuv420p",
            "pict_type": "B",
            "interlaced_frame": 0,
            "top_field_first": 0,
            "lossless": 0,
            "repeat_pict": 0,
            "color_range": "tv",
            "color_space": "bt709",
            "color_primaries": "bt709",
            "color_transfer": "iec61966-2-1",
            "chroma_location": "left"
        },
        {
            "media_type": "video",
            "stream_index": 0,
            "key_frame": 0,
            "pts": 48640,
            "pts_time": "3.800000",
            "best_effort_timestamp": 48640,
            "best_effort_timestamp_time": "3.800000",
            "duration": 512,
            "duration_time": "0.040000",
            "pkt_pos": "5520497",
            "pkt_size": "4384",
            "width": 1920,
            "height": 1080,
            "crop_top": 0,
            "crop_bottom": 0,
            "crop_left": 0,
            "crop_right": 0,
            "pix_fmt": "yuv420p",
            "pict_type": "B",
            "interlaced_frame": 0,
            "top_field_first": 0,
            "lossless": 0,
            "repeat_pict": 0,
            "color_range": "tv",
            "color_space": "bt709",
            "color_primaries": "bt709",
            "color_transfer": "iec61966-2-1",
            "chroma_location": "left"
        },
        {
            "media_type": "video",
            "stream_index": 0,
            "key_frame": 0,
            "pts": 49152,
            "pts_time": "3.840000",
            "best_effort_timestamp": 49152,
            "best_effort_timestamp_time": "3.840000",
            "duration": 512,
            "duration_time": "0.040000",
            "pkt_pos": "5460650",
            "pkt_size": "32500",
            "width": 1920,
            "height": 1080,
            "crop_top": 0,
            "crop_bottom": 0,
            "crop_left": 0,
            "crop_right": 0,
            "pix_fmt": "yuv420p",
            "pict_type": "P",
            "interlaced_frame": 0,
            "top_field_first": 0,
            "lossless": 0,
            "repeat_pict": 0,
            "color_range": "tv",
            "color_space": "bt709",
            "color_primaries": "bt709",
            "color_transfer": "iec61966-2-1",
            "chroma_location": "left"
        }
    ],
    "streams": [
        {
            "index": 0,
            "codec_name": "h264",
            "codec_long_name": "H.264 / AVC / MPEG-4 AVC / MPEG-4 part 10",
            "profile": "High",
            "codec_type": "video",
            "codec_tag_string": "avc1",
            "codec_tag": "0x31637661",
            "mime_codec_string": "avc1.640028",
            "width": 1920,
            "height": 1080,
            "coded_width": 1920,
            "coded_height": 1088,
            "has_b_frames": 2,
            "pix_fmt": "yuv420p",
            "level": 40,
            "color_range": "tv",
            "color_space": "bt709",
            "color_transfer": "iec61966-2-1",
            "color_primaries": "bt709",
            "chroma_location": "left",
            "field_order": "progressive",
            "refs": 4,
            "is_avc": "true",
            "nal_length_size": "4",
            "id": "0x1",
            "r_frame_rate": "25/1",
            "avg_frame_rate": "25/1",
            "time_base": "1/12800",
            "start_pts": 0,
            "start_time": "0.000000",
            "duration_ts": 49664,
            "duration": "3.880000",
            "bit_rate": "11385259",
            "bits_per_raw_sample": "8",
            "nb_frames": "97",
            "nb_read_frames": "97",
            "extradata_size": 50,
            "disposition": {
                "default": 1,
                "dub": 0,
                "original": 0,
                "comment": 0,
                "lyrics": 0,
                "karaoke": 0,
                "forced": 0,
                "hearing_impaired": 0,
                "visual_impaired": 0,
                "clean_effects": 0,
                "attached_pic": 0,
                "timed_thumbnails": 0,
                "non_diegetic": 0,
                "captions": 0,
                "descriptions": 0,
                "metadata": 0,
                "dependent": 0,
                "still_image": 0,
                "multilayer": 0
            },
            "tags": {
                "language": "und",
                "handler_name": "VideoHandler"
            }
        }
    ],
    "format": {
        "filename": "/Users/marcoandreose/DEV/lab/melotrail/docs/pictures/video/evidence/VG2-24/breath-outlines-20261002T130040Z/finish/review/tabi-breath-comfy-1080p.mp4",
        "nb_streams": 1,
        "nb_programs": 0,
        "nb_stream_groups": 0,
        "format_name": "mov,mp4,m4a,3gp,3g2,mj2",
        "format_long_name": "QuickTime / MOV",
        "start_time": "0.000000",
        "duration": "3.880000",
        "size": "5524881",
        "bit_rate": "11391507",
        "probe_score": 100,
        "tags": {
            "major_brand": "isom",
            "minor_version": "512",
            "compatible_brands": "isomiso2avc1mp41",
            "prompt": "{\"1\": {\"class_type\": \"LoadVideo\", \"inputs\": {\"file\": \"accepted-motion.mp4\"}}, \"2\": {\"class_type\": \"GetVideoComponents\", \"inputs\": {\"video\": [\"1\", 0]}}, \"3\": {\"class_type\": \"UpscaleModelLoader\", \"inputs\": {\"model_name\": \"RealESRGAN_x2plus.pth\"}}, \"4\": {\"class_type\": \"ImageUpscaleWithModel\", \"inputs\": {\"upscale_model\": [\"3\", 0], \"image\": [\"2\", 0]}}, \"5\": {\"class_type\": \"ImageScale\", \"inputs\": {\"image\": [\"4\", 0], \"upscale_method\": \"lanczos\", \"width\": 1920, \"height\": 1080, \"crop\": \"disabled\"}}, \"15\": {\"class_type\": \"CreateVideo\", \"inputs\": {\"images\": [\"5\", 0], \"fps\": [\"2\", 2], \"bit_depth\": 8, \"color_space\": \"sRGB\"}}, \"16\": {\"class_type\": \"SaveVideo\", \"inputs\": {\"video\": [\"15\", 0], \"filename_prefix\": \"shots/tabi-fullhd-comfy\", \"format\": \"mp4\", \"format.codec\": \"h264\", \"format.codec.encoding\": \"re-encode\", \"format.codec.encoding.crf\": 16.0}}}",
            "encoder": "Lavf62.12.102"
        }
    }
}
OWNED_MEDIA_ELAPSED=PT0.454594S
